2026-08-31 00:00:06.942 [mytransitgps-continuous-collector] WARN  c.m.gtfs.service.RealtimeStaticEnrichmentService - Realtime Static补全存在未匹配项，城市=Kuala Lumpur，feedId=rapid-bus-kl，routeUnresolved=0，tripUnmatched=1，原始Realtime实体继续保留
2026-08-31 00:00:06.943 [mytransitgps-continuous-collector] WARN  c.m.persistence.service.JohorRealtimeQcAnnotator - 检测到Static Trip未匹配，feedId=rapid-bus-kl，snapshotUid=03afebbf-35fa-4d48-879e-257f3c249e93，vehicleId=WUW8434，原始观测继续保存
2026-08-31 00:00:17.678 [scheduling-1] WARN  c.m.m.ciq.collector.CiqTrafficSpeedCollector - CIQ API01 [N09] Raw完整快照已完成，但数据库链未完成，runUid=e4c7040e-b5b1-416b-95f2-7a490658de2c，pages=288，rawRecords=143787，dbErrorCode=DATABASE_WRITE_FAILED，dbErrorMessage=class java.lang.Integer cannot be cast to class java.lang.Short (java.lang.Integer and java.lang.Short are in module java.base of loader 'bootstrap')
2026-08-31 00:00:17.678 [scheduling-1] WARN  c.m.platform.collection.CollectionExecutor - 交通数据采集未成功，module=CIQ，collector=CIQ_TRAFFIC_SPEED，runUid=e4c7040e-b5b1-416b-95f2-7a490658de2c，status=PARTIAL_SUCCESS，errorCode=DATABASE_WRITE_FAILED，message=class java.lang.Integer cannot be cast to class java.lang.Short (java.lang.Integer and java.lang.Short are in module java.base of loader 'bootstrap')
2026-08-31 00:00:28.366 [mytransitgps-continuous-collector] WARN  c.m.gtfs.service.RealtimeStaticEnrichmentService - Realtime Static补全存在未匹配项，城市=Kuala Lumpur，feedId=rapid-bus-mrtfeeder，routeUnresolved=50，tripUnmatched=50，原始Realtime实体继续保留
2026-08-31 00:00:28.366 [mytransitgps-continuous-collector] WARN  c.m.persistence.service.JohorRealtimeQcAnnotator - 检测到Static Route未匹配，feedId=rapid-bus-mrtfeeder，snapshotUid=5687b87d-a8aa-4329-ace8-3821da0e152a，vehicleId=VAC5746，原始观测继续保存
2026-08-31 00:00:28.366 [mytransitgps-continuous-collector] WARN  c.m.persistence.service.JohorRealtimeQcAnnotator - 检测到Static Trip未匹配，feedId=rapid-bus-mrtfeeder，snapshotUid=5687b87d-a8aa-4329-ace8-3821da0e152a，vehicleId=VAC5746，原始观测继续保存
2026-08-31 00:00:28.366 [mytransitgps-continuous-collector] WARN  c.m.persistence.service.JohorRealtimeQcAnnotator - 检测到Static Route未匹配，feedId=rapid-bus-mrtfeeder，snapshotUid=5687b87d-a8aa-4329-ace8-3821da0e152a，vehicleId=VAC9627，原始观测继续保存
2026-08-31 00:00:28.366 [mytransitgps-continuous-collector] WARN  c.m.persistence.service.JohorRealtimeQcAnnotator - 检测到Static Trip未匹配，feedId=rapid-bus-mrtfeeder，snapshotUid=5687b87d-a8aa-4329-ace8-3821da0e152a，vehicleId=VAC9627，原始观测继续保存
2026-08-31 00:00:28.366 [mytransitgps-continuous-collector] WARN  c.m.persistence.service.JohorRealtimeQcAnnotator - 检测到Static Route未匹配，feedId=rapid-bus-mrtfeeder，snapshotUid=5687b87d-a8aa-4329-ace8-3821da0e152a，vehicleId=VAE7196，原始观测继续保存
2026-08-31 00:00:28.366 [mytransitgps-continuous-collector] WARN  c.m.persistence.service.JohorRealtimeQcAnnotator - 检测到Static Trip未匹配，feedId=rapid-bus-mrtfeeder，snapshotUid=5687b87d-a8aa-4329-ace8-3821da0e152a，vehicleId=VAE7196，原始观测继续保存
2026-08-31 00:00:28.366 [mytransitgps-continuous-collector] WARN  c.m.persistence.service.JohorRealtimeQcAnnotator - 检测到Static Route未匹配，feedId=rapid-bus-mrtfeeder，snapshotUid=5687b87d-a8aa-4329-ace8-3821da0e152a，vehicleId=VAF5439，原始观测继续保存
2026-08-31 00:00:28.366 [mytransitgps-continuous-collector] WARN  c.m.persistence.service.JohorRealtimeQcAnnotator - 检测到Static Trip未匹配，feedId=rapid-bus-mrtfeeder，snapshotUid=5687b87d-a8aa-4329-ace8-3821da0e152a，vehicleId=VAF5439，原始观测继续保存
2026-08-31 00:00:28.366 [mytransitgps-continuous-collector] WARN  c.m.persistence.service.JohorRealtimeQcAnnotator - 检测到Static Route未匹配，feedId=rapid-bus-mrtfeeder，snapshotUid=5687b87d-a8aa-4329-ace8-3821da0e152a，vehicleId=VAF5441，原始观测继续保存
2026-08-31 00:00:28.366 [mytransitgps-continuous-collector] WARN  c.m.persistence.service.JohorRealtimeQcAnnotator - 检测到Static Trip未匹配，feedId=rapid-bus-mrtfeeder，snapshotUid=5687b87d-a8aa-4329-ace8-3821da0e152a，vehicleId=VAF5441，原始观测继续保存
2026-08-31 00:00:28.366 [mytransitgps-continuous-collector] WARN  c.m.persistence.service.JohorRealtimeQcAnnotator - 检测到Static Route未匹配，feedId=rapid-bus-mrtfeeder，snapshotUid=5687b87d-a8aa-4329-ace8-3821da0e152a，vehicleId=VAF5451，原始观测继续保存
2026-08-31 00:00:28.366 [mytransitgps-continuous-collector] WARN  c.m.persistence.service.JohorRealtimeQcAnnotator - 检测到Static Trip未匹配，feedId=rapid-bus-mrtfeeder，snapshotUid=5687b87d-a8aa-4329-ace8-3821da0e152a，vehicleId=VAF5451，原始观测继续保存
2026-08-31 00:00:28.366 [mytransitgps-continuous-collector] WARN  c.m.persistence.service.JohorRealtimeQcAnnotator - 检测到Static Route未匹配，feedId=rapid-bus-mrtfeeder，snapshotUid=5687b87d-a8aa-4329-ace8-3821da0e152a，vehicleId=VAF5780，原始观测继续保存
2026-08-31 00:00:28.366 [mytransitgps-continuous-collector] WARN  c.m.persistence.service.JohorRealtimeQcAnnotator - 检测到Static Trip未匹配，feedId=rapid-bus-mrtfeeder，snapshotUid=5687b87d-a8aa-4329-ace8-3821da0e152a，vehicleId=VAF5780，原始观测继续保存
2026-08-31 00:00:28.366 [mytransitgps-continuous-collector] WARN  c.m.persistence.service.JohorRealtimeQcAnnotator - 检测到Static Route未匹配，feedId=rapid-bus-mrtfeeder，snapshotUid=5687b87d-a8aa-4329-ace8-3821da0e152a，vehicleId=VAF6417，原始观测继续保存
2026-08-31 00:00:28.366 [mytransitgps-continuous-collector] WARN  c.m.persistence.service.JohorRealtimeQcAnnotator - 检测到Static Trip未匹配，feedId=rapid-bus-mrtfeeder，snapshotUid=5687b87d-a8aa-4329-ace8-3821da0e152a，vehicleId=VAF6417，原始观测继续保存
2026-08-31 00:00:28.366 [mytransitgps-continuous-collector] WARN  c.m.persistence.service.JohorRealtimeQcAnnotator - 检测到Static Route未匹配，feedId=rapid-bus-mrtfeeder，snapshotUid=5687b87d-a8aa-4329-ace8-3821da0e152a，vehicleId=VAF7134，原始观测继续保存
2026-08-31 00:00:28.366 [mytransitgps-continuous-collector] WARN  c.m.persistence.service.JohorRealtimeQcAnnotator - 检测到Static Trip未匹配，feedId=rapid-bus-mrtfeeder，snapshotUid=5687b87d-a8aa-4329-ace8-3821da0e152a，vehicleId=VAF7134，原始观测继续保存
2026-08-31 00:00:28.366 [mytransitgps-continuous-collector] WARN  c.m.persistence.service.JohorRealtimeQcAnnotator - 检测到Static Route未匹配，feedId=rapid-bus-mrtfeeder，snapshotUid=5687b87d-a8aa-4329-ace8-3821da0e152a，vehicleId=VAG4711，原始观测继续保存
2026-08-31 00:00:28.366 [mytransitgps-continuous-collector] WARN  c.m.persistence.service.JohorRealtimeQcAnnotator - 检测到Static Trip未匹配，feedId=rapid-bus-mrtfeeder，snapshotUid=5687b87d-a8aa-4329-ace8-3821da0e152a，vehicleId=VAG4711，原始观测继续保存
2026-08-31 00:00:28.366 [mytransitgps-continuous-collector] WARN  c.m.persistence.service.JohorRealtimeQcAnnotator - 检测到Static Route未匹配，feedId=rapid-bus-mrtfeeder，snapshotUid=5687b87d-a8aa-4329-ace8-3821da0e152a，vehicleId=VAG4725，原始观测继续保存
2026-08-31 00:00:28.366 [mytransitgps-continuous-collector] WARN  c.m.persistence.service.JohorRealtimeQcAnnotator - 检测到Static Trip未匹配，feedId=rapid-bus-mrtfeeder，snapshotUid=5687b87d-a8aa-4329-ace8-3821da0e152a，vehicleId=VAG4725，原始观测继续保存
2026-08-31 00:00:28.366 [mytransitgps-continuous-collector] WARN  c.m.persistence.service.JohorRealtimeQcAnnotator - 检测到Static Route未匹配，feedId=rapid-bus-mrtfeeder，snapshotUid=5687b87d-a8aa-4329-ace8-3821da0e152a，vehicleId=VAG4750，原始观测继续保存
2026-08-31 00:00:28.366 [mytransitgps-continuous-collector] WARN  c.m.persistence.service.JohorRealtimeQcAnnotator - 检测到Static Trip未匹配，feedId=rapid-bus-mrtfeeder，snapshotUid=5687b87d-a8aa-4329-ace8-3821da0e152a，vehicleId=VAG4750，原始观测继续保存
2026-08-31 00:00:28.366 [mytransitgps-continuous-collector] WARN  c.m.persistence.service.JohorRealtimeQcAnnotator - 检测到Static Route未匹配，feedId=rapid-bus-mrtfeeder，snapshotUid=5687b87d-a8aa-4329-ace8-3821da0e152a，vehicleId=VAG4871，原始观测继续保存
2026-08-31 00:00:28.366 [mytransitgps-continuous-collector] WARN  c.m.persistence.service.JohorRealtimeQcAnnotator - 检测到Static Trip未匹配，feedId=rapid-bus-mrtfeeder，snapshotUid=5687b87d-a8aa-4329-ace8-3821da0e152a，vehicleId=VAG4871，原始观测继续保存
2026-08-31 00:00:28.366 [mytransitgps-continuous-collector] WARN  c.m.persistence.service.JohorRealtimeQcAnnotator - 检测到Static Route未匹配，feedId=rapid-bus-mrtfeeder，snapshotUid=5687b87d-a8aa-4329-ace8-3821da0e152a，vehicleId=VAG4872，原始观测继续保存
2026-08-31 00:00:28.367 [mytransitgps-continuous-collector] WARN  c.m.persistence.service.JohorRealtimeQcAnnotator - 检测到Static Trip未匹配，feedId=rapid-bus-mrtfeeder，snapshotUid=5687b87d-a8aa-4329-ace8-3821da0e152a，vehicleId=VAG4872，原始观测继续保存
2026-08-31 00:00:28.367 [mytransitgps-continuous-collector] WARN  c.m.persistence.service.JohorRealtimeQcAnnotator - 检测到Static Route未匹配，feedId=rapid-bus-mrtfeeder，snapshotUid=5687b87d-a8aa-4329-ace8-3821da0e152a，vehicleId=VAG6349，原始观测继续保存
2026-08-31 00:00:28.367 [mytransitgps-continuous-collector] WARN  c.m.persistence.service.JohorRealtimeQcAnnotator - 检测到Static Trip未匹配，feedId=rapid-bus-mrtfeeder，snapshotUid=5687b87d-a8aa-4329-ace8-3821da0e152a，vehicleId=VAG6349，原始观测继续保存
2026-08-31 00:00:28.367 [mytransitgps-continuous-collector] WARN  c.m.persistence.service.JohorRealtimeQcAnnotator - 检测到Static Route未匹配，feedId=rapid-bus-mrtfeeder，snapshotUid=5687b87d-a8aa-4329-ace8-3821da0e152a，vehicleId=VAG8053，原始观测继续保存
2026-08-31 00:00:28.367 [mytransitgps-continuous-collector] WARN  c.m.persistence.service.JohorRealtimeQcAnnotator - 检测到Static Trip未匹配，feedId=rapid-bus-mrtfeeder，snapshotUid=5687b87d-a8aa-4329-ace8-3821da0e152a，vehicleId=VAG8053，原始观测继续保存
2026-08-31 00:00:28.367 [mytransitgps-continuous-collector] WARN  c.m.persistence.service.JohorRealtimeQcAnnotator - 检测到Static Route未匹配，feedId=rapid-bus-mrtfeeder，snapshotUid=5687b87d-a8aa-4329-ace8-3821da0e152a，vehicleId=VAG8054，原始观测继续保存
2026-08-31 00:00:28.367 [mytransitgps-continuous-collector] WARN  c.m.persistence.service.JohorRealtimeQcAnnotator - 检测到Static Trip未匹配，feedId=rapid-bus-mrtfeeder，snapshotUid=5687b87d-a8aa-4329-ace8-3821da0e152a，vehicleId=VAG8054，原始观测继续保存
2026-08-31 00:00:28.367 [mytransitgps-continuous-collector] WARN  c.m.persistence.service.JohorRealtimeQcAnnotator - 检测到Static Route未匹配，feedId=rapid-bus-mrtfeeder，snapshotUid=5687b87d-a8aa-4329-ace8-3821da0e152a，vehicleId=VAH9045，原始观测继续保存
2026-08-31 00:00:28.367 [mytransitgps-continuous-collector] WARN  c.m.persistence.service.JohorRealtimeQcAnnotator - 检测到Static Trip未匹配，feedId=rapid-bus-mrtfeeder，snapshotUid=5687b87d-a8aa-4329-ace8-3821da0e152a，vehicleId=VAH9045，原始观测继续保存
2026-08-31 00:00:28.367 [mytransitgps-continuous-collector] WARN  c.m.persistence.service.JohorRealtimeQcAnnotator - 检测到Static Route未匹配，feedId=rapid-bus-mrtfeeder，snapshotUid=5687b87d-a8aa-4329-ace8-3821da0e152a，vehicleId=VAJ1481，原始观测继续保存
2026-08-31 00:00:28.367 [mytransitgps-continuous-collector] WARN  c.m.persistence.service.JohorRealtimeQcAnnotator - 检测到Static Trip未匹配，feedId=rapid-bus-mrtfeeder，snapshotUid=5687b87d-a8aa-4329-ace8-3821da0e152a，vehicleId=VAJ1481，原始观测继续保存
2026-08-31 00:00:28.367 [mytransitgps-continuous-collector] WARN  c.m.persistence.service.JohorRealtimeQcAnnotator - 检测到Static Route未匹配，feedId=rapid-bus-mrtfeeder，snapshotUid=5687b87d-a8aa-4329-ace8-3821da0e152a，vehicleId=VAJ1482，原始观测继续保存
2026-08-31 00:00:28.367 [mytransitgps-continuous-collector] WARN  c.m.persistence.service.JohorRealtimeQcAnnotator - 检测到Static Trip未匹配，feedId=rapid-bus-mrtfeeder，snapshotUid=5687b87d-a8aa-4329-ace8-3821da0e152a，vehicleId=VAJ1482，原始观测继续保存
2026-08-31 00:00:28.367 [mytransitgps-continuous-collector] WARN  c.m.persistence.service.JohorRealtimeQcAnnotator - 检测到Static Route未匹配，feedId=rapid-bus-mrtfeeder，snapshotUid=5687b87d-a8aa-4329-ace8-3821da0e152a，vehicleId=VAJ2850，原始观测继续保存
2026-08-31 00:00:28.367 [mytransitgps-continuous-collector] WARN  c.m.persistence.service.JohorRealtimeQcAnnotator - 检测到Static Trip未匹配，feedId=rapid-bus-mrtfeeder，snapshotUid=5687b87d-a8aa-4329-ace8-3821da0e152a，vehicleId=VAJ2850，原始观测继续保存
2026-08-31 00:00:28.367 [mytransitgps-continuous-collector] WARN  c.m.persistence.service.JohorRealtimeQcAnnotator - 检测到Static Route未匹配，feedId=rapid-bus-mrtfeeder，snapshotUid=5687b87d-a8aa-4329-ace8-3821da0e152a，vehicleId=VAJ2857，原始观测继续保存
2026-08-31 00:00:28.367 [mytransitgps-continuous-collector] WARN  c.m.persistence.service.JohorRealtimeQcAnnotator - 检测到Static Trip未匹配，feedId=rapid-bus-mrtfeeder，snapshotUid=5687b87d-a8aa-4329-ace8-3821da0e152a，vehicleId=VAJ2857，原始观测继续保存
2026-08-31 00:00:28.367 [mytransitgps-continuous-collector] WARN  c.m.persistence.service.JohorRealtimeQcAnnotator - 检测到Static Route未匹配，feedId=rapid-bus-mrtfeeder，snapshotUid=5687b87d-a8aa-4329-ace8-3821da0e152a，vehicleId=VAJ2895，原始观测继续保存
2026-08-31 00:00:28.367 [mytransitgps-continuous-collector] WARN  c.m.persistence.service.JohorRealtimeQcAnnotator - 检测到Static Trip未匹配，feedId=rapid-bus-mrtfeeder，snapshotUid=5687b87d-a8aa-4329-ace8-3821da0e152a，vehicleId=VAJ2895，原始观测继续保存
2026-08-31 00:00:28.367 [mytransitgps-continuous-collector] WARN  c.m.persistence.service.JohorRealtimeQcAnnotator - 检测到Static Route未匹配，feedId=rapid-bus-mrtfeeder，snapshotUid=5687b87d-a8aa-4329-ace8-3821da0e152a，vehicleId=VAK1014，原始观测继续保存
2026-08-31 00:00:28.367 [mytransitgps-continuous-collector] WARN  c.m.persistence.service.JohorRealtimeQcAnnotator - 检测到Static Trip未匹配，feedId=rapid-bus-mrtfeeder，snapshotUid=5687b87d-a8aa-4329-ace8-3821da0e152a，vehicleId=VAK1014，原始观测继续保存
2026-08-31 00:00:28.367 [mytransitgps-continuous-collector] WARN  c.m.persistence.service.JohorRealtimeQcAnnotator - 检测到Static Route未匹配，feedId=rapid-bus-mrtfeeder，snapshotUid=5687b87d-a8aa-4329-ace8-3821da0e152a，vehicleId=VAL4552，原始观测继续保存
2026-08-31 00:00:28.367 [mytransitgps-continuous-collector] WARN  c.m.persistence.service.JohorRealtimeQcAnnotator - 检测到Static Trip未匹配，feedId=rapid-bus-mrtfeeder，snapshotUid=5687b87d-a8aa-4329-ace8-3821da0e152a，vehicleId=VAL4552，原始观测继续保存
2026-08-31 00:00:28.367 [mytransitgps-continuous-collector] WARN  c.m.persistence.service.JohorRealtimeQcAnnotator - 检测到Future Timestamp，feedId=rapid-bus-mrtfeeder，snapshotUid=5687b87d-a8aa-4329-ace8-3821da0e152a，vehicleId=VAL4552，vehicleTime=1886017556，原始时间戳继续保存
2026-08-31 00:00:28.367 [mytransitgps-continuous-collector] WARN  c.m.persistence.service.JohorRealtimeQcAnnotator - 检测到Static Route未匹配，feedId=rapid-bus-mrtfeeder，snapshotUid=5687b87d-a8aa-4329-ace8-3821da0e152a，vehicleId=VG6480，原始观测继续保存
2026-08-31 00:00:28.367 [mytransitgps-continuous-collector] WARN  c.m.persistence.service.JohorRealtimeQcAnnotator - 检测到Static Trip未匹配，feedId=rapid-bus-mrtfeeder，snapshotUid=5687b87d-a8aa-4329-ace8-3821da0e152a，vehicleId=VG6480，原始观测继续保存
2026-08-31 00:00:28.367 [mytransitgps-continuous-collector] WARN  c.m.persistence.service.JohorRealtimeQcAnnotator - 检测到Static Route未匹配，feedId=rapid-bus-mrtfeeder，snapshotUid=5687b87d-a8aa-4329-ace8-3821da0e152a，vehicleId=VG8703，原始观测继续保存
2026-08-31 00:00:28.367 [mytransitgps-continuous-collector] WARN  c.m.persistence.service.JohorRealtimeQcAnnotator - 检测到Static Trip未匹配，feedId=rapid-bus-mrtfeeder，snapshotUid=5687b87d-a8aa-4329-ace8-3821da0e152a，vehicleId=VG8703，原始观测继续保存
2026-08-31 00:00:28.367 [mytransitgps-continuous-collector] WARN  c.m.persistence.service.JohorRealtimeQcAnnotator - 检测到Static Route未匹配，feedId=rapid-bus-mrtfeeder，snapshotUid=5687b87d-a8aa-4329-ace8-3821da0e152a，vehicleId=VG8742，原始观测继续保存
2026-08-31 00:00:28.367 [mytransitgps-continuous-collector] WARN  c.m.persistence.service.JohorRealtimeQcAnnotator - 检测到Static Trip未匹配，feedId=rapid-bus-mrtfeeder，snapshotUid=5687b87d-a8aa-4329-ace8-3821da0e152a，vehicleId=VG8742，原始观测继续保存
2026-08-31 00:00:28.367 [mytransitgps-continuous-collector] WARN  c.m.persistence.service.JohorRealtimeQcAnnotator - 检测到Static Route未匹配，feedId=rapid-bus-mrtfeeder，snapshotUid=5687b87d-a8aa-4329-ace8-3821da0e152a，vehicleId=VG8769，原始观测继续保存
2026-08-31 00:00:28.367 [mytransitgps-continuous-collector] WARN  c.m.persistence.service.JohorRealtimeQcAnnotator - 检测到Static Trip未匹配，feedId=rapid-bus-mrtfeeder，snapshotUid=5687b87d-a8aa-4329-ace8-3821da0e152a，vehicleId=VG8769，原始观测继续保存
2026-08-31 00:00:28.367 [mytransitgps-continuous-collector] WARN  c.m.persistence.service.JohorRealtimeQcAnnotator - 检测到Static Route未匹配，feedId=rapid-bus-mrtfeeder，snapshotUid=5687b87d-a8aa-4329-ace8-3821da0e152a，vehicleId=VH1373，原始观测继续保存
2026-08-31 00:00:28.367 [mytransitgps-continuous-collector] WARN  c.m.persistence.service.JohorRealtimeQcAnnotator - 检测到Static Trip未匹配，feedId=rapid-bus-mrtfeeder，snapshotUid=5687b87d-a8aa-4329-ace8-3821da0e152a，vehicleId=VH1373，原始观测继续保存
2026-08-31 00:00:28.367 [mytransitgps-continuous-collector] WARN  c.m.persistence.service.JohorRealtimeQcAnnotator - 检测到Static Route未匹配，feedId=rapid-bus-mrtfeeder，snapshotUid=5687b87d-a8aa-4329-ace8-3821da0e152a，vehicleId=VH2049，原始观测继续保存
2026-08-31 00:00:28.367 [mytransitgps-continuous-collector] WARN  c.m.persistence.service.JohorRealtimeQcAnnotator - 检测到Static Trip未匹配，feedId=rapid-bus-mrtfeeder，snapshotUid=5687b87d-a8aa-4329-ace8-3821da0e152a，vehicleId=VH2049，原始观测继续保存
2026-08-31 00:00:28.367 [mytransitgps-continuous-collector] WARN  c.m.persistence.service.JohorRealtimeQcAnnotator - 检测到Static Route未匹配，feedId=rapid-bus-mrtfeeder，snapshotUid=5687b87d-a8aa-4329-ace8-3821da0e152a，vehicleId=VH2059，原始观测继续保存
2026-08-31 00:00:28.367 [mytransitgps-continuous-collector] WARN  c.m.persistence.service.JohorRealtimeQcAnnotator - 检测到Static Trip未匹配，feedId=rapid-bus-mrtfeeder，snapshotUid=5687b87d-a8aa-4329-ace8-3821da0e152a，vehicleId=VH2059，原始观测继续保存
2026-08-31 00:00:28.367 [mytransitgps-continuous-collector] WARN  c.m.persistence.service.JohorRealtimeQcAnnotator - 检测到Static Route未匹配，feedId=rapid-bus-mrtfeeder，snapshotUid=5687b87d-a8aa-4329-ace8-3821da0e152a，vehicleId=VH2494，原始观测继续保存
2026-08-31 00:00:28.367 [mytransitgps-continuous-collector] WARN  c.m.persistence.service.JohorRealtimeQcAnnotator - 检测到Static Trip未匹配，feedId=rapid-bus-mrtfeeder，snapshotUid=5687b87d-a8aa-4329-ace8-3821da0e152a，vehicleId=VH2494，原始观测继续保存
2026-08-31 00:00:28.367 [mytransitgps-continuous-collector] WARN  c.m.persistence.service.JohorRealtimeQcAnnotator - 检测到Static Route未匹配，feedId=rapid-bus-mrtfeeder，snapshotUid=5687b87d-a8aa-4329-ace8-3821da0e152a，vehicleId=VH2499，原始观测继续保存
2026-08-31 00:00:28.367 [mytransitgps-continuous-collector] WARN  c.m.persistence.service.JohorRealtimeQcAnnotator - 检测到Static Trip未匹配，feedId=rapid-bus-mrtfeeder，snapshotUid=5687b87d-a8aa-4329-ace8-3821da0e152a，vehicleId=VH2499，原始观测继续保存
2026-08-31 00:00:28.367 [mytransitgps-continuous-collector] WARN  c.m.persistence.service.JohorRealtimeQcAnnotator - 检测到Static Route未匹配，feedId=rapid-bus-mrtfeeder，snapshotUid=5687b87d-a8aa-4329-ace8-3821da0e152a，vehicleId=VH2540，原始观测继续保存
2026-08-31 00:00:28.368 [mytransitgps-continuous-collector] WARN  c.m.persistence.service.JohorRealtimeQcAnnotator - 检测到Static Trip未匹配，feedId=rapid-bus-mrtfeeder，snapshotUid=5687b87d-a8aa-4329-ace8-3821da0e152a，vehicleId=VH2540，原始观测继续保存
2026-08-31 00:00:28.368 [mytransitgps-continuous-collector] WARN  c.m.persistence.service.JohorRealtimeQcAnnotator - 检测到Static Route未匹配，feedId=rapid-bus-mrtfeeder，snapshotUid=5687b87d-a8aa-4329-ace8-3821da0e152a，vehicleId=VH3593，原始观测继续保存
2026-08-31 00:00:28.368 [mytransitgps-continuous-collector] WARN  c.m.persistence.service.JohorRealtimeQcAnnotator - 检测到Static Trip未匹配，feedId=rapid-bus-mrtfeeder，snapshotUid=5687b87d-a8aa-4329-ace8-3821da0e152a，vehicleId=VH3593，原始观测继续保存
2026-08-31 00:00:28.368 [mytransitgps-continuous-collector] WARN  c.m.persistence.service.JohorRealtimeQcAnnotator - 检测到Static Route未匹配，feedId=rapid-bus-mrtfeeder，snapshotUid=5687b87d-a8aa-4329-ace8-3821da0e152a，vehicleId=VH4037，原始观测继续保存
2026-08-31 00:00:28.368 [mytransitgps-continuous-collector] WARN  c.m.persistence.service.JohorRealtimeQcAnnotator - 检测到Static Trip未匹配，feedId=rapid-bus-mrtfeeder，snapshotUid=5687b87d-a8aa-4329-ace8-3821da0e152a，vehicleId=VH4037，原始观测继续保存
2026-08-31 00:00:28.368 [mytransitgps-continuous-collector] WARN  c.m.persistence.service.JohorRealtimeQcAnnotator - 检测到Static Route未匹配，feedId=rapid-bus-mrtfeeder，snapshotUid=5687b87d-a8aa-4329-ace8-3821da0e152a，vehicleId=VH4069，原始观测继续保存
2026-08-31 00:00:28.368 [mytransitgps-continuous-collector] WARN  c.m.persistence.service.JohorRealtimeQcAnnotator - 检测到Static Trip未匹配，feedId=rapid-bus-mrtfeeder，snapshotUid=5687b87d-a8aa-4329-ace8-3821da0e152a，vehicleId=VH4069，原始观测继续保存
2026-08-31 00:00:28.368 [mytransitgps-continuous-collector] WARN  c.m.persistence.service.JohorRealtimeQcAnnotator - 检测到Static Route未匹配，feedId=rapid-bus-mrtfeeder，snapshotUid=5687b87d-a8aa-4329-ace8-3821da0e152a，vehicleId=VH4221，原始观测继续保存
2026-08-31 00:00:28.368 [mytransitgps-continuous-collector] WARN  c.m.persistence.service.JohorRealtimeQcAnnotator - 检测到Static Trip未匹配，feedId=rapid-bus-mrtfeeder，snapshotUid=5687b87d-a8aa-4329-ace8-3821da0e152a，vehicleId=VH4221，原始观测继续保存
2026-08-31 00:00:28.368 [mytransitgps-continuous-collector] WARN  c.m.persistence.service.JohorRealtimeQcAnnotator - 检测到Static Route未匹配，feedId=rapid-bus-mrtfeeder，snapshotUid=5687b87d-a8aa-4329-ace8-3821da0e152a，vehicleId=VH4268，原始观测继续保存
2026-08-31 00:00:28.368 [mytransitgps-continuous-collector] WARN  c.m.persistence.service.JohorRealtimeQcAnnotator - 检测到Static Trip未匹配，feedId=rapid-bus-mrtfeeder，snapshotUid=5687b87d-a8aa-4329-ace8-3821da0e152a，vehicleId=VH4268，原始观测继续保存
2026-08-31 00:00:28.368 [mytransitgps-continuous-collector] WARN  c.m.persistence.service.JohorRealtimeQcAnnotator - 检测到Static Route未匹配，feedId=rapid-bus-mrtfeeder，snapshotUid=5687b87d-a8aa-4329-ace8-3821da0e152a，vehicleId=VH4307，原始观测继续保存
2026-08-31 00:00:28.368 [mytransitgps-continuous-collector] WARN  c.m.persistence.service.JohorRealtimeQcAnnotator - 检测到Static Trip未匹配，feedId=rapid-bus-mrtfeeder，snapshotUid=5687b87d-a8aa-4329-ace8-3821da0e152a，vehicleId=VH4307，原始观测继续保存
2026-08-31 00:00:28.368 [mytransitgps-continuous-collector] WARN  c.m.persistence.service.JohorRealtimeQcAnnotator - 检测到Static Route未匹配，feedId=rapid-bus-mrtfeeder，snapshotUid=5687b87d-a8aa-4329-ace8-3821da0e152a，vehicleId=VH4577，原始观测继续保存
2026-08-31 00:00:28.368 [mytransitgps-continuous-collector] WARN  c.m.persistence.service.JohorRealtimeQcAnnotator - 检测到Static Trip未匹配，feedId=rapid-bus-mrtfeeder，snapshotUid=5687b87d-a8aa-4329-ace8-3821da0e152a，vehicleId=VH4577，原始观测继续保存
2026-08-31 00:00:28.368 [mytransitgps-continuous-collector] WARN  c.m.persistence.service.JohorRealtimeQcAnnotator - 检测到车辆位置异常，feedId=rapid-bus-mrtfeeder，snapshotUid=5687b87d-a8aa-4329-ace8-3821da0e152a，vehicleId=VH4577，status=ZERO_ZERO_POSITION，原始经纬度继续保存
2026-08-31 00:00:28.368 [mytransitgps-continuous-collector] WARN  c.m.persistence.service.JohorRealtimeQcAnnotator - 检测到Static Route未匹配，feedId=rapid-bus-mrtfeeder，snapshotUid=5687b87d-a8aa-4329-ace8-3821da0e152a，vehicleId=VH4604，原始观测继续保存
2026-08-31 00:00:28.368 [mytransitgps-continuous-collector] WARN  c.m.persistence.service.JohorRealtimeQcAnnotator - 检测到Static Trip未匹配，feedId=rapid-bus-mrtfeeder，snapshotUid=5687b87d-a8aa-4329-ace8-3821da0e152a，vehicleId=VH4604，原始观测继续保存
2026-08-31 00:00:28.368 [mytransitgps-continuous-collector] WARN  c.m.persistence.service.JohorRealtimeQcAnnotator - 检测到Static Route未匹配，feedId=rapid-bus-mrtfeeder，snapshotUid=5687b87d-a8aa-4329-ace8-3821da0e152a，vehicleId=VH4683，原始观测继续保存
2026-08-31 00:00:28.368 [mytransitgps-continuous-collector] WARN  c.m.persistence.service.JohorRealtimeQcAnnotator - 检测到Static Trip未匹配，feedId=rapid-bus-mrtfeeder，snapshotUid=5687b87d-a8aa-4329-ace8-3821da0e152a，vehicleId=VH4683，原始观测继续保存
2026-08-31 00:00:28.368 [mytransitgps-continuous-collector] WARN  c.m.persistence.service.JohorRealtimeQcAnnotator - 检测到Static Route未匹配，feedId=rapid-bus-mrtfeeder，snapshotUid=5687b87d-a8aa-4329-ace8-3821da0e152a，vehicleId=VK2684，原始观测继续保存
2026-08-31 00:00:28.368 [mytransitgps-continuous-collector] WARN  c.m.persistence.service.JohorRealtimeQcAnnotator - 检测到Static Trip未匹配，feedId=rapid-bus-mrtfeeder，snapshotUid=5687b87d-a8aa-4329-ace8-3821da0e152a，vehicleId=VK2684，原始观测继续保存
2026-08-31 00:00:28.369 [mytransitgps-continuous-collector] WARN  c.m.persistence.service.JohorRealtimeQcAnnotator - 检测到Static Route未匹配，feedId=rapid-bus-mrtfeeder，snapshotUid=5687b87d-a8aa-4329-ace8-3821da0e152a，vehicleId=VK2913，原始观测继续保存
2026-08-31 00:00:28.369 [mytransitgps-continuous-collector] WARN  c.m.persistence.service.JohorRealtimeQcAnnotator - 检测到Static Trip未匹配，feedId=rapid-bus-mrtfeeder，snapshotUid=5687b87d-a8aa-4329-ace8-3821da0e152a，vehicleId=VK2913，原始观测继续保存
2026-08-31 00:00:28.369 [mytransitgps-continuous-collector] WARN  c.m.persistence.service.JohorRealtimeQcAnnotator - 检测到Static Route未匹配，feedId=rapid-bus-mrtfeeder，snapshotUid=5687b87d-a8aa-4329-ace8-3821da0e152a，vehicleId=VK6475，原始观测继续保存
2026-08-31 00:00:28.369 [mytransitgps-continuous-collector] WARN  c.m.persistence.service.JohorRealtimeQcAnnotator - 检测到Static Trip未匹配，feedId=rapid-bus-mrtfeeder，snapshotUid=5687b87d-a8aa-4329-ace8-3821da0e152a，vehicleId=VK6475，原始观测继续保存
2026-08-31 00:00:28.369 [mytransitgps-continuous-collector] WARN  c.m.persistence.service.JohorRealtimeQcAnnotator - 检测到Static Route未匹配，feedId=rapid-bus-mrtfeeder，snapshotUid=5687b87d-a8aa-4329-ace8-3821da0e152a，vehicleId=VM1879，原始观测继续保存
2026-08-31 00:00:28.369 [mytransitgps-continuous-collector] WARN  c.m.persistence.service.JohorRealtimeQcAnnotator - 检测到Static Trip未匹配，feedId=rapid-bus-mrtfeeder，snapshotUid=5687b87d-a8aa-4329-ace8-3821da0e152a，vehicleId=VM1879，原始观测继续保存
2026-08-31 00:00:28.369 [mytransitgps-continuous-collector] WARN  c.m.persistence.service.JohorRealtimeQcAnnotator - 检测到Static Route未匹配，feedId=rapid-bus-mrtfeeder，snapshotUid=5687b87d-a8aa-4329-ace8-3821da0e152a，vehicleId=VX2890，原始观测继续保存
2026-08-31 00:00:28.369 [mytransitgps-continuous-collector] WARN  c.m.persistence.service.JohorRealtimeQcAnnotator - 检测到Static Trip未匹配，feedId=rapid-bus-mrtfeeder，snapshotUid=5687b87d-a8aa-4329-ace8-3821da0e152a，vehicleId=VX2890，原始观测继续保存
2026-08-31 00:00:28.369 [mytransitgps-continuous-collector] WARN  c.m.persistence.service.JohorRealtimeQcAnnotator - 检测到Static Route未匹配，feedId=rapid-bus-mrtfeeder，snapshotUid=5687b87d-a8aa-4329-ace8-3821da0e152a，vehicleId=VX3035，原始观测继续保存
2026-08-31 00:00:28.369 [mytransitgps-continuous-collector] WARN  c.m.persistence.service.JohorRealtimeQcAnnotator - 检测到Static Trip未匹配，feedId=rapid-bus-mrtfeeder，snapshotUid=5687b87d-a8aa-4329-ace8-3821da0e152a，vehicleId=VX3035，原始观测继续保存
2026-08-31 00:01:16.308 [mytransitgps-continuous-collector] WARN  c.m.persistence.service.JohorRealtimeQcAnnotator - 检测到GPS速度异常，feedId=mybas-johor，snapshotUid=02c3c744-57d1-4283-94db-4511c835cb4d，vehicleId=JWK985，status=SUSPICIOUS_SPEED，derivedSpeedKmh=124.1686579892299，原始观测继续保存
2026-08-31 00:01:40.307 [mytransitgps-continuous-collector] WARN  c.m.gtfs.service.RealtimeStaticEnrichmentService - Realtime Static补全存在未匹配项，城市=Kuching，feedId=mybas-kuching，routeUnresolved=1，tripUnmatched=1，原始Realtime实体继续保留
2026-08-31 00:01:40.307 [mytransitgps-continuous-collector] WARN  c.m.persistence.service.JohorRealtimeQcAnnotator - 检测到Static Route未匹配，feedId=mybas-kuching，snapshotUid=257def58-fb6d-4dfc-8cdd-b3ed4cf375b3，vehicleId=MADANI2160，原始观测继续保存
2026-08-31 00:01:40.307 [mytransitgps-continuous-collector] WARN  c.m.persistence.service.JohorRealtimeQcAnnotator - 检测到Static Trip未匹配，feedId=mybas-kuching，snapshotUid=257def58-fb6d-4dfc-8cdd-b3ed4cf375b3，vehicleId=MADANI2160，原始观测继续保存
2026-08-31 00:02:28.339 [mytransitgps-continuous-collector] WARN  c.m.gtfs.service.RealtimeStaticEnrichmentService - Realtime Static补全存在未匹配项，城市=Kuala Lumpur，feedId=rapid-bus-mrtfeeder，routeUnresolved=50，tripUnmatched=50，原始Realtime实体继续保留
2026-08-31 00:02:28.340 [mytransitgps-continuous-collector] WARN  c.m.persistence.service.JohorRealtimeQcAnnotator - 检测到Static Route未匹配，feedId=rapid-bus-mrtfeeder，snapshotUid=2d30d796-900d-4c29-b50d-c3067306c564，vehicleId=VAC5746，原始观测继续保存
2026-08-31 00:02:28.340 [mytransitgps-continuous-collector] WARN  c.m.persistence.service.JohorRealtimeQcAnnotator - 检测到Static Trip未匹配，feedId=rapid-bus-mrtfeeder，snapshotUid=2d30d796-900d-4c29-b50d-c3067306c564，vehicleId=VAC5746，原始观测继续保存
2026-08-31 00:02:28.340 [mytransitgps-continuous-collector] WARN  c.m.persistence.service.JohorRealtimeQcAnnotator - 检测到Static Route未匹配，feedId=rapid-bus-mrtfeeder，snapshotUid=2d30d796-900d-4c29-b50d-c3067306c564，vehicleId=VAC9627，原始观测继续保存
2026-08-31 00:02:28.340 [mytransitgps-continuous-collector] WARN  c.m.persistence.service.JohorRealtimeQcAnnotator - 检测到Static Trip未匹配，feedId=rapid-bus-mrtfeeder，snapshotUid=2d30d796-900d-4c29-b50d-c3067306c564，vehicleId=VAC9627，原始观测继续保存
2026-08-31 00:02:28.340 [mytransitgps-continuous-collector] WARN  c.m.persistence.service.JohorRealtimeQcAnnotator - 检测到Static Route未匹配，feedId=rapid-bus-mrtfeeder，snapshotUid=2d30d796-900d-4c29-b50d-c3067306c564，vehicleId=VAE7196，原始观测继续保存
2026-08-31 00:02:28.340 [mytransitgps-continuous-collector] WARN  c.m.persistence.service.JohorRealtimeQcAnnotator - 检测到Static Trip未匹配，feedId=rapid-bus-mrtfeeder，snapshotUid=2d30d796-900d-4c29-b50d-c3067306c564，vehicleId=VAE7196，原始观测继续保存
2026-08-31 00:02:28.340 [mytransitgps-continuous-collector] WARN  c.m.persistence.service.JohorRealtimeQcAnnotator - 检测到Static Route未匹配，feedId=rapid-bus-mrtfeeder，snapshotUid=2d30d796-900d-4c29-b50d-c3067306c564，vehicleId=VAF5439，原始观测继续保存
2026-08-31 00:02:28.340 [mytransitgps-continuous-collector] WARN  c.m.persistence.service.JohorRealtimeQcAnnotator - 检测到Static Trip未匹配，feedId=rapid-bus-mrtfeeder，snapshotUid=2d30d796-900d-4c29-b50d-c3067306c564，vehicleId=VAF5439，原始观测继续保存
2026-08-31 00:02:28.340 [mytransitgps-continuous-collector] WARN  c.m.persistence.service.JohorRealtimeQcAnnotator - 检测到Static Route未匹配，feedId=rapid-bus-mrtfeeder，snapshotUid=2d30d796-900d-4c29-b50d-c3067306c564，vehicleId=VAF5441，原始观测继续保存
2026-08-31 00:02:28.340 [mytransitgps-continuous-collector] WARN  c.m.persistence.service.JohorRealtimeQcAnnotator - 检测到Static Trip未匹配，feedId=rapid-bus-mrtfeeder，snapshotUid=2d30d796-900d-4c29-b50d-c3067306c564，vehicleId=VAF5441，原始观测继续保存
2026-08-31 00:02:28.340 [mytransitgps-continuous-collector] WARN  c.m.persistence.service.JohorRealtimeQcAnnotator - 检测到Static Route未匹配，feedId=rapid-bus-mrtfeeder，snapshotUid=2d30d796-900d-4c29-b50d-c3067306c564，vehicleId=VAF5451，原始观测继续保存
2026-08-31 00:02:28.340 [mytransitgps-continuous-collector] WARN  c.m.persistence.service.JohorRealtimeQcAnnotator - 检测到Static Trip未匹配，feedId=rapid-bus-mrtfeeder，snapshotUid=2d30d796-900d-4c29-b50d-c3067306c564，vehicleId=VAF5451，原始观测继续保存
2026-08-31 00:02:28.340 [mytransitgps-continuous-collector] WARN  c.m.persistence.service.JohorRealtimeQcAnnotator - 检测到Static Route未匹配，feedId=rapid-bus-mrtfeeder，snapshotUid=2d30d796-900d-4c29-b50d-c3067306c564，vehicleId=VAF5766，原始观测继续保存
2026-08-31 00:02:28.340 [mytransitgps-continuous-collector] WARN  c.m.persistence.service.JohorRealtimeQcAnnotator - 检测到Static Trip未匹配，feedId=rapid-bus-mrtfeeder，snapshotUid=2d30d796-900d-4c29-b50d-c3067306c564，vehicleId=VAF5766，原始观测继续保存
2026-08-31 00:02:28.340 [mytransitgps-continuous-collector] WARN  c.m.persistence.service.JohorRealtimeQcAnnotator - 检测到Static Route未匹配，feedId=rapid-bus-mrtfeeder，snapshotUid=2d30d796-900d-4c29-b50d-c3067306c564，vehicleId=VAF5780，原始观测继续保存
2026-08-31 00:02:28.340 [mytransitgps-continuous-collector] WARN  c.m.persistence.service.JohorRealtimeQcAnnotator - 检测到Static Trip未匹配，feedId=rapid-bus-mrtfeeder，snapshotUid=2d30d796-900d-4c29-b50d-c3067306c564，vehicleId=VAF5780，原始观测继续保存
2026-08-31 00:02:28.340 [mytransitgps-continuous-collector] WARN  c.m.persistence.service.JohorRealtimeQcAnnotator - 检测到Static Route未匹配，feedId=rapid-bus-mrtfeeder，snapshotUid=2d30d796-900d-4c29-b50d-c3067306c564，vehicleId=VAF6417，原始观测继续保存
2026-08-31 00:02:28.340 [mytransitgps-continuous-collector] WARN  c.m.persistence.service.JohorRealtimeQcAnnotator - 检测到Static Trip未匹配，feedId=rapid-bus-mrtfeeder，snapshotUid=2d30d796-900d-4c29-b50d-c3067306c564，vehicleId=VAF6417，原始观测继续保存
2026-08-31 00:02:28.340 [mytransitgps-continuous-collector] WARN  c.m.persistence.service.JohorRealtimeQcAnnotator - 检测到Static Route未匹配，feedId=rapid-bus-mrtfeeder，snapshotUid=2d30d796-900d-4c29-b50d-c3067306c564，vehicleId=VAG4711，原始观测继续保存
2026-08-31 00:02:28.340 [mytransitgps-continuous-collector] WARN  c.m.persistence.service.JohorRealtimeQcAnnotator - 检测到Static Trip未匹配，feedId=rapid-bus-mrtfeeder，snapshotUid=2d30d796-900d-4c29-b50d-c3067306c564，vehicleId=VAG4711，原始观测继续保存
2026-08-31 00:02:28.340 [mytransitgps-continuous-collector] WARN  c.m.persistence.service.JohorRealtimeQcAnnotator - 检测到Static Route未匹配，feedId=rapid-bus-mrtfeeder，snapshotUid=2d30d796-900d-4c29-b50d-c3067306c564，vehicleId=VAG4725，原始观测继续保存
2026-08-31 00:02:28.340 [mytransitgps-continuous-collector] WARN  c.m.persistence.service.JohorRealtimeQcAnnotator - 检测到Static Trip未匹配，feedId=rapid-bus-mrtfeeder，snapshotUid=2d30d796-900d-4c29-b50d-c3067306c564，vehicleId=VAG4725，原始观测继续保存
2026-08-31 00:02:28.340 [mytransitgps-continuous-collector] WARN  c.m.persistence.service.JohorRealtimeQcAnnotator - 检测到Static Route未匹配，feedId=rapid-bus-mrtfeeder，snapshotUid=2d30d796-900d-4c29-b50d-c3067306c564，vehicleId=VAG4750，原始观测继续保存
2026-08-31 00:02:28.340 [mytransitgps-continuous-collector] WARN  c.m.persistence.service.JohorRealtimeQcAnnotator - 检测到Static Trip未匹配，feedId=rapid-bus-mrtfeeder，snapshotUid=2d30d796-900d-4c29-b50d-c3067306c564，vehicleId=VAG4750，原始观测继续保存
2026-08-31 00:02:28.340 [mytransitgps-continuous-collector] WARN  c.m.persistence.service.JohorRealtimeQcAnnotator - 检测到Static Route未匹配，feedId=rapid-bus-mrtfeeder，snapshotUid=2d30d796-900d-4c29-b50d-c3067306c564，vehicleId=VAG4871，原始观测继续保存
2026-08-31 00:02:28.340 [mytransitgps-continuous-collector] WARN  c.m.persistence.service.JohorRealtimeQcAnnotator - 检测到Static Trip未匹配，feedId=rapid-bus-mrtfeeder，snapshotUid=2d30d796-900d-4c29-b50d-c3067306c564，vehicleId=VAG4871，原始观测继续保存
2026-08-31 00:02:28.340 [mytransitgps-continuous-collector] WARN  c.m.persistence.service.JohorRealtimeQcAnnotator - 检测到Static Route未匹配，feedId=rapid-bus-mrtfeeder，snapshotUid=2d30d796-900d-4c29-b50d-c3067306c564，vehicleId=VAG4872，原始观测继续保存
2026-08-31 00:02:28.340 [mytransitgps-continuous-collector] WARN  c.m.persistence.service.JohorRealtimeQcAnnotator - 检测到Static Trip未匹配，feedId=rapid-bus-mrtfeeder，snapshotUid=2d30d796-900d-4c29-b50d-c3067306c564，vehicleId=VAG4872，原始观测继续保存
2026-08-31 00:02:28.340 [mytransitgps-continuous-collector] WARN  c.m.persistence.service.JohorRealtimeQcAnnotator - 检测到Static Route未匹配，feedId=rapid-bus-mrtfeeder，snapshotUid=2d30d796-900d-4c29-b50d-c3067306c564，vehicleId=VAG6349，原始观测继续保存
2026-08-31 00:02:28.340 [mytransitgps-continuous-collector] WARN  c.m.persistence.service.JohorRealtimeQcAnnotator - 检测到Static Trip未匹配，feedId=rapid-bus-mrtfeeder，snapshotUid=2d30d796-900d-4c29-b50d-c3067306c564，vehicleId=VAG6349，原始观测继续保存
2026-08-31 00:02:28.340 [mytransitgps-continuous-collector] WARN  c.m.persistence.service.JohorRealtimeQcAnnotator - 检测到Static Route未匹配，feedId=rapid-bus-mrtfeeder，snapshotUid=2d30d796-900d-4c29-b50d-c3067306c564，vehicleId=VAG8053，原始观测继续保存
2026-08-31 00:02:28.340 [mytransitgps-continuous-collector] WARN  c.m.persistence.service.JohorRealtimeQcAnnotator - 检测到Static Trip未匹配，feedId=rapid-bus-mrtfeeder，snapshotUid=2d30d796-900d-4c29-b50d-c3067306c564，vehicleId=VAG8053，原始观测继续保存
2026-08-31 00:02:28.340 [mytransitgps-continuous-collector] WARN  c.m.persistence.service.JohorRealtimeQcAnnotator - 检测到Static Route未匹配，feedId=rapid-bus-mrtfeeder，snapshotUid=2d30d796-900d-4c29-b50d-c3067306c564，vehicleId=VAG8054，原始观测继续保存
2026-08-31 00:02:28.340 [mytransitgps-continuous-collector] WARN  c.m.persistence.service.JohorRealtimeQcAnnotator - 检测到Static Trip未匹配，feedId=rapid-bus-mrtfeeder，snapshotUid=2d30d796-900d-4c29-b50d-c3067306c564，vehicleId=VAG8054，原始观测继续保存
2026-08-31 00:02:28.340 [mytransitgps-continuous-collector] WARN  c.m.persistence.service.JohorRealtimeQcAnnotator - 检测到Static Route未匹配，feedId=rapid-bus-mrtfeeder，snapshotUid=2d30d796-900d-4c29-b50d-c3067306c564，vehicleId=VAH9043，原始观测继续保存
2026-08-31 00:02:28.340 [mytransitgps-continuous-collector] WARN  c.m.persistence.service.JohorRealtimeQcAnnotator - 检测到Static Trip未匹配，feedId=rapid-bus-mrtfeeder，snapshotUid=2d30d796-900d-4c29-b50d-c3067306c564，vehicleId=VAH9043，原始观测继续保存
2026-08-31 00:02:28.340 [mytransitgps-continuous-collector] WARN  c.m.persistence.service.JohorRealtimeQcAnnotator - 检测到Static Route未匹配，feedId=rapid-bus-mrtfeeder，snapshotUid=2d30d796-900d-4c29-b50d-c3067306c564，vehicleId=VAH9045，原始观测继续保存
2026-08-31 00:02:28.340 [mytransitgps-continuous-collector] WARN  c.m.persistence.service.JohorRealtimeQcAnnotator - 检测到Static Trip未匹配，feedId=rapid-bus-mrtfeeder，snapshotUid=2d30d796-900d-4c29-b50d-c3067306c564，vehicleId=VAH9045，原始观测继续保存
2026-08-31 00:02:28.340 [mytransitgps-continuous-collector] WARN  c.m.persistence.service.JohorRealtimeQcAnnotator - 检测到Static Route未匹配，feedId=rapid-bus-mrtfeeder，snapshotUid=2d30d796-900d-4c29-b50d-c3067306c564，vehicleId=VAJ1481，原始观测继续保存
2026-08-31 00:02:28.341 [mytransitgps-continuous-collector] WARN  c.m.persistence.service.JohorRealtimeQcAnnotator - 检测到Static Trip未匹配，feedId=rapid-bus-mrtfeeder，snapshotUid=2d30d796-900d-4c29-b50d-c3067306c564，vehicleId=VAJ1481，原始观测继续保存
2026-08-31 00:02:28.341 [mytransitgps-continuous-collector] WARN  c.m.persistence.service.JohorRealtimeQcAnnotator - 检测到Static Route未匹配，feedId=rapid-bus-mrtfeeder，snapshotUid=2d30d796-900d-4c29-b50d-c3067306c564，vehicleId=VAJ1482，原始观测继续保存
2026-08-31 00:02:28.341 [mytransitgps-continuous-collector] WARN  c.m.persistence.service.JohorRealtimeQcAnnotator - 检测到Static Trip未匹配，feedId=rapid-bus-mrtfeeder，snapshotUid=2d30d796-900d-4c29-b50d-c3067306c564，vehicleId=VAJ1482，原始观测继续保存
2026-08-31 00:02:28.341 [mytransitgps-continuous-collector] WARN  c.m.persistence.service.JohorRealtimeQcAnnotator - 检测到Static Route未匹配，feedId=rapid-bus-mrtfeeder，snapshotUid=2d30d796-900d-4c29-b50d-c3067306c564，vehicleId=VAJ2850，原始观测继续保存
2026-08-31 00:02:28.341 [mytransitgps-continuous-collector] WARN  c.m.persistence.service.JohorRealtimeQcAnnotator - 检测到Static Trip未匹配，feedId=rapid-bus-mrtfeeder，snapshotUid=2d30d796-900d-4c29-b50d-c3067306c564，vehicleId=VAJ2850，原始观测继续保存
2026-08-31 00:02:28.341 [mytransitgps-continuous-collector] WARN  c.m.persistence.service.JohorRealtimeQcAnnotator - 检测到Static Route未匹配，feedId=rapid-bus-mrtfeeder，snapshotUid=2d30d796-900d-4c29-b50d-c3067306c564，vehicleId=VAJ2895，原始观测继续保存
2026-08-31 00:02:28.341 [mytransitgps-continuous-collector] WARN  c.m.persistence.service.JohorRealtimeQcAnnotator - 检测到Static Trip未匹配，feedId=rapid-bus-mrtfeeder，snapshotUid=2d30d796-900d-4c29-b50d-c3067306c564，vehicleId=VAJ2895，原始观测继续保存
2026-08-31 00:02:28.341 [mytransitgps-continuous-collector] WARN  c.m.persistence.service.JohorRealtimeQcAnnotator - 检测到Static Route未匹配，feedId=rapid-bus-mrtfeeder，snapshotUid=2d30d796-900d-4c29-b50d-c3067306c564，vehicleId=VAK1014，原始观测继续保存
2026-08-31 00:02:28.341 [mytransitgps-continuous-collector] WARN  c.m.persistence.service.JohorRealtimeQcAnnotator - 检测到Static Trip未匹配，feedId=rapid-bus-mrtfeeder，snapshotUid=2d30d796-900d-4c29-b50d-c3067306c564，vehicleId=VAK1014，原始观测继续保存
2026-08-31 00:02:28.341 [mytransitgps-continuous-collector] WARN  c.m.persistence.service.JohorRealtimeQcAnnotator - 检测到Static Route未匹配，feedId=rapid-bus-mrtfeeder，snapshotUid=2d30d796-900d-4c29-b50d-c3067306c564，vehicleId=VAL4552，原始观测继续保存
2026-08-31 00:02:28.341 [mytransitgps-continuous-collector] WARN  c.m.persistence.service.JohorRealtimeQcAnnotator - 检测到Static Trip未匹配，feedId=rapid-bus-mrtfeeder，snapshotUid=2d30d796-900d-4c29-b50d-c3067306c564，vehicleId=VAL4552，原始观测继续保存
2026-08-31 00:02:28.341 [mytransitgps-continuous-collector] WARN  c.m.persistence.service.JohorRealtimeQcAnnotator - 检测到Future Timestamp，feedId=rapid-bus-mrtfeeder，snapshotUid=2d30d796-900d-4c29-b50d-c3067306c564，vehicleId=VAL4552，vehicleTime=1886017556，原始时间戳继续保存
2026-08-31 00:02:28.341 [mytransitgps-continuous-collector] WARN  c.m.persistence.service.JohorRealtimeQcAnnotator - 检测到Static Route未匹配，feedId=rapid-bus-mrtfeeder，snapshotUid=2d30d796-900d-4c29-b50d-c3067306c564，vehicleId=VG6480，原始观测继续保存
2026-08-31 00:02:28.341 [mytransitgps-continuous-collector] WARN  c.m.persistence.service.JohorRealtimeQcAnnotator - 检测到Static Trip未匹配，feedId=rapid-bus-mrtfeeder，snapshotUid=2d30d796-900d-4c29-b50d-c3067306c564，vehicleId=VG6480，原始观测继续保存
2026-08-31 00:02:28.341 [mytransitgps-continuous-collector] WARN  c.m.persistence.service.JohorRealtimeQcAnnotator - 检测到Static Route未匹配，feedId=rapid-bus-mrtfeeder，snapshotUid=2d30d796-900d-4c29-b50d-c3067306c564，vehicleId=VG6514，原始观测继续保存
2026-08-31 00:02:28.341 [mytransitgps-continuous-collector] WARN  c.m.persistence.service.JohorRealtimeQcAnnotator - 检测到Static Trip未匹配，feedId=rapid-bus-mrtfeeder，snapshotUid=2d30d796-900d-4c29-b50d-c3067306c564，vehicleId=VG6514，原始观测继续保存
2026-08-31 00:02:28.341 [mytransitgps-continuous-collector] WARN  c.m.persistence.service.JohorRealtimeQcAnnotator - 检测到Static Route未匹配，feedId=rapid-bus-mrtfeeder，snapshotUid=2d30d796-900d-4c29-b50d-c3067306c564，vehicleId=VG8703，原始观测继续保存
2026-08-31 00:02:28.341 [mytransitgps-continuous-collector] WARN  c.m.persistence.service.JohorRealtimeQcAnnotator - 检测到Static Trip未匹配，feedId=rapid-bus-mrtfeeder，snapshotUid=2d30d796-900d-4c29-b50d-c3067306c564，vehicleId=VG8703，原始观测继续保存
2026-08-31 00:02:28.341 [mytransitgps-continuous-collector] WARN  c.m.persistence.service.JohorRealtimeQcAnnotator - 检测到Static Route未匹配，feedId=rapid-bus-mrtfeeder，snapshotUid=2d30d796-900d-4c29-b50d-c3067306c564，vehicleId=VG8769，原始观测继续保存
2026-08-31 00:02:28.341 [mytransitgps-continuous-collector] WARN  c.m.persistence.service.JohorRealtimeQcAnnotator - 检测到Static Trip未匹配，feedId=rapid-bus-mrtfeeder，snapshotUid=2d30d796-900d-4c29-b50d-c3067306c564，vehicleId=VG8769，原始观测继续保存
2026-08-31 00:02:28.341 [mytransitgps-continuous-collector] WARN  c.m.persistence.service.JohorRealtimeQcAnnotator - 检测到Static Route未匹配，feedId=rapid-bus-mrtfeeder，snapshotUid=2d30d796-900d-4c29-b50d-c3067306c564，vehicleId=VH1373，原始观测继续保存
2026-08-31 00:02:28.341 [mytransitgps-continuous-collector] WARN  c.m.persistence.service.JohorRealtimeQcAnnotator - 检测到Static Trip未匹配，feedId=rapid-bus-mrtfeeder，snapshotUid=2d30d796-900d-4c29-b50d-c3067306c564，vehicleId=VH1373，原始观测继续保存
2026-08-31 00:02:28.341 [mytransitgps-continuous-collector] WARN  c.m.persistence.service.JohorRealtimeQcAnnotator - 检测到Static Route未匹配，feedId=rapid-bus-mrtfeeder，snapshotUid=2d30d796-900d-4c29-b50d-c3067306c564，vehicleId=VH2049，原始观测继续保存
2026-08-31 00:02:28.341 [mytransitgps-continuous-collector] WARN  c.m.persistence.service.JohorRealtimeQcAnnotator - 检测到Static Trip未匹配，feedId=rapid-bus-mrtfeeder，snapshotUid=2d30d796-900d-4c29-b50d-c3067306c564，vehicleId=VH2049，原始观测继续保存
2026-08-31 00:02:28.341 [mytransitgps-continuous-collector] WARN  c.m.persistence.service.JohorRealtimeQcAnnotator - 检测到Static Route未匹配，feedId=rapid-bus-mrtfeeder，snapshotUid=2d30d796-900d-4c29-b50d-c3067306c564，vehicleId=VH2057，原始观测继续保存
2026-08-31 00:02:28.341 [mytransitgps-continuous-collector] WARN  c.m.persistence.service.JohorRealtimeQcAnnotator - 检测到Static Trip未匹配，feedId=rapid-bus-mrtfeeder，snapshotUid=2d30d796-900d-4c29-b50d-c3067306c564，vehicleId=VH2057，原始观测继续保存
2026-08-31 00:02:28.341 [mytransitgps-continuous-collector] WARN  c.m.persistence.service.JohorRealtimeQcAnnotator - 检测到Static Route未匹配，feedId=rapid-bus-mrtfeeder，snapshotUid=2d30d796-900d-4c29-b50d-c3067306c564，vehicleId=VH2059，原始观测继续保存
2026-08-31 00:02:28.341 [mytransitgps-continuous-collector] WARN  c.m.persistence.service.JohorRealtimeQcAnnotator - 检测到Static Trip未匹配，feedId=rapid-bus-mrtfeeder，snapshotUid=2d30d796-900d-4c29-b50d-c3067306c564，vehicleId=VH2059，原始观测继续保存
2026-08-31 00:02:28.341 [mytransitgps-continuous-collector] WARN  c.m.persistence.service.JohorRealtimeQcAnnotator - 检测到Static Route未匹配，feedId=rapid-bus-mrtfeeder，snapshotUid=2d30d796-900d-4c29-b50d-c3067306c564，vehicleId=VH2494，原始观测继续保存
2026-08-31 00:02:28.341 [mytransitgps-continuous-collector] WARN  c.m.persistence.service.JohorRealtimeQcAnnotator - 检测到Static Trip未匹配，feedId=rapid-bus-mrtfeeder，snapshotUid=2d30d796-900d-4c29-b50d-c3067306c564，vehicleId=VH2494，原始观测继续保存
2026-08-31 00:02:28.341 [mytransitgps-continuous-collector] WARN  c.m.persistence.service.JohorRealtimeQcAnnotator - 检测到Static Route未匹配，feedId=rapid-bus-mrtfeeder，snapshotUid=2d30d796-900d-4c29-b50d-c3067306c564，vehicleId=VH2499，原始观测继续保存
2026-08-31 00:02:28.341 [mytransitgps-continuous-collector] WARN  c.m.persistence.service.JohorRealtimeQcAnnotator - 检测到Static Trip未匹配，feedId=rapid-bus-mrtfeeder，snapshotUid=2d30d796-900d-4c29-b50d-c3067306c564，vehicleId=VH2499，原始观测继续保存
2026-08-31 00:02:28.341 [mytransitgps-continuous-collector] WARN  c.m.persistence.service.JohorRealtimeQcAnnotator - 检测到Static Route未匹配，feedId=rapid-bus-mrtfeeder，snapshotUid=2d30d796-900d-4c29-b50d-c3067306c564，vehicleId=VH2540，原始观测继续保存
2026-08-31 00:02:28.341 [mytransitgps-continuous-collector] WARN  c.m.persistence.service.JohorRealtimeQcAnnotator - 检测到Static Trip未匹配，feedId=rapid-bus-mrtfeeder，snapshotUid=2d30d796-900d-4c29-b50d-c3067306c564，vehicleId=VH2540，原始观测继续保存
2026-08-31 00:02:28.341 [mytransitgps-continuous-collector] WARN  c.m.persistence.service.JohorRealtimeQcAnnotator - 检测到Static Route未匹配，feedId=rapid-bus-mrtfeeder，snapshotUid=2d30d796-900d-4c29-b50d-c3067306c564，vehicleId=VH3593，原始观测继续保存
2026-08-31 00:02:28.341 [mytransitgps-continuous-collector] WARN  c.m.persistence.service.JohorRealtimeQcAnnotator - 检测到Static Trip未匹配，feedId=rapid-bus-mrtfeeder，snapshotUid=2d30d796-900d-4c29-b50d-c3067306c564，vehicleId=VH3593，原始观测继续保存
2026-08-31 00:02:28.341 [mytransitgps-continuous-collector] WARN  c.m.persistence.service.JohorRealtimeQcAnnotator - 检测到Static Route未匹配，feedId=rapid-bus-mrtfeeder，snapshotUid=2d30d796-900d-4c29-b50d-c3067306c564，vehicleId=VH4037，原始观测继续保存
2026-08-31 00:02:28.341 [mytransitgps-continuous-collector] WARN  c.m.persistence.service.JohorRealtimeQcAnnotator - 检测到Static Trip未匹配，feedId=rapid-bus-mrtfeeder，snapshotUid=2d30d796-900d-4c29-b50d-c3067306c564，vehicleId=VH4037，原始观测继续保存
2026-08-31 00:02:28.341 [mytransitgps-continuous-collector] WARN  c.m.persistence.service.JohorRealtimeQcAnnotator - 检测到Static Route未匹配，feedId=rapid-bus-mrtfeeder，snapshotUid=2d30d796-900d-4c29-b50d-c3067306c564，vehicleId=VH4069，原始观测继续保存
2026-08-31 00:02:28.341 [mytransitgps-continuous-collector] WARN  c.m.persistence.service.JohorRealtimeQcAnnotator - 检测到Static Trip未匹配，feedId=rapid-bus-mrtfeeder，snapshotUid=2d30d796-900d-4c29-b50d-c3067306c564，vehicleId=VH4069，原始观测继续保存
2026-08-31 00:02:28.342 [mytransitgps-continuous-collector] WARN  c.m.persistence.service.JohorRealtimeQcAnnotator - 检测到Static Route未匹配，feedId=rapid-bus-mrtfeeder，snapshotUid=2d30d796-900d-4c29-b50d-c3067306c564，vehicleId=VH4221，原始观测继续保存
2026-08-31 00:02:28.342 [mytransitgps-continuous-collector] WARN  c.m.persistence.service.JohorRealtimeQcAnnotator - 检测到Static Trip未匹配，feedId=rapid-bus-mrtfeeder，snapshotUid=2d30d796-900d-4c29-b50d-c3067306c564，vehicleId=VH4221，原始观测继续保存
2026-08-31 00:02:28.342 [mytransitgps-continuous-collector] WARN  c.m.persistence.service.JohorRealtimeQcAnnotator - 检测到Static Route未匹配，feedId=rapid-bus-mrtfeeder，snapshotUid=2d30d796-900d-4c29-b50d-c3067306c564，vehicleId=VH4268，原始观测继续保存
2026-08-31 00:02:28.342 [mytransitgps-continuous-collector] WARN  c.m.persistence.service.JohorRealtimeQcAnnotator - 检测到Static Trip未匹配，feedId=rapid-bus-mrtfeeder，snapshotUid=2d30d796-900d-4c29-b50d-c3067306c564，vehicleId=VH4268，原始观测继续保存
2026-08-31 00:02:28.342 [mytransitgps-continuous-collector] WARN  c.m.persistence.service.JohorRealtimeQcAnnotator - 检测到Static Route未匹配，feedId=rapid-bus-mrtfeeder，snapshotUid=2d30d796-900d-4c29-b50d-c3067306c564，vehicleId=VH4307，原始观测继续保存
2026-08-31 00:02:28.342 [mytransitgps-continuous-collector] WARN  c.m.persistence.service.JohorRealtimeQcAnnotator - 检测到Static Trip未匹配，feedId=rapid-bus-mrtfeeder，snapshotUid=2d30d796-900d-4c29-b50d-c3067306c564，vehicleId=VH4307，原始观测继续保存
2026-08-31 00:02:28.342 [mytransitgps-continuous-collector] WARN  c.m.persistence.service.JohorRealtimeQcAnnotator - 检测到Static Route未匹配，feedId=rapid-bus-mrtfeeder，snapshotUid=2d30d796-900d-4c29-b50d-c3067306c564，vehicleId=VH4604，原始观测继续保存
2026-08-31 00:02:28.342 [mytransitgps-continuous-collector] WARN  c.m.persistence.service.JohorRealtimeQcAnnotator - 检测到Static Trip未匹配，feedId=rapid-bus-mrtfeeder，snapshotUid=2d30d796-900d-4c29-b50d-c3067306c564，vehicleId=VH4604，原始观测继续保存
2026-08-31 00:02:28.342 [mytransitgps-continuous-collector] WARN  c.m.persistence.service.JohorRealtimeQcAnnotator - 检测到Static Route未匹配，feedId=rapid-bus-mrtfeeder，snapshotUid=2d30d796-900d-4c29-b50d-c3067306c564，vehicleId=VH4683，原始观测继续保存
2026-08-31 00:02:28.342 [mytransitgps-continuous-collector] WARN  c.m.persistence.service.JohorRealtimeQcAnnotator - 检测到Static Trip未匹配，feedId=rapid-bus-mrtfeeder，snapshotUid=2d30d796-900d-4c29-b50d-c3067306c564，vehicleId=VH4683，原始观测继续保存
2026-08-31 00:02:28.342 [mytransitgps-continuous-collector] WARN  c.m.persistence.service.JohorRealtimeQcAnnotator - 检测到Static Route未匹配，feedId=rapid-bus-mrtfeeder，snapshotUid=2d30d796-900d-4c29-b50d-c3067306c564，vehicleId=VK2684，原始观测继续保存
2026-08-31 00:02:28.342 [mytransitgps-continuous-collector] WARN  c.m.persistence.service.JohorRealtimeQcAnnotator - 检测到Static Trip未匹配，feedId=rapid-bus-mrtfeeder，snapshotUid=2d30d796-900d-4c29-b50d-c3067306c564，vehicleId=VK2684，原始观测继续保存
2026-08-31 00:02:28.342 [mytransitgps-continuous-collector] WARN  c.m.persistence.service.JohorRealtimeQcAnnotator - 检测到Static Route未匹配，feedId=rapid-bus-mrtfeeder，snapshotUid=2d30d796-900d-4c29-b50d-c3067306c564，vehicleId=VK2913，原始观测继续保存
2026-08-31 00:02:28.342 [mytransitgps-continuous-collector] WARN  c.m.persistence.service.JohorRealtimeQcAnnotator - 检测到Static Trip未匹配，feedId=rapid-bus-mrtfeeder，snapshotUid=2d30d796-900d-4c29-b50d-c3067306c564，vehicleId=VK2913，原始观测继续保存
2026-08-31 00:02:28.342 [mytransitgps-continuous-collector] WARN  c.m.persistence.service.JohorRealtimeQcAnnotator - 检测到Static Route未匹配，feedId=rapid-bus-mrtfeeder，snapshotUid=2d30d796-900d-4c29-b50d-c3067306c564，vehicleId=VK6475，原始观测继续保存
2026-08-31 00:02:28.342 [mytransitgps-continuous-collector] WARN  c.m.persistence.service.JohorRealtimeQcAnnotator - 检测到Static Trip未匹配，feedId=rapid-bus-mrtfeeder，snapshotUid=2d30d796-900d-4c29-b50d-c3067306c564，vehicleId=VK6475，原始观测继续保存
2026-08-31 00:02:28.342 [mytransitgps-continuous-collector] WARN  c.m.persistence.service.JohorRealtimeQcAnnotator - 检测到Static Route未匹配，feedId=rapid-bus-mrtfeeder，snapshotUid=2d30d796-900d-4c29-b50d-c3067306c564，vehicleId=VM1879，原始观测继续保存
2026-08-31 00:02:28.342 [mytransitgps-continuous-collector] WARN  c.m.persistence.service.JohorRealtimeQcAnnotator - 检测到Static Trip未匹配，feedId=rapid-bus-mrtfeeder，snapshotUid=2d30d796-900d-4c29-b50d-c3067306c564，vehicleId=VM1879，原始观测继续保存
2026-08-31 00:02:28.342 [mytransitgps-continuous-collector] WARN  c.m.persistence.service.JohorRealtimeQcAnnotator - 检测到Static Route未匹配，feedId=rapid-bus-mrtfeeder，snapshotUid=2d30d796-900d-4c29-b50d-c3067306c564，vehicleId=VX2890，原始观测继续保存
2026-08-31 00:02:28.342 [mytransitgps-continuous-collector] WARN  c.m.persistence.service.JohorRealtimeQcAnnotator - 检测到Static Trip未匹配，feedId=rapid-bus-mrtfeeder，snapshotUid=2d30d796-900d-4c29-b50d-c3067306c564，vehicleId=VX2890，原始观测继续保存
2026-08-31 00:02:28.342 [mytransitgps-continuous-collector] WARN  c.m.persistence.service.JohorRealtimeQcAnnotator - 检测到Static Route未匹配，feedId=rapid-bus-mrtfeeder，snapshotUid=2d30d796-900d-4c29-b50d-c3067306c564，vehicleId=VX3035，原始观测继续保存
2026-08-31 00:02:28.342 [mytransitgps-continuous-collector] WARN  c.m.persistence.service.JohorRealtimeQcAnnotator - 检测到Static Trip未匹配，feedId=rapid-bus-mrtfeeder，snapshotUid=2d30d796-900d-4c29-b50d-c3067306c564，vehicleId=VX3035，原始观测继续保存
2026-08-31 00:03:40.303 [mytransitgps-continuous-collector] WARN  c.m.gtfs.service.RealtimeStaticEnrichmentService - Realtime Static补全存在未匹配项，城市=Kuching，feedId=mybas-kuching，routeUnresolved=1，tripUnmatched=1，原始Realtime实体继续保留
2026-08-31 00:03:40.303 [mytransitgps-continuous-collector] WARN  c.m.persistence.service.JohorRealtimeQcAnnotator - 检测到Static Route未匹配，feedId=mybas-kuching，snapshotUid=726640dc-c624-46b9-b509-e94e2c2d7a29，vehicleId=MADANI2160，原始观测继续保存
2026-08-31 00:03:40.303 [mytransitgps-continuous-collector] WARN  c.m.persistence.service.JohorRealtimeQcAnnotator - 检测到Static Trip未匹配，feedId=mybas-kuching，snapshotUid=726640dc-c624-46b9-b509-e94e2c2d7a29，vehicleId=MADANI2160，原始观测继续保存
2026-08-31 00:04:28.352 [mytransitgps-continuous-collector] WARN  c.m.gtfs.service.RealtimeStaticEnrichmentService - Realtime Static补全存在未匹配项，城市=Kuala Lumpur，feedId=rapid-bus-mrtfeeder，routeUnresolved=44，tripUnmatched=44，原始Realtime实体继续保留
2026-08-31 00:04:28.352 [mytransitgps-continuous-collector] WARN  c.m.persistence.service.JohorRealtimeQcAnnotator - 检测到Static Route未匹配，feedId=rapid-bus-mrtfeeder，snapshotUid=382f4f0c-ff16-4829-92d0-8412015b40ec，vehicleId=VAC5746，原始观测继续保存
2026-08-31 00:04:28.352 [mytransitgps-continuous-collector] WARN  c.m.persistence.service.JohorRealtimeQcAnnotator - 检测到Static Trip未匹配，feedId=rapid-bus-mrtfeeder，snapshotUid=382f4f0c-ff16-4829-92d0-8412015b40ec，vehicleId=VAC5746，原始观测继续保存
2026-08-31 00:04:28.352 [mytransitgps-continuous-collector] WARN  c.m.persistence.service.JohorRealtimeQcAnnotator - 检测到Static Route未匹配，feedId=rapid-bus-mrtfeeder，snapshotUid=382f4f0c-ff16-4829-92d0-8412015b40ec，vehicleId=VAC9627，原始观测继续保存
2026-08-31 00:04:28.352 [mytransitgps-continuous-collector] WARN  c.m.persistence.service.JohorRealtimeQcAnnotator - 检测到Static Trip未匹配，feedId=rapid-bus-mrtfeeder，snapshotUid=382f4f0c-ff16-4829-92d0-8412015b40ec，vehicleId=VAC9627，原始观测继续保存
2026-08-31 00:04:28.352 [mytransitgps-continuous-collector] WARN  c.m.persistence.service.JohorRealtimeQcAnnotator - 检测到Static Route未匹配，feedId=rapid-bus-mrtfeeder，snapshotUid=382f4f0c-ff16-4829-92d0-8412015b40ec，vehicleId=VAE7196，原始观测继续保存
2026-08-31 00:04:28.352 [mytransitgps-continuous-collector] WARN  c.m.persistence.service.JohorRealtimeQcAnnotator - 检测到Static Trip未匹配，feedId=rapid-bus-mrtfeeder，snapshotUid=382f4f0c-ff16-4829-92d0-8412015b40ec，vehicleId=VAE7196，原始观测继续保存
2026-08-31 00:04:28.352 [mytransitgps-continuous-collector] WARN  c.m.persistence.service.JohorRealtimeQcAnnotator - 检测到Static Route未匹配，feedId=rapid-bus-mrtfeeder，snapshotUid=382f4f0c-ff16-4829-92d0-8412015b40ec，vehicleId=VAF5439，原始观测继续保存
2026-08-31 00:04:28.352 [mytransitgps-continuous-collector] WARN  c.m.persistence.service.JohorRealtimeQcAnnotator - 检测到Static Trip未匹配，feedId=rapid-bus-mrtfeeder，snapshotUid=382f4f0c-ff16-4829-92d0-8412015b40ec，vehicleId=VAF5439，原始观测继续保存
2026-08-31 00:04:28.352 [mytransitgps-continuous-collector] WARN  c.m.persistence.service.JohorRealtimeQcAnnotator - 检测到Static Route未匹配，feedId=rapid-bus-mrtfeeder，snapshotUid=382f4f0c-ff16-4829-92d0-8412015b40ec，vehicleId=VAF5441，原始观测继续保存
2026-08-31 00:04:28.352 [mytransitgps-continuous-collector] WARN  c.m.persistence.service.JohorRealtimeQcAnnotator - 检测到Static Trip未匹配，feedId=rapid-bus-mrtfeeder，snapshotUid=382f4f0c-ff16-4829-92d0-8412015b40ec，vehicleId=VAF5441，原始观测继续保存
2026-08-31 00:04:28.352 [mytransitgps-continuous-collector] WARN  c.m.persistence.service.JohorRealtimeQcAnnotator - 检测到Static Route未匹配，feedId=rapid-bus-mrtfeeder，snapshotUid=382f4f0c-ff16-4829-92d0-8412015b40ec，vehicleId=VAF5766，原始观测继续保存
2026-08-31 00:04:28.352 [mytransitgps-continuous-collector] WARN  c.m.persistence.service.JohorRealtimeQcAnnotator - 检测到Static Trip未匹配，feedId=rapid-bus-mrtfeeder，snapshotUid=382f4f0c-ff16-4829-92d0-8412015b40ec，vehicleId=VAF5766，原始观测继续保存
2026-08-31 00:04:28.352 [mytransitgps-continuous-collector] WARN  c.m.persistence.service.JohorRealtimeQcAnnotator - 检测到Static Route未匹配，feedId=rapid-bus-mrtfeeder，snapshotUid=382f4f0c-ff16-4829-92d0-8412015b40ec，vehicleId=VAF5780，原始观测继续保存
2026-08-31 00:04:28.352 [mytransitgps-continuous-collector] WARN  c.m.persistence.service.JohorRealtimeQcAnnotator - 检测到Static Trip未匹配，feedId=rapid-bus-mrtfeeder，snapshotUid=382f4f0c-ff16-4829-92d0-8412015b40ec，vehicleId=VAF5780，原始观测继续保存
2026-08-31 00:04:28.352 [mytransitgps-continuous-collector] WARN  c.m.persistence.service.JohorRealtimeQcAnnotator - 检测到Static Route未匹配，feedId=rapid-bus-mrtfeeder，snapshotUid=382f4f0c-ff16-4829-92d0-8412015b40ec，vehicleId=VAF6417，原始观测继续保存
2026-08-31 00:04:28.352 [mytransitgps-continuous-collector] WARN  c.m.persistence.service.JohorRealtimeQcAnnotator - 检测到Static Trip未匹配，feedId=rapid-bus-mrtfeeder，snapshotUid=382f4f0c-ff16-4829-92d0-8412015b40ec，vehicleId=VAF6417，原始观测继续保存
2026-08-31 00:04:28.352 [mytransitgps-continuous-collector] WARN  c.m.persistence.service.JohorRealtimeQcAnnotator - 检测到Static Route未匹配，feedId=rapid-bus-mrtfeeder，snapshotUid=382f4f0c-ff16-4829-92d0-8412015b40ec，vehicleId=VAG4711，原始观测继续保存
2026-08-31 00:04:28.352 [mytransitgps-continuous-collector] WARN  c.m.persistence.service.JohorRealtimeQcAnnotator - 检测到Static Trip未匹配，feedId=rapid-bus-mrtfeeder，snapshotUid=382f4f0c-ff16-4829-92d0-8412015b40ec，vehicleId=VAG4711，原始观测继续保存
2026-08-31 00:04:28.352 [mytransitgps-continuous-collector] WARN  c.m.persistence.service.JohorRealtimeQcAnnotator - 检测到Static Route未匹配，feedId=rapid-bus-mrtfeeder，snapshotUid=382f4f0c-ff16-4829-92d0-8412015b40ec，vehicleId=VAG4750，原始观测继续保存
2026-08-31 00:04:28.352 [mytransitgps-continuous-collector] WARN  c.m.persistence.service.JohorRealtimeQcAnnotator - 检测到Static Trip未匹配，feedId=rapid-bus-mrtfeeder，snapshotUid=382f4f0c-ff16-4829-92d0-8412015b40ec，vehicleId=VAG4750，原始观测继续保存
2026-08-31 00:04:28.352 [mytransitgps-continuous-collector] WARN  c.m.persistence.service.JohorRealtimeQcAnnotator - 检测到Static Route未匹配，feedId=rapid-bus-mrtfeeder，snapshotUid=382f4f0c-ff16-4829-92d0-8412015b40ec，vehicleId=VAG4871，原始观测继续保存
2026-08-31 00:04:28.352 [mytransitgps-continuous-collector] WARN  c.m.persistence.service.JohorRealtimeQcAnnotator - 检测到Static Trip未匹配，feedId=rapid-bus-mrtfeeder，snapshotUid=382f4f0c-ff16-4829-92d0-8412015b40ec，vehicleId=VAG4871，原始观测继续保存
2026-08-31 00:04:28.352 [mytransitgps-continuous-collector] WARN  c.m.persistence.service.JohorRealtimeQcAnnotator - 检测到Static Route未匹配，feedId=rapid-bus-mrtfeeder，snapshotUid=382f4f0c-ff16-4829-92d0-8412015b40ec，vehicleId=VAG4872，原始观测继续保存
2026-08-31 00:04:28.352 [mytransitgps-continuous-collector] WARN  c.m.persistence.service.JohorRealtimeQcAnnotator - 检测到Static Trip未匹配，feedId=rapid-bus-mrtfeeder，snapshotUid=382f4f0c-ff16-4829-92d0-8412015b40ec，vehicleId=VAG4872，原始观测继续保存
2026-08-31 00:04:28.352 [mytransitgps-continuous-collector] WARN  c.m.persistence.service.JohorRealtimeQcAnnotator - 检测到Static Route未匹配，feedId=rapid-bus-mrtfeeder，snapshotUid=382f4f0c-ff16-4829-92d0-8412015b40ec，vehicleId=VAG6349，原始观测继续保存
2026-08-31 00:04:28.352 [mytransitgps-continuous-collector] WARN  c.m.persistence.service.JohorRealtimeQcAnnotator - 检测到Static Trip未匹配，feedId=rapid-bus-mrtfeeder，snapshotUid=382f4f0c-ff16-4829-92d0-8412015b40ec，vehicleId=VAG6349，原始观测继续保存
2026-08-31 00:04:28.352 [mytransitgps-continuous-collector] WARN  c.m.persistence.service.JohorRealtimeQcAnnotator - 检测到Static Route未匹配，feedId=rapid-bus-mrtfeeder，snapshotUid=382f4f0c-ff16-4829-92d0-8412015b40ec，vehicleId=VAG8053，原始观测继续保存
2026-08-31 00:04:28.352 [mytransitgps-continuous-collector] WARN  c.m.persistence.service.JohorRealtimeQcAnnotator - 检测到Static Trip未匹配，feedId=rapid-bus-mrtfeeder，snapshotUid=382f4f0c-ff16-4829-92d0-8412015b40ec，vehicleId=VAG8053，原始观测继续保存
2026-08-31 00:04:28.352 [mytransitgps-continuous-collector] WARN  c.m.persistence.service.JohorRealtimeQcAnnotator - 检测到Static Route未匹配，feedId=rapid-bus-mrtfeeder，snapshotUid=382f4f0c-ff16-4829-92d0-8412015b40ec，vehicleId=VAG8054，原始观测继续保存
2026-08-31 00:04:28.352 [mytransitgps-continuous-collector] WARN  c.m.persistence.service.JohorRealtimeQcAnnotator - 检测到Static Trip未匹配，feedId=rapid-bus-mrtfeeder，snapshotUid=382f4f0c-ff16-4829-92d0-8412015b40ec，vehicleId=VAG8054，原始观测继续保存
2026-08-31 00:04:28.352 [mytransitgps-continuous-collector] WARN  c.m.persistence.service.JohorRealtimeQcAnnotator - 检测到Static Route未匹配，feedId=rapid-bus-mrtfeeder，snapshotUid=382f4f0c-ff16-4829-92d0-8412015b40ec，vehicleId=VAH9043，原始观测继续保存
2026-08-31 00:04:28.352 [mytransitgps-continuous-collector] WARN  c.m.persistence.service.JohorRealtimeQcAnnotator - 检测到Static Trip未匹配，feedId=rapid-bus-mrtfeeder，snapshotUid=382f4f0c-ff16-4829-92d0-8412015b40ec，vehicleId=VAH9043，原始观测继续保存
2026-08-31 00:04:28.353 [mytransitgps-continuous-collector] WARN  c.m.persistence.service.JohorRealtimeQcAnnotator - 检测到Static Route未匹配，feedId=rapid-bus-mrtfeeder，snapshotUid=382f4f0c-ff16-4829-92d0-8412015b40ec，vehicleId=VAH9045，原始观测继续保存
2026-08-31 00:04:28.353 [mytransitgps-continuous-collector] WARN  c.m.persistence.service.JohorRealtimeQcAnnotator - 检测到Static Trip未匹配，feedId=rapid-bus-mrtfeeder，snapshotUid=382f4f0c-ff16-4829-92d0-8412015b40ec，vehicleId=VAH9045，原始观测继续保存
2026-08-31 00:04:28.353 [mytransitgps-continuous-collector] WARN  c.m.persistence.service.JohorRealtimeQcAnnotator - 检测到Static Route未匹配，feedId=rapid-bus-mrtfeeder，snapshotUid=382f4f0c-ff16-4829-92d0-8412015b40ec，vehicleId=VAJ1481，原始观测继续保存
2026-08-31 00:04:28.353 [mytransitgps-continuous-collector] WARN  c.m.persistence.service.JohorRealtimeQcAnnotator - 检测到Static Trip未匹配，feedId=rapid-bus-mrtfeeder，snapshotUid=382f4f0c-ff16-4829-92d0-8412015b40ec，vehicleId=VAJ1481，原始观测继续保存
2026-08-31 00:04:28.353 [mytransitgps-continuous-collector] WARN  c.m.persistence.service.JohorRealtimeQcAnnotator - 检测到Static Route未匹配，feedId=rapid-bus-mrtfeeder，snapshotUid=382f4f0c-ff16-4829-92d0-8412015b40ec，vehicleId=VAJ1482，原始观测继续保存
2026-08-31 00:04:28.353 [mytransitgps-continuous-collector] WARN  c.m.persistence.service.JohorRealtimeQcAnnotator - 检测到Static Trip未匹配，feedId=rapid-bus-mrtfeeder，snapshotUid=382f4f0c-ff16-4829-92d0-8412015b40ec，vehicleId=VAJ1482，原始观测继续保存
2026-08-31 00:04:28.353 [mytransitgps-continuous-collector] WARN  c.m.persistence.service.JohorRealtimeQcAnnotator - 检测到Static Route未匹配，feedId=rapid-bus-mrtfeeder，snapshotUid=382f4f0c-ff16-4829-92d0-8412015b40ec，vehicleId=VAJ2895，原始观测继续保存
2026-08-31 00:04:28.353 [mytransitgps-continuous-collector] WARN  c.m.persistence.service.JohorRealtimeQcAnnotator - 检测到Static Trip未匹配，feedId=rapid-bus-mrtfeeder，snapshotUid=382f4f0c-ff16-4829-92d0-8412015b40ec，vehicleId=VAJ2895，原始观测继续保存
2026-08-31 00:04:28.353 [mytransitgps-continuous-collector] WARN  c.m.persistence.service.JohorRealtimeQcAnnotator - 检测到Static Route未匹配，feedId=rapid-bus-mrtfeeder，snapshotUid=382f4f0c-ff16-4829-92d0-8412015b40ec，vehicleId=VAK1014，原始观测继续保存
2026-08-31 00:04:28.353 [mytransitgps-continuous-collector] WARN  c.m.persistence.service.JohorRealtimeQcAnnotator - 检测到Static Trip未匹配，feedId=rapid-bus-mrtfeeder，snapshotUid=382f4f0c-ff16-4829-92d0-8412015b40ec，vehicleId=VAK1014，原始观测继续保存
2026-08-31 00:04:28.353 [mytransitgps-continuous-collector] WARN  c.m.persistence.service.JohorRealtimeQcAnnotator - 检测到Static Route未匹配，feedId=rapid-bus-mrtfeeder，snapshotUid=382f4f0c-ff16-4829-92d0-8412015b40ec，vehicleId=VAL4552，原始观测继续保存
2026-08-31 00:04:28.353 [mytransitgps-continuous-collector] WARN  c.m.persistence.service.JohorRealtimeQcAnnotator - 检测到Static Trip未匹配，feedId=rapid-bus-mrtfeeder，snapshotUid=382f4f0c-ff16-4829-92d0-8412015b40ec，vehicleId=VAL4552，原始观测继续保存
2026-08-31 00:04:28.353 [mytransitgps-continuous-collector] WARN  c.m.persistence.service.JohorRealtimeQcAnnotator - 检测到Future Timestamp，feedId=rapid-bus-mrtfeeder，snapshotUid=382f4f0c-ff16-4829-92d0-8412015b40ec，vehicleId=VAL4552，vehicleTime=1886017556，原始时间戳继续保存
2026-08-31 00:04:28.353 [mytransitgps-continuous-collector] WARN  c.m.persistence.service.JohorRealtimeQcAnnotator - 检测到Static Route未匹配，feedId=rapid-bus-mrtfeeder，snapshotUid=382f4f0c-ff16-4829-92d0-8412015b40ec，vehicleId=VG6480，原始观测继续保存
2026-08-31 00:04:28.353 [mytransitgps-continuous-collector] WARN  c.m.persistence.service.JohorRealtimeQcAnnotator - 检测到Static Trip未匹配，feedId=rapid-bus-mrtfeeder，snapshotUid=382f4f0c-ff16-4829-92d0-8412015b40ec，vehicleId=VG6480，原始观测继续保存
2026-08-31 00:04:28.353 [mytransitgps-continuous-collector] WARN  c.m.persistence.service.JohorRealtimeQcAnnotator - 检测到Static Route未匹配，feedId=rapid-bus-mrtfeeder，snapshotUid=382f4f0c-ff16-4829-92d0-8412015b40ec，vehicleId=VG6514，原始观测继续保存
2026-08-31 00:04:28.353 [mytransitgps-continuous-collector] WARN  c.m.persistence.service.JohorRealtimeQcAnnotator - 检测到Static Trip未匹配，feedId=rapid-bus-mrtfeeder，snapshotUid=382f4f0c-ff16-4829-92d0-8412015b40ec，vehicleId=VG6514，原始观测继续保存
2026-08-31 00:04:28.353 [mytransitgps-continuous-collector] WARN  c.m.persistence.service.JohorRealtimeQcAnnotator - 检测到Static Route未匹配，feedId=rapid-bus-mrtfeeder，snapshotUid=382f4f0c-ff16-4829-92d0-8412015b40ec，vehicleId=VG8703，原始观测继续保存
2026-08-31 00:04:28.353 [mytransitgps-continuous-collector] WARN  c.m.persistence.service.JohorRealtimeQcAnnotator - 检测到Static Trip未匹配，feedId=rapid-bus-mrtfeeder，snapshotUid=382f4f0c-ff16-4829-92d0-8412015b40ec，vehicleId=VG8703，原始观测继续保存
2026-08-31 00:04:28.353 [mytransitgps-continuous-collector] WARN  c.m.persistence.service.JohorRealtimeQcAnnotator - 检测到Static Route未匹配，feedId=rapid-bus-mrtfeeder，snapshotUid=382f4f0c-ff16-4829-92d0-8412015b40ec，vehicleId=VG8769，原始观测继续保存
2026-08-31 00:04:28.353 [mytransitgps-continuous-collector] WARN  c.m.persistence.service.JohorRealtimeQcAnnotator - 检测到Static Trip未匹配，feedId=rapid-bus-mrtfeeder，snapshotUid=382f4f0c-ff16-4829-92d0-8412015b40ec，vehicleId=VG8769，原始观测继续保存
2026-08-31 00:04:28.353 [mytransitgps-continuous-collector] WARN  c.m.persistence.service.JohorRealtimeQcAnnotator - 检测到Static Route未匹配，feedId=rapid-bus-mrtfeeder，snapshotUid=382f4f0c-ff16-4829-92d0-8412015b40ec，vehicleId=VH2049，原始观测继续保存
2026-08-31 00:04:28.353 [mytransitgps-continuous-collector] WARN  c.m.persistence.service.JohorRealtimeQcAnnotator - 检测到Static Trip未匹配，feedId=rapid-bus-mrtfeeder，snapshotUid=382f4f0c-ff16-4829-92d0-8412015b40ec，vehicleId=VH2049，原始观测继续保存
2026-08-31 00:04:28.353 [mytransitgps-continuous-collector] WARN  c.m.persistence.service.JohorRealtimeQcAnnotator - 检测到Static Route未匹配，feedId=rapid-bus-mrtfeeder，snapshotUid=382f4f0c-ff16-4829-92d0-8412015b40ec，vehicleId=VH2057，原始观测继续保存
2026-08-31 00:04:28.353 [mytransitgps-continuous-collector] WARN  c.m.persistence.service.JohorRealtimeQcAnnotator - 检测到Static Trip未匹配，feedId=rapid-bus-mrtfeeder，snapshotUid=382f4f0c-ff16-4829-92d0-8412015b40ec，vehicleId=VH2057，原始观测继续保存
2026-08-31 00:04:28.353 [mytransitgps-continuous-collector] WARN  c.m.persistence.service.JohorRealtimeQcAnnotator - 检测到Static Route未匹配，feedId=rapid-bus-mrtfeeder，snapshotUid=382f4f0c-ff16-4829-92d0-8412015b40ec，vehicleId=VH2059，原始观测继续保存
2026-08-31 00:04:28.353 [mytransitgps-continuous-collector] WARN  c.m.persistence.service.JohorRealtimeQcAnnotator - 检测到Static Trip未匹配，feedId=rapid-bus-mrtfeeder，snapshotUid=382f4f0c-ff16-4829-92d0-8412015b40ec，vehicleId=VH2059，原始观测继续保存
2026-08-31 00:04:28.353 [mytransitgps-continuous-collector] WARN  c.m.persistence.service.JohorRealtimeQcAnnotator - 检测到Static Route未匹配，feedId=rapid-bus-mrtfeeder，snapshotUid=382f4f0c-ff16-4829-92d0-8412015b40ec，vehicleId=VH2494，原始观测继续保存
2026-08-31 00:04:28.353 [mytransitgps-continuous-collector] WARN  c.m.persistence.service.JohorRealtimeQcAnnotator - 检测到Static Trip未匹配，feedId=rapid-bus-mrtfeeder，snapshotUid=382f4f0c-ff16-4829-92d0-8412015b40ec，vehicleId=VH2494，原始观测继续保存
2026-08-31 00:04:28.353 [mytransitgps-continuous-collector] WARN  c.m.persistence.service.JohorRealtimeQcAnnotator - 检测到Static Route未匹配，feedId=rapid-bus-mrtfeeder，snapshotUid=382f4f0c-ff16-4829-92d0-8412015b40ec，vehicleId=VH2499，原始观测继续保存
2026-08-31 00:04:28.353 [mytransitgps-continuous-collector] WARN  c.m.persistence.service.JohorRealtimeQcAnnotator - 检测到Static Trip未匹配，feedId=rapid-bus-mrtfeeder，snapshotUid=382f4f0c-ff16-4829-92d0-8412015b40ec，vehicleId=VH2499，原始观测继续保存
2026-08-31 00:04:28.353 [mytransitgps-continuous-collector] WARN  c.m.persistence.service.JohorRealtimeQcAnnotator - 检测到Static Route未匹配，feedId=rapid-bus-mrtfeeder，snapshotUid=382f4f0c-ff16-4829-92d0-8412015b40ec，vehicleId=VH2540，原始观测继续保存
2026-08-31 00:04:28.353 [mytransitgps-continuous-collector] WARN  c.m.persistence.service.JohorRealtimeQcAnnotator - 检测到Static Trip未匹配，feedId=rapid-bus-mrtfeeder，snapshotUid=382f4f0c-ff16-4829-92d0-8412015b40ec，vehicleId=VH2540，原始观测继续保存
2026-08-31 00:04:28.353 [mytransitgps-continuous-collector] WARN  c.m.persistence.service.JohorRealtimeQcAnnotator - 检测到Static Route未匹配，feedId=rapid-bus-mrtfeeder，snapshotUid=382f4f0c-ff16-4829-92d0-8412015b40ec，vehicleId=VH3593，原始观测继续保存
2026-08-31 00:04:28.353 [mytransitgps-continuous-collector] WARN  c.m.persistence.service.JohorRealtimeQcAnnotator - 检测到Static Trip未匹配，feedId=rapid-bus-mrtfeeder，snapshotUid=382f4f0c-ff16-4829-92d0-8412015b40ec，vehicleId=VH3593，原始观测继续保存
2026-08-31 00:04:28.353 [mytransitgps-continuous-collector] WARN  c.m.persistence.service.JohorRealtimeQcAnnotator - 检测到Static Route未匹配，feedId=rapid-bus-mrtfeeder，snapshotUid=382f4f0c-ff16-4829-92d0-8412015b40ec，vehicleId=VH4037，原始观测继续保存
2026-08-31 00:04:28.353 [mytransitgps-continuous-collector] WARN  c.m.persistence.service.JohorRealtimeQcAnnotator - 检测到Static Trip未匹配，feedId=rapid-bus-mrtfeeder，snapshotUid=382f4f0c-ff16-4829-92d0-8412015b40ec，vehicleId=VH4037，原始观测继续保存
2026-08-31 00:04:28.353 [mytransitgps-continuous-collector] WARN  c.m.persistence.service.JohorRealtimeQcAnnotator - 检测到Static Route未匹配，feedId=rapid-bus-mrtfeeder，snapshotUid=382f4f0c-ff16-4829-92d0-8412015b40ec，vehicleId=VH4221，原始观测继续保存
2026-08-31 00:04:28.353 [mytransitgps-continuous-collector] WARN  c.m.persistence.service.JohorRealtimeQcAnnotator - 检测到Static Trip未匹配，feedId=rapid-bus-mrtfeeder，snapshotUid=382f4f0c-ff16-4829-92d0-8412015b40ec，vehicleId=VH4221，原始观测继续保存
2026-08-31 00:04:28.353 [mytransitgps-continuous-collector] WARN  c.m.persistence.service.JohorRealtimeQcAnnotator - 检测到Static Route未匹配，feedId=rapid-bus-mrtfeeder，snapshotUid=382f4f0c-ff16-4829-92d0-8412015b40ec，vehicleId=VH4268，原始观测继续保存
2026-08-31 00:04:28.353 [mytransitgps-continuous-collector] WARN  c.m.persistence.service.JohorRealtimeQcAnnotator - 检测到Static Trip未匹配，feedId=rapid-bus-mrtfeeder，snapshotUid=382f4f0c-ff16-4829-92d0-8412015b40ec，vehicleId=VH4268，原始观测继续保存
2026-08-31 00:04:28.353 [mytransitgps-continuous-collector] WARN  c.m.persistence.service.JohorRealtimeQcAnnotator - 检测到Static Route未匹配，feedId=rapid-bus-mrtfeeder，snapshotUid=382f4f0c-ff16-4829-92d0-8412015b40ec，vehicleId=VH4604，原始观测继续保存
2026-08-31 00:04:28.353 [mytransitgps-continuous-collector] WARN  c.m.persistence.service.JohorRealtimeQcAnnotator - 检测到Static Trip未匹配，feedId=rapid-bus-mrtfeeder，snapshotUid=382f4f0c-ff16-4829-92d0-8412015b40ec，vehicleId=VH4604，原始观测继续保存
2026-08-31 00:04:28.354 [mytransitgps-continuous-collector] WARN  c.m.persistence.service.JohorRealtimeQcAnnotator - 检测到Static Route未匹配，feedId=rapid-bus-mrtfeeder，snapshotUid=382f4f0c-ff16-4829-92d0-8412015b40ec，vehicleId=VH4683，原始观测继续保存
2026-08-31 00:04:28.354 [mytransitgps-continuous-collector] WARN  c.m.persistence.service.JohorRealtimeQcAnnotator - 检测到Static Trip未匹配，feedId=rapid-bus-mrtfeeder，snapshotUid=382f4f0c-ff16-4829-92d0-8412015b40ec，vehicleId=VH4683，原始观测继续保存
2026-08-31 00:04:28.354 [mytransitgps-continuous-collector] WARN  c.m.persistence.service.JohorRealtimeQcAnnotator - 检测到Static Route未匹配，feedId=rapid-bus-mrtfeeder，snapshotUid=382f4f0c-ff16-4829-92d0-8412015b40ec，vehicleId=VK2684，原始观测继续保存
2026-08-31 00:04:28.354 [mytransitgps-continuous-collector] WARN  c.m.persistence.service.JohorRealtimeQcAnnotator - 检测到Static Trip未匹配，feedId=rapid-bus-mrtfeeder，snapshotUid=382f4f0c-ff16-4829-92d0-8412015b40ec，vehicleId=VK2684，原始观测继续保存
2026-08-31 00:04:28.354 [mytransitgps-continuous-collector] WARN  c.m.persistence.service.JohorRealtimeQcAnnotator - 检测到Static Route未匹配，feedId=rapid-bus-mrtfeeder，snapshotUid=382f4f0c-ff16-4829-92d0-8412015b40ec，vehicleId=VK2913，原始观测继续保存
2026-08-31 00:04:28.354 [mytransitgps-continuous-collector] WARN  c.m.persistence.service.JohorRealtimeQcAnnotator - 检测到Static Trip未匹配，feedId=rapid-bus-mrtfeeder，snapshotUid=382f4f0c-ff16-4829-92d0-8412015b40ec，vehicleId=VK2913，原始观测继续保存
2026-08-31 00:04:28.354 [mytransitgps-continuous-collector] WARN  c.m.persistence.service.JohorRealtimeQcAnnotator - 检测到Static Route未匹配，feedId=rapid-bus-mrtfeeder，snapshotUid=382f4f0c-ff16-4829-92d0-8412015b40ec，vehicleId=VK6475，原始观测继续保存
2026-08-31 00:04:28.354 [mytransitgps-continuous-collector] WARN  c.m.persistence.service.JohorRealtimeQcAnnotator - 检测到Static Trip未匹配，feedId=rapid-bus-mrtfeeder，snapshotUid=382f4f0c-ff16-4829-92d0-8412015b40ec，vehicleId=VK6475，原始观测继续保存
2026-08-31 00:04:28.354 [mytransitgps-continuous-collector] WARN  c.m.persistence.service.JohorRealtimeQcAnnotator - 检测到Static Route未匹配，feedId=rapid-bus-mrtfeeder，snapshotUid=382f4f0c-ff16-4829-92d0-8412015b40ec，vehicleId=VM1879，原始观测继续保存
2026-08-31 00:04:28.354 [mytransitgps-continuous-collector] WARN  c.m.persistence.service.JohorRealtimeQcAnnotator - 检测到Static Trip未匹配，feedId=rapid-bus-mrtfeeder，snapshotUid=382f4f0c-ff16-4829-92d0-8412015b40ec，vehicleId=VM1879，原始观测继续保存
2026-08-31 00:04:28.354 [mytransitgps-continuous-collector] WARN  c.m.persistence.service.JohorRealtimeQcAnnotator - 检测到Static Route未匹配，feedId=rapid-bus-mrtfeeder，snapshotUid=382f4f0c-ff16-4829-92d0-8412015b40ec，vehicleId=VX2890，原始观测继续保存
2026-08-31 00:04:28.354 [mytransitgps-continuous-collector] WARN  c.m.persistence.service.JohorRealtimeQcAnnotator - 检测到Static Trip未匹配，feedId=rapid-bus-mrtfeeder，snapshotUid=382f4f0c-ff16-4829-92d0-8412015b40ec，vehicleId=VX2890，原始观测继续保存
2026-08-31 00:04:28.354 [mytransitgps-continuous-collector] WARN  c.m.persistence.service.JohorRealtimeQcAnnotator - 检测到Static Route未匹配，feedId=rapid-bus-mrtfeeder，snapshotUid=382f4f0c-ff16-4829-92d0-8412015b40ec，vehicleId=VX3035，原始观测继续保存
2026-08-31 00:04:28.354 [mytransitgps-continuous-collector] WARN  c.m.persistence.service.JohorRealtimeQcAnnotator - 检测到Static Trip未匹配，feedId=rapid-bus-mrtfeeder，snapshotUid=382f4f0c-ff16-4829-92d0-8412015b40ec，vehicleId=VX3035，原始观测继续保存
2026-08-31 00:05:40.304 [mytransitgps-continuous-collector] WARN  c.m.gtfs.service.RealtimeStaticEnrichmentService - Realtime Static补全存在未匹配项，城市=Kuching，feedId=mybas-kuching，routeUnresolved=1，tripUnmatched=1，原始Realtime实体继续保留
2026-08-31 00:05:40.304 [mytransitgps-continuous-collector] WARN  c.m.persistence.service.JohorRealtimeQcAnnotator - 检测到Static Route未匹配，feedId=mybas-kuching，snapshotUid=92077b91-26c6-4bbd-8d8a-3a4952d7203b，vehicleId=MADANI2160，原始观测继续保存
2026-08-31 00:05:40.304 [mytransitgps-continuous-collector] WARN  c.m.persistence.service.JohorRealtimeQcAnnotator - 检测到Static Trip未匹配，feedId=mybas-kuching，snapshotUid=92077b91-26c6-4bbd-8d8a-3a4952d7203b，vehicleId=MADANI2160，原始观测继续保存
2026-08-31 00:06:28.415 [mytransitgps-continuous-collector] WARN  c.m.gtfs.service.RealtimeStaticEnrichmentService - Realtime Static补全存在未匹配项，城市=Kuala Lumpur，feedId=rapid-bus-mrtfeeder，routeUnresolved=41，tripUnmatched=41，原始Realtime实体继续保留
2026-08-31 00:06:28.415 [mytransitgps-continuous-collector] WARN  c.m.persistence.service.JohorRealtimeQcAnnotator - 检测到Static Route未匹配，feedId=rapid-bus-mrtfeeder，snapshotUid=dbc9a58c-da0f-4533-a96e-6a92b13cfa9d，vehicleId=VAC5746，原始观测继续保存
2026-08-31 00:06:28.415 [mytransitgps-continuous-collector] WARN  c.m.persistence.service.JohorRealtimeQcAnnotator - 检测到Static Trip未匹配，feedId=rapid-bus-mrtfeeder，snapshotUid=dbc9a58c-da0f-4533-a96e-6a92b13cfa9d，vehicleId=VAC5746，原始观测继续保存
2026-08-31 00:06:28.415 [mytransitgps-continuous-collector] WARN  c.m.persistence.service.JohorRealtimeQcAnnotator - 检测到Static Route未匹配，feedId=rapid-bus-mrtfeeder，snapshotUid=dbc9a58c-da0f-4533-a96e-6a92b13cfa9d，vehicleId=VAC9627，原始观测继续保存
2026-08-31 00:06:28.415 [mytransitgps-continuous-collector] WARN  c.m.persistence.service.JohorRealtimeQcAnnotator - 检测到Static Trip未匹配，feedId=rapid-bus-mrtfeeder，snapshotUid=dbc9a58c-da0f-4533-a96e-6a92b13cfa9d，vehicleId=VAC9627，原始观测继续保存
2026-08-31 00:06:28.415 [mytransitgps-continuous-collector] WARN  c.m.persistence.service.JohorRealtimeQcAnnotator - 检测到Static Route未匹配，feedId=rapid-bus-mrtfeeder，snapshotUid=dbc9a58c-da0f-4533-a96e-6a92b13cfa9d，vehicleId=VAE7196，原始观测继续保存
2026-08-31 00:06:28.415 [mytransitgps-continuous-collector] WARN  c.m.persistence.service.JohorRealtimeQcAnnotator - 检测到Static Trip未匹配，feedId=rapid-bus-mrtfeeder，snapshotUid=dbc9a58c-da0f-4533-a96e-6a92b13cfa9d，vehicleId=VAE7196，原始观测继续保存
2026-08-31 00:06:28.415 [mytransitgps-continuous-collector] WARN  c.m.persistence.service.JohorRealtimeQcAnnotator - 检测到Static Route未匹配，feedId=rapid-bus-mrtfeeder，snapshotUid=dbc9a58c-da0f-4533-a96e-6a92b13cfa9d，vehicleId=VAF5439，原始观测继续保存
2026-08-31 00:06:28.415 [mytransitgps-continuous-collector] WARN  c.m.persistence.service.JohorRealtimeQcAnnotator - 检测到Static Trip未匹配，feedId=rapid-bus-mrtfeeder，snapshotUid=dbc9a58c-da0f-4533-a96e-6a92b13cfa9d，vehicleId=VAF5439，原始观测继续保存
2026-08-31 00:06:28.415 [mytransitgps-continuous-collector] WARN  c.m.persistence.service.JohorRealtimeQcAnnotator - 检测到Static Route未匹配，feedId=rapid-bus-mrtfeeder，snapshotUid=dbc9a58c-da0f-4533-a96e-6a92b13cfa9d，vehicleId=VAF5441，原始观测继续保存
2026-08-31 00:06:28.415 [mytransitgps-continuous-collector] WARN  c.m.persistence.service.JohorRealtimeQcAnnotator - 检测到Static Trip未匹配，feedId=rapid-bus-mrtfeeder，snapshotUid=dbc9a58c-da0f-4533-a96e-6a92b13cfa9d，vehicleId=VAF5441，原始观测继续保存
2026-08-31 00:06:28.415 [mytransitgps-continuous-collector] WARN  c.m.persistence.service.JohorRealtimeQcAnnotator - 检测到Static Route未匹配，feedId=rapid-bus-mrtfeeder，snapshotUid=dbc9a58c-da0f-4533-a96e-6a92b13cfa9d，vehicleId=VAF5766，原始观测继续保存
2026-08-31 00:06:28.415 [mytransitgps-continuous-collector] WARN  c.m.persistence.service.JohorRealtimeQcAnnotator - 检测到Static Trip未匹配，feedId=rapid-bus-mrtfeeder，snapshotUid=dbc9a58c-da0f-4533-a96e-6a92b13cfa9d，vehicleId=VAF5766，原始观测继续保存
2026-08-31 00:06:28.415 [mytransitgps-continuous-collector] WARN  c.m.persistence.service.JohorRealtimeQcAnnotator - 检测到Static Route未匹配，feedId=rapid-bus-mrtfeeder，snapshotUid=dbc9a58c-da0f-4533-a96e-6a92b13cfa9d，vehicleId=VAF5780，原始观测继续保存
2026-08-31 00:06:28.415 [mytransitgps-continuous-collector] WARN  c.m.persistence.service.JohorRealtimeQcAnnotator - 检测到Static Trip未匹配，feedId=rapid-bus-mrtfeeder，snapshotUid=dbc9a58c-da0f-4533-a96e-6a92b13cfa9d，vehicleId=VAF5780，原始观测继续保存
2026-08-31 00:06:28.415 [mytransitgps-continuous-collector] WARN  c.m.persistence.service.JohorRealtimeQcAnnotator - 检测到Static Route未匹配，feedId=rapid-bus-mrtfeeder，snapshotUid=dbc9a58c-da0f-4533-a96e-6a92b13cfa9d，vehicleId=VAF6417，原始观测继续保存
2026-08-31 00:06:28.415 [mytransitgps-continuous-collector] WARN  c.m.persistence.service.JohorRealtimeQcAnnotator - 检测到Static Trip未匹配，feedId=rapid-bus-mrtfeeder，snapshotUid=dbc9a58c-da0f-4533-a96e-6a92b13cfa9d，vehicleId=VAF6417，原始观测继续保存
2026-08-31 00:06:28.415 [mytransitgps-continuous-collector] WARN  c.m.persistence.service.JohorRealtimeQcAnnotator - 检测到Static Route未匹配，feedId=rapid-bus-mrtfeeder，snapshotUid=dbc9a58c-da0f-4533-a96e-6a92b13cfa9d，vehicleId=VAG4711，原始观测继续保存
2026-08-31 00:06:28.415 [mytransitgps-continuous-collector] WARN  c.m.persistence.service.JohorRealtimeQcAnnotator - 检测到Static Trip未匹配，feedId=rapid-bus-mrtfeeder，snapshotUid=dbc9a58c-da0f-4533-a96e-6a92b13cfa9d，vehicleId=VAG4711，原始观测继续保存
2026-08-31 00:06:28.415 [mytransitgps-continuous-collector] WARN  c.m.persistence.service.JohorRealtimeQcAnnotator - 检测到Static Route未匹配，feedId=rapid-bus-mrtfeeder，snapshotUid=dbc9a58c-da0f-4533-a96e-6a92b13cfa9d，vehicleId=VAG4750，原始观测继续保存
2026-08-31 00:06:28.415 [mytransitgps-continuous-collector] WARN  c.m.persistence.service.JohorRealtimeQcAnnotator - 检测到Static Trip未匹配，feedId=rapid-bus-mrtfeeder，snapshotUid=dbc9a58c-da0f-4533-a96e-6a92b13cfa9d，vehicleId=VAG4750，原始观测继续保存
2026-08-31 00:06:28.415 [mytransitgps-continuous-collector] WARN  c.m.persistence.service.JohorRealtimeQcAnnotator - 检测到Static Route未匹配，feedId=rapid-bus-mrtfeeder，snapshotUid=dbc9a58c-da0f-4533-a96e-6a92b13cfa9d，vehicleId=VAG4871，原始观测继续保存
2026-08-31 00:06:28.415 [mytransitgps-continuous-collector] WARN  c.m.persistence.service.JohorRealtimeQcAnnotator - 检测到Static Trip未匹配，feedId=rapid-bus-mrtfeeder，snapshotUid=dbc9a58c-da0f-4533-a96e-6a92b13cfa9d，vehicleId=VAG4871，原始观测继续保存
2026-08-31 00:06:28.415 [mytransitgps-continuous-collector] WARN  c.m.persistence.service.JohorRealtimeQcAnnotator - 检测到Static Route未匹配，feedId=rapid-bus-mrtfeeder，snapshotUid=dbc9a58c-da0f-4533-a96e-6a92b13cfa9d，vehicleId=VAG4872，原始观测继续保存
2026-08-31 00:06:28.415 [mytransitgps-continuous-collector] WARN  c.m.persistence.service.JohorRealtimeQcAnnotator - 检测到Static Trip未匹配，feedId=rapid-bus-mrtfeeder，snapshotUid=dbc9a58c-da0f-4533-a96e-6a92b13cfa9d，vehicleId=VAG4872，原始观测继续保存
2026-08-31 00:06:28.415 [mytransitgps-continuous-collector] WARN  c.m.persistence.service.JohorRealtimeQcAnnotator - 检测到Static Route未匹配，feedId=rapid-bus-mrtfeeder，snapshotUid=dbc9a58c-da0f-4533-a96e-6a92b13cfa9d，vehicleId=VAG6349，原始观测继续保存
2026-08-31 00:06:28.415 [mytransitgps-continuous-collector] WARN  c.m.persistence.service.JohorRealtimeQcAnnotator - 检测到Static Trip未匹配，feedId=rapid-bus-mrtfeeder，snapshotUid=dbc9a58c-da0f-4533-a96e-6a92b13cfa9d，vehicleId=VAG6349，原始观测继续保存
2026-08-31 00:06:28.415 [mytransitgps-continuous-collector] WARN  c.m.persistence.service.JohorRealtimeQcAnnotator - 检测到Static Route未匹配，feedId=rapid-bus-mrtfeeder，snapshotUid=dbc9a58c-da0f-4533-a96e-6a92b13cfa9d，vehicleId=VAG8054，原始观测继续保存
2026-08-31 00:06:28.415 [mytransitgps-continuous-collector] WARN  c.m.persistence.service.JohorRealtimeQcAnnotator - 检测到Static Trip未匹配，feedId=rapid-bus-mrtfeeder，snapshotUid=dbc9a58c-da0f-4533-a96e-6a92b13cfa9d，vehicleId=VAG8054，原始观测继续保存
2026-08-31 00:06:28.415 [mytransitgps-continuous-collector] WARN  c.m.persistence.service.JohorRealtimeQcAnnotator - 检测到Static Route未匹配，feedId=rapid-bus-mrtfeeder，snapshotUid=dbc9a58c-da0f-4533-a96e-6a92b13cfa9d，vehicleId=VAH9043，原始观测继续保存
2026-08-31 00:06:28.415 [mytransitgps-continuous-collector] WARN  c.m.persistence.service.JohorRealtimeQcAnnotator - 检测到Static Trip未匹配，feedId=rapid-bus-mrtfeeder，snapshotUid=dbc9a58c-da0f-4533-a96e-6a92b13cfa9d，vehicleId=VAH9043，原始观测继续保存
2026-08-31 00:06:28.415 [mytransitgps-continuous-collector] WARN  c.m.persistence.service.JohorRealtimeQcAnnotator - 检测到Static Route未匹配，feedId=rapid-bus-mrtfeeder，snapshotUid=dbc9a58c-da0f-4533-a96e-6a92b13cfa9d，vehicleId=VAH9045，原始观测继续保存
2026-08-31 00:06:28.415 [mytransitgps-continuous-collector] WARN  c.m.persistence.service.JohorRealtimeQcAnnotator - 检测到Static Trip未匹配，feedId=rapid-bus-mrtfeeder，snapshotUid=dbc9a58c-da0f-4533-a96e-6a92b13cfa9d，vehicleId=VAH9045，原始观测继续保存
2026-08-31 00:06:28.416 [mytransitgps-continuous-collector] WARN  c.m.persistence.service.JohorRealtimeQcAnnotator - 检测到Static Route未匹配，feedId=rapid-bus-mrtfeeder，snapshotUid=dbc9a58c-da0f-4533-a96e-6a92b13cfa9d，vehicleId=VAJ1481，原始观测继续保存
2026-08-31 00:06:28.416 [mytransitgps-continuous-collector] WARN  c.m.persistence.service.JohorRealtimeQcAnnotator - 检测到Static Trip未匹配，feedId=rapid-bus-mrtfeeder，snapshotUid=dbc9a58c-da0f-4533-a96e-6a92b13cfa9d，vehicleId=VAJ1481，原始观测继续保存
2026-08-31 00:06:28.416 [mytransitgps-continuous-collector] WARN  c.m.persistence.service.JohorRealtimeQcAnnotator - 检测到Static Route未匹配，feedId=rapid-bus-mrtfeeder，snapshotUid=dbc9a58c-da0f-4533-a96e-6a92b13cfa9d，vehicleId=VAJ1482，原始观测继续保存
2026-08-31 00:06:28.416 [mytransitgps-continuous-collector] WARN  c.m.persistence.service.JohorRealtimeQcAnnotator - 检测到Static Trip未匹配，feedId=rapid-bus-mrtfeeder，snapshotUid=dbc9a58c-da0f-4533-a96e-6a92b13cfa9d，vehicleId=VAJ1482，原始观测继续保存
2026-08-31 00:06:28.416 [mytransitgps-continuous-collector] WARN  c.m.persistence.service.JohorRealtimeQcAnnotator - 检测到Static Route未匹配，feedId=rapid-bus-mrtfeeder，snapshotUid=dbc9a58c-da0f-4533-a96e-6a92b13cfa9d，vehicleId=VAJ2895，原始观测继续保存
2026-08-31 00:06:28.416 [mytransitgps-continuous-collector] WARN  c.m.persistence.service.JohorRealtimeQcAnnotator - 检测到Static Trip未匹配，feedId=rapid-bus-mrtfeeder，snapshotUid=dbc9a58c-da0f-4533-a96e-6a92b13cfa9d，vehicleId=VAJ2895，原始观测继续保存
2026-08-31 00:06:28.416 [mytransitgps-continuous-collector] WARN  c.m.persistence.service.JohorRealtimeQcAnnotator - 检测到Static Route未匹配，feedId=rapid-bus-mrtfeeder，snapshotUid=dbc9a58c-da0f-4533-a96e-6a92b13cfa9d，vehicleId=VAK1014，原始观测继续保存
2026-08-31 00:06:28.416 [mytransitgps-continuous-collector] WARN  c.m.persistence.service.JohorRealtimeQcAnnotator - 检测到Static Trip未匹配，feedId=rapid-bus-mrtfeeder，snapshotUid=dbc9a58c-da0f-4533-a96e-6a92b13cfa9d，vehicleId=VAK1014，原始观测继续保存
2026-08-31 00:06:28.416 [mytransitgps-continuous-collector] WARN  c.m.persistence.service.JohorRealtimeQcAnnotator - 检测到Static Route未匹配，feedId=rapid-bus-mrtfeeder，snapshotUid=dbc9a58c-da0f-4533-a96e-6a92b13cfa9d，vehicleId=VAL4552，原始观测继续保存
2026-08-31 00:06:28.416 [mytransitgps-continuous-collector] WARN  c.m.persistence.service.JohorRealtimeQcAnnotator - 检测到Static Trip未匹配，feedId=rapid-bus-mrtfeeder，snapshotUid=dbc9a58c-da0f-4533-a96e-6a92b13cfa9d，vehicleId=VAL4552，原始观测继续保存
2026-08-31 00:06:28.416 [mytransitgps-continuous-collector] WARN  c.m.persistence.service.JohorRealtimeQcAnnotator - 检测到Future Timestamp，feedId=rapid-bus-mrtfeeder，snapshotUid=dbc9a58c-da0f-4533-a96e-6a92b13cfa9d，vehicleId=VAL4552，vehicleTime=1886017556，原始时间戳继续保存
2026-08-31 00:06:28.416 [mytransitgps-continuous-collector] WARN  c.m.persistence.service.JohorRealtimeQcAnnotator - 检测到Static Route未匹配，feedId=rapid-bus-mrtfeeder，snapshotUid=dbc9a58c-da0f-4533-a96e-6a92b13cfa9d，vehicleId=VG6480，原始观测继续保存
2026-08-31 00:06:28.416 [mytransitgps-continuous-collector] WARN  c.m.persistence.service.JohorRealtimeQcAnnotator - 检测到Static Trip未匹配，feedId=rapid-bus-mrtfeeder，snapshotUid=dbc9a58c-da0f-4533-a96e-6a92b13cfa9d，vehicleId=VG6480，原始观测继续保存
2026-08-31 00:06:28.416 [mytransitgps-continuous-collector] WARN  c.m.persistence.service.JohorRealtimeQcAnnotator - 检测到Static Route未匹配，feedId=rapid-bus-mrtfeeder，snapshotUid=dbc9a58c-da0f-4533-a96e-6a92b13cfa9d，vehicleId=VG6514，原始观测继续保存
2026-08-31 00:06:28.416 [mytransitgps-continuous-collector] WARN  c.m.persistence.service.JohorRealtimeQcAnnotator - 检测到Static Trip未匹配，feedId=rapid-bus-mrtfeeder，snapshotUid=dbc9a58c-da0f-4533-a96e-6a92b13cfa9d，vehicleId=VG6514，原始观测继续保存
2026-08-31 00:06:28.416 [mytransitgps-continuous-collector] WARN  c.m.persistence.service.JohorRealtimeQcAnnotator - 检测到Static Route未匹配，feedId=rapid-bus-mrtfeeder，snapshotUid=dbc9a58c-da0f-4533-a96e-6a92b13cfa9d，vehicleId=VG8703，原始观测继续保存
2026-08-31 00:06:28.416 [mytransitgps-continuous-collector] WARN  c.m.persistence.service.JohorRealtimeQcAnnotator - 检测到Static Trip未匹配，feedId=rapid-bus-mrtfeeder，snapshotUid=dbc9a58c-da0f-4533-a96e-6a92b13cfa9d，vehicleId=VG8703，原始观测继续保存
2026-08-31 00:06:28.416 [mytransitgps-continuous-collector] WARN  c.m.persistence.service.JohorRealtimeQcAnnotator - 检测到Static Route未匹配，feedId=rapid-bus-mrtfeeder，snapshotUid=dbc9a58c-da0f-4533-a96e-6a92b13cfa9d，vehicleId=VG8769，原始观测继续保存
2026-08-31 00:06:28.416 [mytransitgps-continuous-collector] WARN  c.m.persistence.service.JohorRealtimeQcAnnotator - 检测到Static Trip未匹配，feedId=rapid-bus-mrtfeeder，snapshotUid=dbc9a58c-da0f-4533-a96e-6a92b13cfa9d，vehicleId=VG8769，原始观测继续保存
2026-08-31 00:06:28.416 [mytransitgps-continuous-collector] WARN  c.m.persistence.service.JohorRealtimeQcAnnotator - 检测到Static Route未匹配，feedId=rapid-bus-mrtfeeder，snapshotUid=dbc9a58c-da0f-4533-a96e-6a92b13cfa9d，vehicleId=VH2049，原始观测继续保存
2026-08-31 00:06:28.416 [mytransitgps-continuous-collector] WARN  c.m.persistence.service.JohorRealtimeQcAnnotator - 检测到Static Trip未匹配，feedId=rapid-bus-mrtfeeder，snapshotUid=dbc9a58c-da0f-4533-a96e-6a92b13cfa9d，vehicleId=VH2049，原始观测继续保存
2026-08-31 00:06:28.416 [mytransitgps-continuous-collector] WARN  c.m.persistence.service.JohorRealtimeQcAnnotator - 检测到Static Route未匹配，feedId=rapid-bus-mrtfeeder，snapshotUid=dbc9a58c-da0f-4533-a96e-6a92b13cfa9d，vehicleId=VH2057，原始观测继续保存
2026-08-31 00:06:28.416 [mytransitgps-continuous-collector] WARN  c.m.persistence.service.JohorRealtimeQcAnnotator - 检测到Static Trip未匹配，feedId=rapid-bus-mrtfeeder，snapshotUid=dbc9a58c-da0f-4533-a96e-6a92b13cfa9d，vehicleId=VH2057，原始观测继续保存
2026-08-31 00:06:28.416 [mytransitgps-continuous-collector] WARN  c.m.persistence.service.JohorRealtimeQcAnnotator - 检测到Static Route未匹配，feedId=rapid-bus-mrtfeeder，snapshotUid=dbc9a58c-da0f-4533-a96e-6a92b13cfa9d，vehicleId=VH2059，原始观测继续保存
2026-08-31 00:06:28.416 [mytransitgps-continuous-collector] WARN  c.m.persistence.service.JohorRealtimeQcAnnotator - 检测到Static Trip未匹配，feedId=rapid-bus-mrtfeeder，snapshotUid=dbc9a58c-da0f-4533-a96e-6a92b13cfa9d，vehicleId=VH2059，原始观测继续保存
2026-08-31 00:06:28.416 [mytransitgps-continuous-collector] WARN  c.m.persistence.service.JohorRealtimeQcAnnotator - 检测到Static Route未匹配，feedId=rapid-bus-mrtfeeder，snapshotUid=dbc9a58c-da0f-4533-a96e-6a92b13cfa9d，vehicleId=VH2494，原始观测继续保存
2026-08-31 00:06:28.416 [mytransitgps-continuous-collector] WARN  c.m.persistence.service.JohorRealtimeQcAnnotator - 检测到Static Trip未匹配，feedId=rapid-bus-mrtfeeder，snapshotUid=dbc9a58c-da0f-4533-a96e-6a92b13cfa9d，vehicleId=VH2494，原始观测继续保存
2026-08-31 00:06:28.416 [mytransitgps-continuous-collector] WARN  c.m.persistence.service.JohorRealtimeQcAnnotator - 检测到Static Route未匹配，feedId=rapid-bus-mrtfeeder，snapshotUid=dbc9a58c-da0f-4533-a96e-6a92b13cfa9d，vehicleId=VH2499，原始观测继续保存
2026-08-31 00:06:28.416 [mytransitgps-continuous-collector] WARN  c.m.persistence.service.JohorRealtimeQcAnnotator - 检测到Static Trip未匹配，feedId=rapid-bus-mrtfeeder，snapshotUid=dbc9a58c-da0f-4533-a96e-6a92b13cfa9d，vehicleId=VH2499，原始观测继续保存
2026-08-31 00:06:28.416 [mytransitgps-continuous-collector] WARN  c.m.persistence.service.JohorRealtimeQcAnnotator - 检测到Static Route未匹配，feedId=rapid-bus-mrtfeeder，snapshotUid=dbc9a58c-da0f-4533-a96e-6a92b13cfa9d，vehicleId=VH2540，原始观测继续保存
2026-08-31 00:06:28.416 [mytransitgps-continuous-collector] WARN  c.m.persistence.service.JohorRealtimeQcAnnotator - 检测到Static Trip未匹配，feedId=rapid-bus-mrtfeeder，snapshotUid=dbc9a58c-da0f-4533-a96e-6a92b13cfa9d，vehicleId=VH2540，原始观测继续保存
2026-08-31 00:06:28.416 [mytransitgps-continuous-collector] WARN  c.m.persistence.service.JohorRealtimeQcAnnotator - 检测到Static Route未匹配，feedId=rapid-bus-mrtfeeder，snapshotUid=dbc9a58c-da0f-4533-a96e-6a92b13cfa9d，vehicleId=VH3593，原始观测继续保存
2026-08-31 00:06:28.416 [mytransitgps-continuous-collector] WARN  c.m.persistence.service.JohorRealtimeQcAnnotator - 检测到Static Trip未匹配，feedId=rapid-bus-mrtfeeder，snapshotUid=dbc9a58c-da0f-4533-a96e-6a92b13cfa9d，vehicleId=VH3593，原始观测继续保存
2026-08-31 00:06:28.416 [mytransitgps-continuous-collector] WARN  c.m.persistence.service.JohorRealtimeQcAnnotator - 检测到Static Route未匹配，feedId=rapid-bus-mrtfeeder，snapshotUid=dbc9a58c-da0f-4533-a96e-6a92b13cfa9d，vehicleId=VH4037，原始观测继续保存
2026-08-31 00:06:28.416 [mytransitgps-continuous-collector] WARN  c.m.persistence.service.JohorRealtimeQcAnnotator - 检测到Static Trip未匹配，feedId=rapid-bus-mrtfeeder，snapshotUid=dbc9a58c-da0f-4533-a96e-6a92b13cfa9d，vehicleId=VH4037，原始观测继续保存
2026-08-31 00:06:28.416 [mytransitgps-continuous-collector] WARN  c.m.persistence.service.JohorRealtimeQcAnnotator - 检测到Static Route未匹配，feedId=rapid-bus-mrtfeeder，snapshotUid=dbc9a58c-da0f-4533-a96e-6a92b13cfa9d，vehicleId=VH4268，原始观测继续保存
2026-08-31 00:06:28.416 [mytransitgps-continuous-collector] WARN  c.m.persistence.service.JohorRealtimeQcAnnotator - 检测到Static Trip未匹配，feedId=rapid-bus-mrtfeeder，snapshotUid=dbc9a58c-da0f-4533-a96e-6a92b13cfa9d，vehicleId=VH4268，原始观测继续保存
2026-08-31 00:06:28.416 [mytransitgps-continuous-collector] WARN  c.m.persistence.service.JohorRealtimeQcAnnotator - 检测到Static Route未匹配，feedId=rapid-bus-mrtfeeder，snapshotUid=dbc9a58c-da0f-4533-a96e-6a92b13cfa9d，vehicleId=VH4604，原始观测继续保存
2026-08-31 00:06:28.416 [mytransitgps-continuous-collector] WARN  c.m.persistence.service.JohorRealtimeQcAnnotator - 检测到Static Trip未匹配，feedId=rapid-bus-mrtfeeder，snapshotUid=dbc9a58c-da0f-4533-a96e-6a92b13cfa9d，vehicleId=VH4604，原始观测继续保存
2026-08-31 00:06:28.416 [mytransitgps-continuous-collector] WARN  c.m.persistence.service.JohorRealtimeQcAnnotator - 检测到Static Route未匹配，feedId=rapid-bus-mrtfeeder，snapshotUid=dbc9a58c-da0f-4533-a96e-6a92b13cfa9d，vehicleId=VK2684，原始观测继续保存
2026-08-31 00:06:28.416 [mytransitgps-continuous-collector] WARN  c.m.persistence.service.JohorRealtimeQcAnnotator - 检测到Static Trip未匹配，feedId=rapid-bus-mrtfeeder，snapshotUid=dbc9a58c-da0f-4533-a96e-6a92b13cfa9d，vehicleId=VK2684，原始观测继续保存
2026-08-31 00:06:28.417 [mytransitgps-continuous-collector] WARN  c.m.persistence.service.JohorRealtimeQcAnnotator - 检测到Static Route未匹配，feedId=rapid-bus-mrtfeeder，snapshotUid=dbc9a58c-da0f-4533-a96e-6a92b13cfa9d，vehicleId=VK2913，原始观测继续保存
2026-08-31 00:06:28.417 [mytransitgps-continuous-collector] WARN  c.m.persistence.service.JohorRealtimeQcAnnotator - 检测到Static Trip未匹配，feedId=rapid-bus-mrtfeeder，snapshotUid=dbc9a58c-da0f-4533-a96e-6a92b13cfa9d，vehicleId=VK2913，原始观测继续保存
2026-08-31 00:06:28.417 [mytransitgps-continuous-collector] WARN  c.m.persistence.service.JohorRealtimeQcAnnotator - 检测到Static Route未匹配，feedId=rapid-bus-mrtfeeder，snapshotUid=dbc9a58c-da0f-4533-a96e-6a92b13cfa9d，vehicleId=VK6475，原始观测继续保存
2026-08-31 00:06:28.417 [mytransitgps-continuous-collector] WARN  c.m.persistence.service.JohorRealtimeQcAnnotator - 检测到Static Trip未匹配，feedId=rapid-bus-mrtfeeder，snapshotUid=dbc9a58c-da0f-4533-a96e-6a92b13cfa9d，vehicleId=VK6475，原始观测继续保存
2026-08-31 00:06:28.417 [mytransitgps-continuous-collector] WARN  c.m.persistence.service.JohorRealtimeQcAnnotator - 检测到Static Route未匹配，feedId=rapid-bus-mrtfeeder，snapshotUid=dbc9a58c-da0f-4533-a96e-6a92b13cfa9d，vehicleId=VM1879，原始观测继续保存
2026-08-31 00:06:28.417 [mytransitgps-continuous-collector] WARN  c.m.persistence.service.JohorRealtimeQcAnnotator - 检测到Static Trip未匹配，feedId=rapid-bus-mrtfeeder，snapshotUid=dbc9a58c-da0f-4533-a96e-6a92b13cfa9d，vehicleId=VM1879，原始观测继续保存
2026-08-31 00:06:28.417 [mytransitgps-continuous-collector] WARN  c.m.persistence.service.JohorRealtimeQcAnnotator - 检测到Static Route未匹配，feedId=rapid-bus-mrtfeeder，snapshotUid=dbc9a58c-da0f-4533-a96e-6a92b13cfa9d，vehicleId=VX2890，原始观测继续保存
2026-08-31 00:06:28.417 [mytransitgps-continuous-collector] WARN  c.m.persistence.service.JohorRealtimeQcAnnotator - 检测到Static Trip未匹配，feedId=rapid-bus-mrtfeeder，snapshotUid=dbc9a58c-da0f-4533-a96e-6a92b13cfa9d，vehicleId=VX2890，原始观测继续保存
2026-08-31 00:06:28.417 [mytransitgps-continuous-collector] WARN  c.m.persistence.service.JohorRealtimeQcAnnotator - 检测到Static Route未匹配，feedId=rapid-bus-mrtfeeder，snapshotUid=dbc9a58c-da0f-4533-a96e-6a92b13cfa9d，vehicleId=VX3035，原始观测继续保存
2026-08-31 00:06:28.417 [mytransitgps-continuous-collector] WARN  c.m.persistence.service.JohorRealtimeQcAnnotator - 检测到Static Trip未匹配，feedId=rapid-bus-mrtfeeder，snapshotUid=dbc9a58c-da0f-4533-a96e-6a92b13cfa9d，vehicleId=VX3035，原始观测继续保存
2026-08-31 00:07:40.323 [mytransitgps-continuous-collector] WARN  c.m.gtfs.service.RealtimeStaticEnrichmentService - Realtime Static补全存在未匹配项，城市=Kuching，feedId=mybas-kuching，routeUnresolved=1，tripUnmatched=1，原始Realtime实体继续保留
2026-08-31 00:07:40.323 [mytransitgps-continuous-collector] WARN  c.m.persistence.service.JohorRealtimeQcAnnotator - 检测到Static Route未匹配，feedId=mybas-kuching，snapshotUid=1c840cc3-8fcf-422a-9f34-e3eb734ed066，vehicleId=MADANI2160，原始观测继续保存
2026-08-31 00:07:40.323 [mytransitgps-continuous-collector] WARN  c.m.persistence.service.JohorRealtimeQcAnnotator - 检测到Static Trip未匹配，feedId=mybas-kuching，snapshotUid=1c840cc3-8fcf-422a-9f34-e3eb734ed066，vehicleId=MADANI2160，原始观测继续保存
2026-08-31 00:08:28.387 [mytransitgps-continuous-collector] WARN  c.m.gtfs.service.RealtimeStaticEnrichmentService - Realtime Static补全存在未匹配项，城市=Kuala Lumpur，feedId=rapid-bus-mrtfeeder，routeUnresolved=39，tripUnmatched=39，原始Realtime实体继续保留
2026-08-31 00:08:28.387 [mytransitgps-continuous-collector] WARN  c.m.persistence.service.JohorRealtimeQcAnnotator - 检测到Static Route未匹配，feedId=rapid-bus-mrtfeeder，snapshotUid=71bac82b-e4f0-4f04-8089-c8cc40fb689c，vehicleId=VAC5746，原始观测继续保存
2026-08-31 00:08:28.387 [mytransitgps-continuous-collector] WARN  c.m.persistence.service.JohorRealtimeQcAnnotator - 检测到Static Trip未匹配，feedId=rapid-bus-mrtfeeder，snapshotUid=71bac82b-e4f0-4f04-8089-c8cc40fb689c，vehicleId=VAC5746，原始观测继续保存
2026-08-31 00:08:28.387 [mytransitgps-continuous-collector] WARN  c.m.persistence.service.JohorRealtimeQcAnnotator - 检测到Static Route未匹配，feedId=rapid-bus-mrtfeeder，snapshotUid=71bac82b-e4f0-4f04-8089-c8cc40fb689c，vehicleId=VAC9627，原始观测继续保存
2026-08-31 00:08:28.387 [mytransitgps-continuous-collector] WARN  c.m.persistence.service.JohorRealtimeQcAnnotator - 检测到Static Trip未匹配，feedId=rapid-bus-mrtfeeder，snapshotUid=71bac82b-e4f0-4f04-8089-c8cc40fb689c，vehicleId=VAC9627，原始观测继续保存
2026-08-31 00:08:28.387 [mytransitgps-continuous-collector] WARN  c.m.persistence.service.JohorRealtimeQcAnnotator - 检测到Static Route未匹配，feedId=rapid-bus-mrtfeeder，snapshotUid=71bac82b-e4f0-4f04-8089-c8cc40fb689c，vehicleId=VAE7196，原始观测继续保存
2026-08-31 00:08:28.387 [mytransitgps-continuous-collector] WARN  c.m.persistence.service.JohorRealtimeQcAnnotator - 检测到Static Trip未匹配，feedId=rapid-bus-mrtfeeder，snapshotUid=71bac82b-e4f0-4f04-8089-c8cc40fb689c，vehicleId=VAE7196，原始观测继续保存
2026-08-31 00:08:28.387 [mytransitgps-continuous-collector] WARN  c.m.persistence.service.JohorRealtimeQcAnnotator - 检测到Static Route未匹配，feedId=rapid-bus-mrtfeeder，snapshotUid=71bac82b-e4f0-4f04-8089-c8cc40fb689c，vehicleId=VAF5439，原始观测继续保存
2026-08-31 00:08:28.387 [mytransitgps-continuous-collector] WARN  c.m.persistence.service.JohorRealtimeQcAnnotator - 检测到Static Trip未匹配，feedId=rapid-bus-mrtfeeder，snapshotUid=71bac82b-e4f0-4f04-8089-c8cc40fb689c，vehicleId=VAF5439，原始观测继续保存
2026-08-31 00:08:28.387 [mytransitgps-continuous-collector] WARN  c.m.persistence.service.JohorRealtimeQcAnnotator - 检测到Static Route未匹配，feedId=rapid-bus-mrtfeeder，snapshotUid=71bac82b-e4f0-4f04-8089-c8cc40fb689c，vehicleId=VAF5441，原始观测继续保存
2026-08-31 00:08:28.387 [mytransitgps-continuous-collector] WARN  c.m.persistence.service.JohorRealtimeQcAnnotator - 检测到Static Trip未匹配，feedId=rapid-bus-mrtfeeder，snapshotUid=71bac82b-e4f0-4f04-8089-c8cc40fb689c，vehicleId=VAF5441，原始观测继续保存
2026-08-31 00:08:28.387 [mytransitgps-continuous-collector] WARN  c.m.persistence.service.JohorRealtimeQcAnnotator - 检测到Static Route未匹配，feedId=rapid-bus-mrtfeeder，snapshotUid=71bac82b-e4f0-4f04-8089-c8cc40fb689c，vehicleId=VAF5766，原始观测继续保存
2026-08-31 00:08:28.387 [mytransitgps-continuous-collector] WARN  c.m.persistence.service.JohorRealtimeQcAnnotator - 检测到Static Trip未匹配，feedId=rapid-bus-mrtfeeder，snapshotUid=71bac82b-e4f0-4f04-8089-c8cc40fb689c，vehicleId=VAF5766，原始观测继续保存
2026-08-31 00:08:28.387 [mytransitgps-continuous-collector] WARN  c.m.persistence.service.JohorRealtimeQcAnnotator - 检测到Static Route未匹配，feedId=rapid-bus-mrtfeeder，snapshotUid=71bac82b-e4f0-4f04-8089-c8cc40fb689c，vehicleId=VAF5780，原始观测继续保存
2026-08-31 00:08:28.387 [mytransitgps-continuous-collector] WARN  c.m.persistence.service.JohorRealtimeQcAnnotator - 检测到Static Trip未匹配，feedId=rapid-bus-mrtfeeder，snapshotUid=71bac82b-e4f0-4f04-8089-c8cc40fb689c，vehicleId=VAF5780，原始观测继续保存
2026-08-31 00:08:28.387 [mytransitgps-continuous-collector] WARN  c.m.persistence.service.JohorRealtimeQcAnnotator - 检测到Static Route未匹配，feedId=rapid-bus-mrtfeeder，snapshotUid=71bac82b-e4f0-4f04-8089-c8cc40fb689c，vehicleId=VAF6417，原始观测继续保存
2026-08-31 00:08:28.387 [mytransitgps-continuous-collector] WARN  c.m.persistence.service.JohorRealtimeQcAnnotator - 检测到Static Trip未匹配，feedId=rapid-bus-mrtfeeder，snapshotUid=71bac82b-e4f0-4f04-8089-c8cc40fb689c，vehicleId=VAF6417，原始观测继续保存
2026-08-31 00:08:28.387 [mytransitgps-continuous-collector] WARN  c.m.persistence.service.JohorRealtimeQcAnnotator - 检测到Static Route未匹配，feedId=rapid-bus-mrtfeeder，snapshotUid=71bac82b-e4f0-4f04-8089-c8cc40fb689c，vehicleId=VAG4711，原始观测继续保存
2026-08-31 00:08:28.387 [mytransitgps-continuous-collector] WARN  c.m.persistence.service.JohorRealtimeQcAnnotator - 检测到Static Trip未匹配，feedId=rapid-bus-mrtfeeder，snapshotUid=71bac82b-e4f0-4f04-8089-c8cc40fb689c，vehicleId=VAG4711，原始观测继续保存
2026-08-31 00:08:28.387 [mytransitgps-continuous-collector] WARN  c.m.persistence.service.JohorRealtimeQcAnnotator - 检测到Static Route未匹配，feedId=rapid-bus-mrtfeeder，snapshotUid=71bac82b-e4f0-4f04-8089-c8cc40fb689c，vehicleId=VAG4750，原始观测继续保存
2026-08-31 00:08:28.387 [mytransitgps-continuous-collector] WARN  c.m.persistence.service.JohorRealtimeQcAnnotator - 检测到Static Trip未匹配，feedId=rapid-bus-mrtfeeder，snapshotUid=71bac82b-e4f0-4f04-8089-c8cc40fb689c，vehicleId=VAG4750，原始观测继续保存
2026-08-31 00:08:28.387 [mytransitgps-continuous-collector] WARN  c.m.persistence.service.JohorRealtimeQcAnnotator - 检测到Static Route未匹配，feedId=rapid-bus-mrtfeeder，snapshotUid=71bac82b-e4f0-4f04-8089-c8cc40fb689c，vehicleId=VAG4871，原始观测继续保存
2026-08-31 00:08:28.387 [mytransitgps-continuous-collector] WARN  c.m.persistence.service.JohorRealtimeQcAnnotator - 检测到Static Trip未匹配，feedId=rapid-bus-mrtfeeder，snapshotUid=71bac82b-e4f0-4f04-8089-c8cc40fb689c，vehicleId=VAG4871，原始观测继续保存
2026-08-31 00:08:28.387 [mytransitgps-continuous-collector] WARN  c.m.persistence.service.JohorRealtimeQcAnnotator - 检测到Static Route未匹配，feedId=rapid-bus-mrtfeeder，snapshotUid=71bac82b-e4f0-4f04-8089-c8cc40fb689c，vehicleId=VAG4872，原始观测继续保存
2026-08-31 00:08:28.387 [mytransitgps-continuous-collector] WARN  c.m.persistence.service.JohorRealtimeQcAnnotator - 检测到Static Trip未匹配，feedId=rapid-bus-mrtfeeder，snapshotUid=71bac82b-e4f0-4f04-8089-c8cc40fb689c，vehicleId=VAG4872，原始观测继续保存
2026-08-31 00:08:28.387 [mytransitgps-continuous-collector] WARN  c.m.persistence.service.JohorRealtimeQcAnnotator - 检测到Static Route未匹配，feedId=rapid-bus-mrtfeeder，snapshotUid=71bac82b-e4f0-4f04-8089-c8cc40fb689c，vehicleId=VAG6349，原始观测继续保存
2026-08-31 00:08:28.387 [mytransitgps-continuous-collector] WARN  c.m.persistence.service.JohorRealtimeQcAnnotator - 检测到Static Trip未匹配，feedId=rapid-bus-mrtfeeder，snapshotUid=71bac82b-e4f0-4f04-8089-c8cc40fb689c，vehicleId=VAG6349，原始观测继续保存
2026-08-31 00:08:28.387 [mytransitgps-continuous-collector] WARN  c.m.persistence.service.JohorRealtimeQcAnnotator - 检测到Static Route未匹配，feedId=rapid-bus-mrtfeeder，snapshotUid=71bac82b-e4f0-4f04-8089-c8cc40fb689c，vehicleId=VAG8054，原始观测继续保存
2026-08-31 00:08:28.387 [mytransitgps-continuous-collector] WARN  c.m.persistence.service.JohorRealtimeQcAnnotator - 检测到Static Trip未匹配，feedId=rapid-bus-mrtfeeder，snapshotUid=71bac82b-e4f0-4f04-8089-c8cc40fb689c，vehicleId=VAG8054，原始观测继续保存
2026-08-31 00:08:28.387 [mytransitgps-continuous-collector] WARN  c.m.persistence.service.JohorRealtimeQcAnnotator - 检测到Static Route未匹配，feedId=rapid-bus-mrtfeeder，snapshotUid=71bac82b-e4f0-4f04-8089-c8cc40fb689c，vehicleId=VAH9043，原始观测继续保存
2026-08-31 00:08:28.387 [mytransitgps-continuous-collector] WARN  c.m.persistence.service.JohorRealtimeQcAnnotator - 检测到Static Trip未匹配，feedId=rapid-bus-mrtfeeder，snapshotUid=71bac82b-e4f0-4f04-8089-c8cc40fb689c，vehicleId=VAH9043，原始观测继续保存
2026-08-31 00:08:28.387 [mytransitgps-continuous-collector] WARN  c.m.persistence.service.JohorRealtimeQcAnnotator - 检测到Static Route未匹配，feedId=rapid-bus-mrtfeeder，snapshotUid=71bac82b-e4f0-4f04-8089-c8cc40fb689c，vehicleId=VAH9045，原始观测继续保存
2026-08-31 00:08:28.387 [mytransitgps-continuous-collector] WARN  c.m.persistence.service.JohorRealtimeQcAnnotator - 检测到Static Trip未匹配，feedId=rapid-bus-mrtfeeder，snapshotUid=71bac82b-e4f0-4f04-8089-c8cc40fb689c，vehicleId=VAH9045，原始观测继续保存
2026-08-31 00:08:28.387 [mytransitgps-continuous-collector] WARN  c.m.persistence.service.JohorRealtimeQcAnnotator - 检测到Static Route未匹配，feedId=rapid-bus-mrtfeeder，snapshotUid=71bac82b-e4f0-4f04-8089-c8cc40fb689c，vehicleId=VAJ1481，原始观测继续保存
2026-08-31 00:08:28.387 [mytransitgps-continuous-collector] WARN  c.m.persistence.service.JohorRealtimeQcAnnotator - 检测到Static Trip未匹配，feedId=rapid-bus-mrtfeeder，snapshotUid=71bac82b-e4f0-4f04-8089-c8cc40fb689c，vehicleId=VAJ1481，原始观测继续保存
2026-08-31 00:08:28.387 [mytransitgps-continuous-collector] WARN  c.m.persistence.service.JohorRealtimeQcAnnotator - 检测到Static Route未匹配，feedId=rapid-bus-mrtfeeder，snapshotUid=71bac82b-e4f0-4f04-8089-c8cc40fb689c，vehicleId=VAJ1482，原始观测继续保存
2026-08-31 00:08:28.387 [mytransitgps-continuous-collector] WARN  c.m.persistence.service.JohorRealtimeQcAnnotator - 检测到Static Trip未匹配，feedId=rapid-bus-mrtfeeder，snapshotUid=71bac82b-e4f0-4f04-8089-c8cc40fb689c，vehicleId=VAJ1482，原始观测继续保存
2026-08-31 00:08:28.387 [mytransitgps-continuous-collector] WARN  c.m.persistence.service.JohorRealtimeQcAnnotator - 检测到Static Route未匹配，feedId=rapid-bus-mrtfeeder，snapshotUid=71bac82b-e4f0-4f04-8089-c8cc40fb689c，vehicleId=VAJ2895，原始观测继续保存
2026-08-31 00:08:28.387 [mytransitgps-continuous-collector] WARN  c.m.persistence.service.JohorRealtimeQcAnnotator - 检测到Static Trip未匹配，feedId=rapid-bus-mrtfeeder，snapshotUid=71bac82b-e4f0-4f04-8089-c8cc40fb689c，vehicleId=VAJ2895，原始观测继续保存
2026-08-31 00:08:28.388 [mytransitgps-continuous-collector] WARN  c.m.persistence.service.JohorRealtimeQcAnnotator - 检测到Static Route未匹配，feedId=rapid-bus-mrtfeeder，snapshotUid=71bac82b-e4f0-4f04-8089-c8cc40fb689c，vehicleId=VAL4552，原始观测继续保存
2026-08-31 00:08:28.388 [mytransitgps-continuous-collector] WARN  c.m.persistence.service.JohorRealtimeQcAnnotator - 检测到Static Trip未匹配，feedId=rapid-bus-mrtfeeder，snapshotUid=71bac82b-e4f0-4f04-8089-c8cc40fb689c，vehicleId=VAL4552，原始观测继续保存
2026-08-31 00:08:28.388 [mytransitgps-continuous-collector] WARN  c.m.persistence.service.JohorRealtimeQcAnnotator - 检测到Future Timestamp，feedId=rapid-bus-mrtfeeder，snapshotUid=71bac82b-e4f0-4f04-8089-c8cc40fb689c，vehicleId=VAL4552，vehicleTime=1886017556，原始时间戳继续保存
2026-08-31 00:08:28.388 [mytransitgps-continuous-collector] WARN  c.m.persistence.service.JohorRealtimeQcAnnotator - 检测到Static Route未匹配，feedId=rapid-bus-mrtfeeder，snapshotUid=71bac82b-e4f0-4f04-8089-c8cc40fb689c，vehicleId=VG6480，原始观测继续保存
2026-08-31 00:08:28.388 [mytransitgps-continuous-collector] WARN  c.m.persistence.service.JohorRealtimeQcAnnotator - 检测到Static Trip未匹配，feedId=rapid-bus-mrtfeeder，snapshotUid=71bac82b-e4f0-4f04-8089-c8cc40fb689c，vehicleId=VG6480，原始观测继续保存
2026-08-31 00:08:28.388 [mytransitgps-continuous-collector] WARN  c.m.persistence.service.JohorRealtimeQcAnnotator - 检测到Static Route未匹配，feedId=rapid-bus-mrtfeeder，snapshotUid=71bac82b-e4f0-4f04-8089-c8cc40fb689c，vehicleId=VG6514，原始观测继续保存
2026-08-31 00:08:28.388 [mytransitgps-continuous-collector] WARN  c.m.persistence.service.JohorRealtimeQcAnnotator - 检测到Static Trip未匹配，feedId=rapid-bus-mrtfeeder，snapshotUid=71bac82b-e4f0-4f04-8089-c8cc40fb689c，vehicleId=VG6514，原始观测继续保存
2026-08-31 00:08:28.388 [mytransitgps-continuous-collector] WARN  c.m.persistence.service.JohorRealtimeQcAnnotator - 检测到Static Route未匹配，feedId=rapid-bus-mrtfeeder，snapshotUid=71bac82b-e4f0-4f04-8089-c8cc40fb689c，vehicleId=VG8703，原始观测继续保存
2026-08-31 00:08:28.388 [mytransitgps-continuous-collector] WARN  c.m.persistence.service.JohorRealtimeQcAnnotator - 检测到Static Trip未匹配，feedId=rapid-bus-mrtfeeder，snapshotUid=71bac82b-e4f0-4f04-8089-c8cc40fb689c，vehicleId=VG8703，原始观测继续保存
2026-08-31 00:08:28.388 [mytransitgps-continuous-collector] WARN  c.m.persistence.service.JohorRealtimeQcAnnotator - 检测到Static Route未匹配，feedId=rapid-bus-mrtfeeder，snapshotUid=71bac82b-e4f0-4f04-8089-c8cc40fb689c，vehicleId=VG8769，原始观测继续保存
2026-08-31 00:08:28.388 [mytransitgps-continuous-collector] WARN  c.m.persistence.service.JohorRealtimeQcAnnotator - 检测到Static Trip未匹配，feedId=rapid-bus-mrtfeeder，snapshotUid=71bac82b-e4f0-4f04-8089-c8cc40fb689c，vehicleId=VG8769，原始观测继续保存
2026-08-31 00:08:28.388 [mytransitgps-continuous-collector] WARN  c.m.persistence.service.JohorRealtimeQcAnnotator - 检测到Static Route未匹配，feedId=rapid-bus-mrtfeeder，snapshotUid=71bac82b-e4f0-4f04-8089-c8cc40fb689c，vehicleId=VH2049，原始观测继续保存
2026-08-31 00:08:28.388 [mytransitgps-continuous-collector] WARN  c.m.persistence.service.JohorRealtimeQcAnnotator - 检测到Static Trip未匹配，feedId=rapid-bus-mrtfeeder，snapshotUid=71bac82b-e4f0-4f04-8089-c8cc40fb689c，vehicleId=VH2049，原始观测继续保存
2026-08-31 00:08:28.388 [mytransitgps-continuous-collector] WARN  c.m.persistence.service.JohorRealtimeQcAnnotator - 检测到Static Route未匹配，feedId=rapid-bus-mrtfeeder，snapshotUid=71bac82b-e4f0-4f04-8089-c8cc40fb689c，vehicleId=VH2057，原始观测继续保存
2026-08-31 00:08:28.388 [mytransitgps-continuous-collector] WARN  c.m.persistence.service.JohorRealtimeQcAnnotator - 检测到Static Trip未匹配，feedId=rapid-bus-mrtfeeder，snapshotUid=71bac82b-e4f0-4f04-8089-c8cc40fb689c，vehicleId=VH2057，原始观测继续保存
2026-08-31 00:08:28.388 [mytransitgps-continuous-collector] WARN  c.m.persistence.service.JohorRealtimeQcAnnotator - 检测到Static Route未匹配，feedId=rapid-bus-mrtfeeder，snapshotUid=71bac82b-e4f0-4f04-8089-c8cc40fb689c，vehicleId=VH2059，原始观测继续保存
2026-08-31 00:08:28.388 [mytransitgps-continuous-collector] WARN  c.m.persistence.service.JohorRealtimeQcAnnotator - 检测到Static Trip未匹配，feedId=rapid-bus-mrtfeeder，snapshotUid=71bac82b-e4f0-4f04-8089-c8cc40fb689c，vehicleId=VH2059，原始观测继续保存
2026-08-31 00:08:28.388 [mytransitgps-continuous-collector] WARN  c.m.persistence.service.JohorRealtimeQcAnnotator - 检测到Static Route未匹配，feedId=rapid-bus-mrtfeeder，snapshotUid=71bac82b-e4f0-4f04-8089-c8cc40fb689c，vehicleId=VH2499，原始观测继续保存
2026-08-31 00:08:28.388 [mytransitgps-continuous-collector] WARN  c.m.persistence.service.JohorRealtimeQcAnnotator - 检测到Static Trip未匹配，feedId=rapid-bus-mrtfeeder，snapshotUid=71bac82b-e4f0-4f04-8089-c8cc40fb689c，vehicleId=VH2499，原始观测继续保存
2026-08-31 00:08:28.388 [mytransitgps-continuous-collector] WARN  c.m.persistence.service.JohorRealtimeQcAnnotator - 检测到Static Route未匹配，feedId=rapid-bus-mrtfeeder，snapshotUid=71bac82b-e4f0-4f04-8089-c8cc40fb689c，vehicleId=VH2540，原始观测继续保存
2026-08-31 00:08:28.388 [mytransitgps-continuous-collector] WARN  c.m.persistence.service.JohorRealtimeQcAnnotator - 检测到Static Trip未匹配，feedId=rapid-bus-mrtfeeder，snapshotUid=71bac82b-e4f0-4f04-8089-c8cc40fb689c，vehicleId=VH2540，原始观测继续保存
2026-08-31 00:08:28.388 [mytransitgps-continuous-collector] WARN  c.m.persistence.service.JohorRealtimeQcAnnotator - 检测到Static Route未匹配，feedId=rapid-bus-mrtfeeder，snapshotUid=71bac82b-e4f0-4f04-8089-c8cc40fb689c，vehicleId=VH3593，原始观测继续保存
2026-08-31 00:08:28.388 [mytransitgps-continuous-collector] WARN  c.m.persistence.service.JohorRealtimeQcAnnotator - 检测到Static Trip未匹配，feedId=rapid-bus-mrtfeeder，snapshotUid=71bac82b-e4f0-4f04-8089-c8cc40fb689c，vehicleId=VH3593，原始观测继续保存
2026-08-31 00:08:28.388 [mytransitgps-continuous-collector] WARN  c.m.persistence.service.JohorRealtimeQcAnnotator - 检测到Static Route未匹配，feedId=rapid-bus-mrtfeeder，snapshotUid=71bac82b-e4f0-4f04-8089-c8cc40fb689c，vehicleId=VH4037，原始观测继续保存
2026-08-31 00:08:28.388 [mytransitgps-continuous-collector] WARN  c.m.persistence.service.JohorRealtimeQcAnnotator - 检测到Static Trip未匹配，feedId=rapid-bus-mrtfeeder，snapshotUid=71bac82b-e4f0-4f04-8089-c8cc40fb689c，vehicleId=VH4037，原始观测继续保存
2026-08-31 00:08:28.388 [mytransitgps-continuous-collector] WARN  c.m.persistence.service.JohorRealtimeQcAnnotator - 检测到Static Route未匹配，feedId=rapid-bus-mrtfeeder，snapshotUid=71bac82b-e4f0-4f04-8089-c8cc40fb689c，vehicleId=VH4268，原始观测继续保存
2026-08-31 00:08:28.388 [mytransitgps-continuous-collector] WARN  c.m.persistence.service.JohorRealtimeQcAnnotator - 检测到Static Trip未匹配，feedId=rapid-bus-mrtfeeder，snapshotUid=71bac82b-e4f0-4f04-8089-c8cc40fb689c，vehicleId=VH4268，原始观测继续保存
2026-08-31 00:08:28.388 [mytransitgps-continuous-collector] WARN  c.m.persistence.service.JohorRealtimeQcAnnotator - 检测到Static Route未匹配，feedId=rapid-bus-mrtfeeder，snapshotUid=71bac82b-e4f0-4f04-8089-c8cc40fb689c，vehicleId=VH4604，原始观测继续保存
2026-08-31 00:08:28.388 [mytransitgps-continuous-collector] WARN  c.m.persistence.service.JohorRealtimeQcAnnotator - 检测到Static Trip未匹配，feedId=rapid-bus-mrtfeeder，snapshotUid=71bac82b-e4f0-4f04-8089-c8cc40fb689c，vehicleId=VH4604，原始观测继续保存
2026-08-31 00:08:28.388 [mytransitgps-continuous-collector] WARN  c.m.persistence.service.JohorRealtimeQcAnnotator - 检测到Static Route未匹配，feedId=rapid-bus-mrtfeeder，snapshotUid=71bac82b-e4f0-4f04-8089-c8cc40fb689c，vehicleId=VK2684，原始观测继续保存
2026-08-31 00:08:28.388 [mytransitgps-continuous-collector] WARN  c.m.persistence.service.JohorRealtimeQcAnnotator - 检测到Static Trip未匹配，feedId=rapid-bus-mrtfeeder，snapshotUid=71bac82b-e4f0-4f04-8089-c8cc40fb689c，vehicleId=VK2684，原始观测继续保存
2026-08-31 00:08:28.388 [mytransitgps-continuous-collector] WARN  c.m.persistence.service.JohorRealtimeQcAnnotator - 检测到Static Route未匹配，feedId=rapid-bus-mrtfeeder，snapshotUid=71bac82b-e4f0-4f04-8089-c8cc40fb689c，vehicleId=VK2913，原始观测继续保存
2026-08-31 00:08:28.388 [mytransitgps-continuous-collector] WARN  c.m.persistence.service.JohorRealtimeQcAnnotator - 检测到Static Trip未匹配，feedId=rapid-bus-mrtfeeder，snapshotUid=71bac82b-e4f0-4f04-8089-c8cc40fb689c，vehicleId=VK2913，原始观测继续保存
2026-08-31 00:08:28.388 [mytransitgps-continuous-collector] WARN  c.m.persistence.service.JohorRealtimeQcAnnotator - 检测到Static Route未匹配，feedId=rapid-bus-mrtfeeder，snapshotUid=71bac82b-e4f0-4f04-8089-c8cc40fb689c，vehicleId=VK6475，原始观测继续保存
2026-08-31 00:08:28.388 [mytransitgps-continuous-collector] WARN  c.m.persistence.service.JohorRealtimeQcAnnotator - 检测到Static Trip未匹配，feedId=rapid-bus-mrtfeeder，snapshotUid=71bac82b-e4f0-4f04-8089-c8cc40fb689c，vehicleId=VK6475，原始观测继续保存
2026-08-31 00:08:28.388 [mytransitgps-continuous-collector] WARN  c.m.persistence.service.JohorRealtimeQcAnnotator - 检测到Static Route未匹配，feedId=rapid-bus-mrtfeeder，snapshotUid=71bac82b-e4f0-4f04-8089-c8cc40fb689c，vehicleId=VM1879，原始观测继续保存
2026-08-31 00:08:28.388 [mytransitgps-continuous-collector] WARN  c.m.persistence.service.JohorRealtimeQcAnnotator - 检测到Static Trip未匹配，feedId=rapid-bus-mrtfeeder，snapshotUid=71bac82b-e4f0-4f04-8089-c8cc40fb689c，vehicleId=VM1879，原始观测继续保存
2026-08-31 00:08:28.388 [mytransitgps-continuous-collector] WARN  c.m.persistence.service.JohorRealtimeQcAnnotator - 检测到Static Route未匹配，feedId=rapid-bus-mrtfeeder，snapshotUid=71bac82b-e4f0-4f04-8089-c8cc40fb689c，vehicleId=VX2890，原始观测继续保存
2026-08-31 00:08:28.388 [mytransitgps-continuous-collector] WARN  c.m.persistence.service.JohorRealtimeQcAnnotator - 检测到Static Trip未匹配，feedId=rapid-bus-mrtfeeder，snapshotUid=71bac82b-e4f0-4f04-8089-c8cc40fb689c，vehicleId=VX2890，原始观测继续保存
2026-08-31 00:08:28.388 [mytransitgps-continuous-collector] WARN  c.m.persistence.service.JohorRealtimeQcAnnotator - 检测到Static Route未匹配，feedId=rapid-bus-mrtfeeder，snapshotUid=71bac82b-e4f0-4f04-8089-c8cc40fb689c，vehicleId=VX3035，原始观测继续保存
2026-08-31 00:08:28.389 [mytransitgps-continuous-collector] WARN  c.m.persistence.service.JohorRealtimeQcAnnotator - 检测到Static Trip未匹配，feedId=rapid-bus-mrtfeeder，snapshotUid=71bac82b-e4f0-4f04-8089-c8cc40fb689c，vehicleId=VX3035，原始观测继续保存
2026-08-31 00:09:40.303 [mytransitgps-continuous-collector] WARN  c.m.gtfs.service.RealtimeStaticEnrichmentService - Realtime Static补全存在未匹配项，城市=Kuching，feedId=mybas-kuching，routeUnresolved=1，tripUnmatched=1，原始Realtime实体继续保留
2026-08-31 00:09:40.303 [mytransitgps-continuous-collector] WARN  c.m.persistence.service.JohorRealtimeQcAnnotator - 检测到Static Route未匹配，feedId=mybas-kuching，snapshotUid=26ea13ff-7a64-465b-81c1-06d72b6e1c07，vehicleId=MADANI2160，原始观测继续保存
2026-08-31 00:09:40.303 [mytransitgps-continuous-collector] WARN  c.m.persistence.service.JohorRealtimeQcAnnotator - 检测到Static Trip未匹配，feedId=mybas-kuching，snapshotUid=26ea13ff-7a64-465b-81c1-06d72b6e1c07，vehicleId=MADANI2160，原始观测继续保存
2026-08-31 00:10:28.354 [mytransitgps-continuous-collector] WARN  c.m.gtfs.service.RealtimeStaticEnrichmentService - Realtime Static补全存在未匹配项，城市=Kuala Lumpur，feedId=rapid-bus-mrtfeeder，routeUnresolved=36，tripUnmatched=36，原始Realtime实体继续保留
2026-08-31 00:10:28.354 [mytransitgps-continuous-collector] WARN  c.m.persistence.service.JohorRealtimeQcAnnotator - 检测到Static Route未匹配，feedId=rapid-bus-mrtfeeder，snapshotUid=b0365abc-0cf7-4337-b73e-864d5f830ff2，vehicleId=VAC5746，原始观测继续保存
2026-08-31 00:10:28.354 [mytransitgps-continuous-collector] WARN  c.m.persistence.service.JohorRealtimeQcAnnotator - 检测到Static Trip未匹配，feedId=rapid-bus-mrtfeeder，snapshotUid=b0365abc-0cf7-4337-b73e-864d5f830ff2，vehicleId=VAC5746，原始观测继续保存
2026-08-31 00:10:28.354 [mytransitgps-continuous-collector] WARN  c.m.persistence.service.JohorRealtimeQcAnnotator - 检测到Static Route未匹配，feedId=rapid-bus-mrtfeeder，snapshotUid=b0365abc-0cf7-4337-b73e-864d5f830ff2，vehicleId=VAC5764，原始观测继续保存
2026-08-31 00:10:28.354 [mytransitgps-continuous-collector] WARN  c.m.persistence.service.JohorRealtimeQcAnnotator - 检测到Static Trip未匹配，feedId=rapid-bus-mrtfeeder，snapshotUid=b0365abc-0cf7-4337-b73e-864d5f830ff2，vehicleId=VAC5764，原始观测继续保存
2026-08-31 00:10:28.354 [mytransitgps-continuous-collector] WARN  c.m.persistence.service.JohorRealtimeQcAnnotator - 检测到Static Route未匹配，feedId=rapid-bus-mrtfeeder，snapshotUid=b0365abc-0cf7-4337-b73e-864d5f830ff2，vehicleId=VAC9627，原始观测继续保存
2026-08-31 00:10:28.354 [mytransitgps-continuous-collector] WARN  c.m.persistence.service.JohorRealtimeQcAnnotator - 检测到Static Trip未匹配，feedId=rapid-bus-mrtfeeder，snapshotUid=b0365abc-0cf7-4337-b73e-864d5f830ff2，vehicleId=VAC9627，原始观测继续保存
2026-08-31 00:10:28.354 [mytransitgps-continuous-collector] WARN  c.m.persistence.service.JohorRealtimeQcAnnotator - 检测到Static Route未匹配，feedId=rapid-bus-mrtfeeder，snapshotUid=b0365abc-0cf7-4337-b73e-864d5f830ff2，vehicleId=VAE7196，原始观测继续保存
2026-08-31 00:10:28.354 [mytransitgps-continuous-collector] WARN  c.m.persistence.service.JohorRealtimeQcAnnotator - 检测到Static Trip未匹配，feedId=rapid-bus-mrtfeeder，snapshotUid=b0365abc-0cf7-4337-b73e-864d5f830ff2，vehicleId=VAE7196，原始观测继续保存
2026-08-31 00:10:28.354 [mytransitgps-continuous-collector] WARN  c.m.persistence.service.JohorRealtimeQcAnnotator - 检测到Static Route未匹配，feedId=rapid-bus-mrtfeeder，snapshotUid=b0365abc-0cf7-4337-b73e-864d5f830ff2，vehicleId=VAF5441，原始观测继续保存
2026-08-31 00:10:28.354 [mytransitgps-continuous-collector] WARN  c.m.persistence.service.JohorRealtimeQcAnnotator - 检测到Static Trip未匹配，feedId=rapid-bus-mrtfeeder，snapshotUid=b0365abc-0cf7-4337-b73e-864d5f830ff2，vehicleId=VAF5441，原始观测继续保存
2026-08-31 00:10:28.354 [mytransitgps-continuous-collector] WARN  c.m.persistence.service.JohorRealtimeQcAnnotator - 检测到Static Route未匹配，feedId=rapid-bus-mrtfeeder，snapshotUid=b0365abc-0cf7-4337-b73e-864d5f830ff2，vehicleId=VAF5766，原始观测继续保存
2026-08-31 00:10:28.354 [mytransitgps-continuous-collector] WARN  c.m.persistence.service.JohorRealtimeQcAnnotator - 检测到Static Trip未匹配，feedId=rapid-bus-mrtfeeder，snapshotUid=b0365abc-0cf7-4337-b73e-864d5f830ff2，vehicleId=VAF5766，原始观测继续保存
2026-08-31 00:10:28.354 [mytransitgps-continuous-collector] WARN  c.m.persistence.service.JohorRealtimeQcAnnotator - 检测到Static Route未匹配，feedId=rapid-bus-mrtfeeder，snapshotUid=b0365abc-0cf7-4337-b73e-864d5f830ff2，vehicleId=VAF5780，原始观测继续保存
2026-08-31 00:10:28.354 [mytransitgps-continuous-collector] WARN  c.m.persistence.service.JohorRealtimeQcAnnotator - 检测到Static Trip未匹配，feedId=rapid-bus-mrtfeeder，snapshotUid=b0365abc-0cf7-4337-b73e-864d5f830ff2，vehicleId=VAF5780，原始观测继续保存
2026-08-31 00:10:28.354 [mytransitgps-continuous-collector] WARN  c.m.persistence.service.JohorRealtimeQcAnnotator - 检测到Static Route未匹配，feedId=rapid-bus-mrtfeeder，snapshotUid=b0365abc-0cf7-4337-b73e-864d5f830ff2，vehicleId=VAF6417，原始观测继续保存
2026-08-31 00:10:28.354 [mytransitgps-continuous-collector] WARN  c.m.persistence.service.JohorRealtimeQcAnnotator - 检测到Static Trip未匹配，feedId=rapid-bus-mrtfeeder，snapshotUid=b0365abc-0cf7-4337-b73e-864d5f830ff2，vehicleId=VAF6417，原始观测继续保存
2026-08-31 00:10:28.354 [mytransitgps-continuous-collector] WARN  c.m.persistence.service.JohorRealtimeQcAnnotator - 检测到Static Route未匹配，feedId=rapid-bus-mrtfeeder，snapshotUid=b0365abc-0cf7-4337-b73e-864d5f830ff2，vehicleId=VAG4711，原始观测继续保存
2026-08-31 00:10:28.354 [mytransitgps-continuous-collector] WARN  c.m.persistence.service.JohorRealtimeQcAnnotator - 检测到Static Trip未匹配，feedId=rapid-bus-mrtfeeder，snapshotUid=b0365abc-0cf7-4337-b73e-864d5f830ff2，vehicleId=VAG4711，原始观测继续保存
2026-08-31 00:10:28.354 [mytransitgps-continuous-collector] WARN  c.m.persistence.service.JohorRealtimeQcAnnotator - 检测到Static Route未匹配，feedId=rapid-bus-mrtfeeder，snapshotUid=b0365abc-0cf7-4337-b73e-864d5f830ff2，vehicleId=VAG4750，原始观测继续保存
2026-08-31 00:10:28.354 [mytransitgps-continuous-collector] WARN  c.m.persistence.service.JohorRealtimeQcAnnotator - 检测到Static Trip未匹配，feedId=rapid-bus-mrtfeeder，snapshotUid=b0365abc-0cf7-4337-b73e-864d5f830ff2，vehicleId=VAG4750，原始观测继续保存
2026-08-31 00:10:28.354 [mytransitgps-continuous-collector] WARN  c.m.persistence.service.JohorRealtimeQcAnnotator - 检测到Static Route未匹配，feedId=rapid-bus-mrtfeeder，snapshotUid=b0365abc-0cf7-4337-b73e-864d5f830ff2，vehicleId=VAG4871，原始观测继续保存
2026-08-31 00:10:28.354 [mytransitgps-continuous-collector] WARN  c.m.persistence.service.JohorRealtimeQcAnnotator - 检测到Static Trip未匹配，feedId=rapid-bus-mrtfeeder，snapshotUid=b0365abc-0cf7-4337-b73e-864d5f830ff2，vehicleId=VAG4871，原始观测继续保存
2026-08-31 00:10:28.354 [mytransitgps-continuous-collector] WARN  c.m.persistence.service.JohorRealtimeQcAnnotator - 检测到Static Route未匹配，feedId=rapid-bus-mrtfeeder，snapshotUid=b0365abc-0cf7-4337-b73e-864d5f830ff2，vehicleId=VAG6349，原始观测继续保存
2026-08-31 00:10:28.355 [mytransitgps-continuous-collector] WARN  c.m.persistence.service.JohorRealtimeQcAnnotator - 检测到Static Trip未匹配，feedId=rapid-bus-mrtfeeder，snapshotUid=b0365abc-0cf7-4337-b73e-864d5f830ff2，vehicleId=VAG6349，原始观测继续保存
2026-08-31 00:10:28.355 [mytransitgps-continuous-collector] WARN  c.m.persistence.service.JohorRealtimeQcAnnotator - 检测到Static Route未匹配，feedId=rapid-bus-mrtfeeder，snapshotUid=b0365abc-0cf7-4337-b73e-864d5f830ff2，vehicleId=VAG8054，原始观测继续保存
2026-08-31 00:10:28.355 [mytransitgps-continuous-collector] WARN  c.m.persistence.service.JohorRealtimeQcAnnotator - 检测到Static Trip未匹配，feedId=rapid-bus-mrtfeeder，snapshotUid=b0365abc-0cf7-4337-b73e-864d5f830ff2，vehicleId=VAG8054，原始观测继续保存
2026-08-31 00:10:28.355 [mytransitgps-continuous-collector] WARN  c.m.persistence.service.JohorRealtimeQcAnnotator - 检测到Static Route未匹配，feedId=rapid-bus-mrtfeeder，snapshotUid=b0365abc-0cf7-4337-b73e-864d5f830ff2，vehicleId=VAH9043，原始观测继续保存
2026-08-31 00:10:28.355 [mytransitgps-continuous-collector] WARN  c.m.persistence.service.JohorRealtimeQcAnnotator - 检测到Static Trip未匹配，feedId=rapid-bus-mrtfeeder，snapshotUid=b0365abc-0cf7-4337-b73e-864d5f830ff2，vehicleId=VAH9043，原始观测继续保存
2026-08-31 00:10:28.355 [mytransitgps-continuous-collector] WARN  c.m.persistence.service.JohorRealtimeQcAnnotator - 检测到Static Route未匹配，feedId=rapid-bus-mrtfeeder，snapshotUid=b0365abc-0cf7-4337-b73e-864d5f830ff2，vehicleId=VAH9045，原始观测继续保存
2026-08-31 00:10:28.355 [mytransitgps-continuous-collector] WARN  c.m.persistence.service.JohorRealtimeQcAnnotator - 检测到Static Trip未匹配，feedId=rapid-bus-mrtfeeder，snapshotUid=b0365abc-0cf7-4337-b73e-864d5f830ff2，vehicleId=VAH9045，原始观测继续保存
2026-08-31 00:10:28.355 [mytransitgps-continuous-collector] WARN  c.m.persistence.service.JohorRealtimeQcAnnotator - 检测到Static Route未匹配，feedId=rapid-bus-mrtfeeder，snapshotUid=b0365abc-0cf7-4337-b73e-864d5f830ff2，vehicleId=VAJ1481，原始观测继续保存
2026-08-31 00:10:28.355 [mytransitgps-continuous-collector] WARN  c.m.persistence.service.JohorRealtimeQcAnnotator - 检测到Static Trip未匹配，feedId=rapid-bus-mrtfeeder，snapshotUid=b0365abc-0cf7-4337-b73e-864d5f830ff2，vehicleId=VAJ1481，原始观测继续保存
2026-08-31 00:10:28.355 [mytransitgps-continuous-collector] WARN  c.m.persistence.service.JohorRealtimeQcAnnotator - 检测到Static Route未匹配，feedId=rapid-bus-mrtfeeder，snapshotUid=b0365abc-0cf7-4337-b73e-864d5f830ff2，vehicleId=VAJ2895，原始观测继续保存
2026-08-31 00:10:28.355 [mytransitgps-continuous-collector] WARN  c.m.persistence.service.JohorRealtimeQcAnnotator - 检测到Static Trip未匹配，feedId=rapid-bus-mrtfeeder，snapshotUid=b0365abc-0cf7-4337-b73e-864d5f830ff2，vehicleId=VAJ2895，原始观测继续保存
2026-08-31 00:10:28.355 [mytransitgps-continuous-collector] WARN  c.m.persistence.service.JohorRealtimeQcAnnotator - 检测到Static Route未匹配，feedId=rapid-bus-mrtfeeder，snapshotUid=b0365abc-0cf7-4337-b73e-864d5f830ff2，vehicleId=VAL4552，原始观测继续保存
2026-08-31 00:10:28.355 [mytransitgps-continuous-collector] WARN  c.m.persistence.service.JohorRealtimeQcAnnotator - 检测到Static Trip未匹配，feedId=rapid-bus-mrtfeeder，snapshotUid=b0365abc-0cf7-4337-b73e-864d5f830ff2，vehicleId=VAL4552，原始观测继续保存
2026-08-31 00:10:28.355 [mytransitgps-continuous-collector] WARN  c.m.persistence.service.JohorRealtimeQcAnnotator - 检测到Future Timestamp，feedId=rapid-bus-mrtfeeder，snapshotUid=b0365abc-0cf7-4337-b73e-864d5f830ff2，vehicleId=VAL4552，vehicleTime=1886017556，原始时间戳继续保存
2026-08-31 00:10:28.355 [mytransitgps-continuous-collector] WARN  c.m.persistence.service.JohorRealtimeQcAnnotator - 检测到Static Route未匹配，feedId=rapid-bus-mrtfeeder，snapshotUid=b0365abc-0cf7-4337-b73e-864d5f830ff2，vehicleId=VG6480，原始观测继续保存
2026-08-31 00:10:28.355 [mytransitgps-continuous-collector] WARN  c.m.persistence.service.JohorRealtimeQcAnnotator - 检测到Static Trip未匹配，feedId=rapid-bus-mrtfeeder，snapshotUid=b0365abc-0cf7-4337-b73e-864d5f830ff2，vehicleId=VG6480，原始观测继续保存
2026-08-31 00:10:28.355 [mytransitgps-continuous-collector] WARN  c.m.persistence.service.JohorRealtimeQcAnnotator - 检测到Static Route未匹配，feedId=rapid-bus-mrtfeeder，snapshotUid=b0365abc-0cf7-4337-b73e-864d5f830ff2，vehicleId=VG6491，原始观测继续保存
2026-08-31 00:10:28.355 [mytransitgps-continuous-collector] WARN  c.m.persistence.service.JohorRealtimeQcAnnotator - 检测到Static Trip未匹配，feedId=rapid-bus-mrtfeeder，snapshotUid=b0365abc-0cf7-4337-b73e-864d5f830ff2，vehicleId=VG6491，原始观测继续保存
2026-08-31 00:10:28.355 [mytransitgps-continuous-collector] WARN  c.m.persistence.service.JohorRealtimeQcAnnotator - 检测到Static Route未匹配，feedId=rapid-bus-mrtfeeder，snapshotUid=b0365abc-0cf7-4337-b73e-864d5f830ff2，vehicleId=VG6514，原始观测继续保存
2026-08-31 00:10:28.355 [mytransitgps-continuous-collector] WARN  c.m.persistence.service.JohorRealtimeQcAnnotator - 检测到Static Trip未匹配，feedId=rapid-bus-mrtfeeder，snapshotUid=b0365abc-0cf7-4337-b73e-864d5f830ff2，vehicleId=VG6514，原始观测继续保存
2026-08-31 00:10:28.355 [mytransitgps-continuous-collector] WARN  c.m.persistence.service.JohorRealtimeQcAnnotator - 检测到Static Route未匹配，feedId=rapid-bus-mrtfeeder，snapshotUid=b0365abc-0cf7-4337-b73e-864d5f830ff2，vehicleId=VG8673，原始观测继续保存
2026-08-31 00:10:28.355 [mytransitgps-continuous-collector] WARN  c.m.persistence.service.JohorRealtimeQcAnnotator - 检测到Static Trip未匹配，feedId=rapid-bus-mrtfeeder，snapshotUid=b0365abc-0cf7-4337-b73e-864d5f830ff2，vehicleId=VG8673，原始观测继续保存
2026-08-31 00:10:28.355 [mytransitgps-continuous-collector] WARN  c.m.persistence.service.JohorRealtimeQcAnnotator - 检测到Static Route未匹配，feedId=rapid-bus-mrtfeeder，snapshotUid=b0365abc-0cf7-4337-b73e-864d5f830ff2，vehicleId=VG8703，原始观测继续保存
2026-08-31 00:10:28.355 [mytransitgps-continuous-collector] WARN  c.m.persistence.service.JohorRealtimeQcAnnotator - 检测到Static Trip未匹配，feedId=rapid-bus-mrtfeeder，snapshotUid=b0365abc-0cf7-4337-b73e-864d5f830ff2，vehicleId=VG8703，原始观测继续保存
2026-08-31 00:10:28.355 [mytransitgps-continuous-collector] WARN  c.m.persistence.service.JohorRealtimeQcAnnotator - 检测到Static Route未匹配，feedId=rapid-bus-mrtfeeder，snapshotUid=b0365abc-0cf7-4337-b73e-864d5f830ff2，vehicleId=VG8769，原始观测继续保存
2026-08-31 00:10:28.355 [mytransitgps-continuous-collector] WARN  c.m.persistence.service.JohorRealtimeQcAnnotator - 检测到Static Trip未匹配，feedId=rapid-bus-mrtfeeder，snapshotUid=b0365abc-0cf7-4337-b73e-864d5f830ff2，vehicleId=VG8769，原始观测继续保存
2026-08-31 00:10:28.355 [mytransitgps-continuous-collector] WARN  c.m.persistence.service.JohorRealtimeQcAnnotator - 检测到Static Route未匹配，feedId=rapid-bus-mrtfeeder，snapshotUid=b0365abc-0cf7-4337-b73e-864d5f830ff2，vehicleId=VH2057，原始观测继续保存
2026-08-31 00:10:28.355 [mytransitgps-continuous-collector] WARN  c.m.persistence.service.JohorRealtimeQcAnnotator - 检测到Static Trip未匹配，feedId=rapid-bus-mrtfeeder，snapshotUid=b0365abc-0cf7-4337-b73e-864d5f830ff2，vehicleId=VH2057，原始观测继续保存
2026-08-31 00:10:28.355 [mytransitgps-continuous-collector] WARN  c.m.persistence.service.JohorRealtimeQcAnnotator - 检测到Static Route未匹配，feedId=rapid-bus-mrtfeeder，snapshotUid=b0365abc-0cf7-4337-b73e-864d5f830ff2，vehicleId=VH2059，原始观测继续保存
2026-08-31 00:10:28.355 [mytransitgps-continuous-collector] WARN  c.m.persistence.service.JohorRealtimeQcAnnotator - 检测到Static Trip未匹配，feedId=rapid-bus-mrtfeeder，snapshotUid=b0365abc-0cf7-4337-b73e-864d5f830ff2，vehicleId=VH2059，原始观测继续保存
2026-08-31 00:10:28.355 [mytransitgps-continuous-collector] WARN  c.m.persistence.service.JohorRealtimeQcAnnotator - 检测到Static Route未匹配，feedId=rapid-bus-mrtfeeder，snapshotUid=b0365abc-0cf7-4337-b73e-864d5f830ff2，vehicleId=VH2499，原始观测继续保存
2026-08-31 00:10:28.355 [mytransitgps-continuous-collector] WARN  c.m.persistence.service.JohorRealtimeQcAnnotator - 检测到Static Trip未匹配，feedId=rapid-bus-mrtfeeder，snapshotUid=b0365abc-0cf7-4337-b73e-864d5f830ff2，vehicleId=VH2499，原始观测继续保存
2026-08-31 00:10:28.355 [mytransitgps-continuous-collector] WARN  c.m.persistence.service.JohorRealtimeQcAnnotator - 检测到Static Route未匹配，feedId=rapid-bus-mrtfeeder，snapshotUid=b0365abc-0cf7-4337-b73e-864d5f830ff2，vehicleId=VH2540，原始观测继续保存
2026-08-31 00:10:28.355 [mytransitgps-continuous-collector] WARN  c.m.persistence.service.JohorRealtimeQcAnnotator - 检测到Static Trip未匹配，feedId=rapid-bus-mrtfeeder，snapshotUid=b0365abc-0cf7-4337-b73e-864d5f830ff2，vehicleId=VH2540，原始观测继续保存
2026-08-31 00:10:28.355 [mytransitgps-continuous-collector] WARN  c.m.persistence.service.JohorRealtimeQcAnnotator - 检测到Static Route未匹配，feedId=rapid-bus-mrtfeeder，snapshotUid=b0365abc-0cf7-4337-b73e-864d5f830ff2，vehicleId=VH3593，原始观测继续保存
2026-08-31 00:10:28.355 [mytransitgps-continuous-collector] WARN  c.m.persistence.service.JohorRealtimeQcAnnotator - 检测到Static Trip未匹配，feedId=rapid-bus-mrtfeeder，snapshotUid=b0365abc-0cf7-4337-b73e-864d5f830ff2，vehicleId=VH3593，原始观测继续保存
2026-08-31 00:10:28.356 [mytransitgps-continuous-collector] WARN  c.m.persistence.service.JohorRealtimeQcAnnotator - 检测到Static Route未匹配，feedId=rapid-bus-mrtfeeder，snapshotUid=b0365abc-0cf7-4337-b73e-864d5f830ff2，vehicleId=VH4037，原始观测继续保存
2026-08-31 00:10:28.356 [mytransitgps-continuous-collector] WARN  c.m.persistence.service.JohorRealtimeQcAnnotator - 检测到Static Trip未匹配，feedId=rapid-bus-mrtfeeder，snapshotUid=b0365abc-0cf7-4337-b73e-864d5f830ff2，vehicleId=VH4037，原始观测继续保存
2026-08-31 00:10:28.356 [mytransitgps-continuous-collector] WARN  c.m.persistence.service.JohorRealtimeQcAnnotator - 检测到Static Route未匹配，feedId=rapid-bus-mrtfeeder，snapshotUid=b0365abc-0cf7-4337-b73e-864d5f830ff2，vehicleId=VH4268，原始观测继续保存
2026-08-31 00:10:28.356 [mytransitgps-continuous-collector] WARN  c.m.persistence.service.JohorRealtimeQcAnnotator - 检测到Static Trip未匹配，feedId=rapid-bus-mrtfeeder，snapshotUid=b0365abc-0cf7-4337-b73e-864d5f830ff2，vehicleId=VH4268，原始观测继续保存
2026-08-31 00:10:28.356 [mytransitgps-continuous-collector] WARN  c.m.persistence.service.JohorRealtimeQcAnnotator - 检测到Static Route未匹配，feedId=rapid-bus-mrtfeeder，snapshotUid=b0365abc-0cf7-4337-b73e-864d5f830ff2，vehicleId=VH4604，原始观测继续保存
2026-08-31 00:10:28.356 [mytransitgps-continuous-collector] WARN  c.m.persistence.service.JohorRealtimeQcAnnotator - 检测到Static Trip未匹配，feedId=rapid-bus-mrtfeeder，snapshotUid=b0365abc-0cf7-4337-b73e-864d5f830ff2，vehicleId=VH4604，原始观测继续保存
2026-08-31 00:10:28.356 [mytransitgps-continuous-collector] WARN  c.m.persistence.service.JohorRealtimeQcAnnotator - 检测到Static Route未匹配，feedId=rapid-bus-mrtfeeder，snapshotUid=b0365abc-0cf7-4337-b73e-864d5f830ff2，vehicleId=VK2913，原始观测继续保存
2026-08-31 00:10:28.356 [mytransitgps-continuous-collector] WARN  c.m.persistence.service.JohorRealtimeQcAnnotator - 检测到Static Trip未匹配，feedId=rapid-bus-mrtfeeder，snapshotUid=b0365abc-0cf7-4337-b73e-864d5f830ff2，vehicleId=VK2913，原始观测继续保存
2026-08-31 00:10:28.356 [mytransitgps-continuous-collector] WARN  c.m.persistence.service.JohorRealtimeQcAnnotator - 检测到Static Route未匹配，feedId=rapid-bus-mrtfeeder，snapshotUid=b0365abc-0cf7-4337-b73e-864d5f830ff2，vehicleId=VK6475，原始观测继续保存
2026-08-31 00:10:28.356 [mytransitgps-continuous-collector] WARN  c.m.persistence.service.JohorRealtimeQcAnnotator - 检测到Static Trip未匹配，feedId=rapid-bus-mrtfeeder，snapshotUid=b0365abc-0cf7-4337-b73e-864d5f830ff2，vehicleId=VK6475，原始观测继续保存
2026-08-31 00:10:28.356 [mytransitgps-continuous-collector] WARN  c.m.persistence.service.JohorRealtimeQcAnnotator - 检测到Static Route未匹配，feedId=rapid-bus-mrtfeeder，snapshotUid=b0365abc-0cf7-4337-b73e-864d5f830ff2，vehicleId=VM1879，原始观测继续保存
2026-08-31 00:10:28.356 [mytransitgps-continuous-collector] WARN  c.m.persistence.service.JohorRealtimeQcAnnotator - 检测到Static Trip未匹配，feedId=rapid-bus-mrtfeeder，snapshotUid=b0365abc-0cf7-4337-b73e-864d5f830ff2，vehicleId=VM1879，原始观测继续保存
2026-08-31 00:10:28.356 [mytransitgps-continuous-collector] WARN  c.m.persistence.service.JohorRealtimeQcAnnotator - 检测到Static Route未匹配，feedId=rapid-bus-mrtfeeder，snapshotUid=b0365abc-0cf7-4337-b73e-864d5f830ff2，vehicleId=VX2890，原始观测继续保存
2026-08-31 00:10:28.356 [mytransitgps-continuous-collector] WARN  c.m.persistence.service.JohorRealtimeQcAnnotator - 检测到Static Trip未匹配，feedId=rapid-bus-mrtfeeder，snapshotUid=b0365abc-0cf7-4337-b73e-864d5f830ff2，vehicleId=VX2890，原始观测继续保存
2026-08-31 00:11:40.305 [mytransitgps-continuous-collector] WARN  c.m.gtfs.service.RealtimeStaticEnrichmentService - Realtime Static补全存在未匹配项，城市=Kuching，feedId=mybas-kuching，routeUnresolved=1，tripUnmatched=1，原始Realtime实体继续保留
2026-08-31 00:11:40.305 [mytransitgps-continuous-collector] WARN  c.m.persistence.service.JohorRealtimeQcAnnotator - 检测到Static Route未匹配，feedId=mybas-kuching，snapshotUid=5aea7f55-ba35-460f-9131-49df9ce5fcb4，vehicleId=MADANI2160，原始观测继续保存
2026-08-31 00:11:40.305 [mytransitgps-continuous-collector] WARN  c.m.persistence.service.JohorRealtimeQcAnnotator - 检测到Static Trip未匹配，feedId=mybas-kuching，snapshotUid=5aea7f55-ba35-460f-9131-49df9ce5fcb4，vehicleId=MADANI2160，原始观测继续保存
2026-08-31 00:12:28.334 [mytransitgps-continuous-collector] WARN  c.m.gtfs.service.RealtimeStaticEnrichmentService - Realtime Static补全存在未匹配项，城市=Kuala Lumpur，feedId=rapid-bus-mrtfeeder，routeUnresolved=37，tripUnmatched=37，原始Realtime实体继续保留
2026-08-31 00:12:28.334 [mytransitgps-continuous-collector] WARN  c.m.persistence.service.JohorRealtimeQcAnnotator - 检测到Static Route未匹配，feedId=rapid-bus-mrtfeeder，snapshotUid=6e1f2aad-ccbf-4753-9d2b-b31f3add05de，vehicleId=VAC5746，原始观测继续保存
2026-08-31 00:12:28.334 [mytransitgps-continuous-collector] WARN  c.m.persistence.service.JohorRealtimeQcAnnotator - 检测到Static Trip未匹配，feedId=rapid-bus-mrtfeeder，snapshotUid=6e1f2aad-ccbf-4753-9d2b-b31f3add05de，vehicleId=VAC5746，原始观测继续保存
2026-08-31 00:12:28.334 [mytransitgps-continuous-collector] WARN  c.m.persistence.service.JohorRealtimeQcAnnotator - 检测到Static Route未匹配，feedId=rapid-bus-mrtfeeder，snapshotUid=6e1f2aad-ccbf-4753-9d2b-b31f3add05de，vehicleId=VAC5764，原始观测继续保存
2026-08-31 00:12:28.334 [mytransitgps-continuous-collector] WARN  c.m.persistence.service.JohorRealtimeQcAnnotator - 检测到Static Trip未匹配，feedId=rapid-bus-mrtfeeder，snapshotUid=6e1f2aad-ccbf-4753-9d2b-b31f3add05de，vehicleId=VAC5764，原始观测继续保存
2026-08-31 00:12:28.334 [mytransitgps-continuous-collector] WARN  c.m.persistence.service.JohorRealtimeQcAnnotator - 检测到Static Route未匹配，feedId=rapid-bus-mrtfeeder，snapshotUid=6e1f2aad-ccbf-4753-9d2b-b31f3add05de，vehicleId=VAC9627，原始观测继续保存
2026-08-31 00:12:28.334 [mytransitgps-continuous-collector] WARN  c.m.persistence.service.JohorRealtimeQcAnnotator - 检测到Static Trip未匹配，feedId=rapid-bus-mrtfeeder，snapshotUid=6e1f2aad-ccbf-4753-9d2b-b31f3add05de，vehicleId=VAC9627，原始观测继续保存
2026-08-31 00:12:28.334 [mytransitgps-continuous-collector] WARN  c.m.persistence.service.JohorRealtimeQcAnnotator - 检测到Static Route未匹配，feedId=rapid-bus-mrtfeeder，snapshotUid=6e1f2aad-ccbf-4753-9d2b-b31f3add05de，vehicleId=VAE7196，原始观测继续保存
2026-08-31 00:12:28.334 [mytransitgps-continuous-collector] WARN  c.m.persistence.service.JohorRealtimeQcAnnotator - 检测到Static Trip未匹配，feedId=rapid-bus-mrtfeeder，snapshotUid=6e1f2aad-ccbf-4753-9d2b-b31f3add05de，vehicleId=VAE7196，原始观测继续保存
2026-08-31 00:12:28.334 [mytransitgps-continuous-collector] WARN  c.m.persistence.service.JohorRealtimeQcAnnotator - 检测到Static Route未匹配，feedId=rapid-bus-mrtfeeder，snapshotUid=6e1f2aad-ccbf-4753-9d2b-b31f3add05de，vehicleId=VAF5480，原始观测继续保存
2026-08-31 00:12:28.334 [mytransitgps-continuous-collector] WARN  c.m.persistence.service.JohorRealtimeQcAnnotator - 检测到Static Trip未匹配，feedId=rapid-bus-mrtfeeder，snapshotUid=6e1f2aad-ccbf-4753-9d2b-b31f3add05de，vehicleId=VAF5480，原始观测继续保存
2026-08-31 00:12:28.334 [mytransitgps-continuous-collector] WARN  c.m.persistence.service.JohorRealtimeQcAnnotator - 检测到Static Route未匹配，feedId=rapid-bus-mrtfeeder，snapshotUid=6e1f2aad-ccbf-4753-9d2b-b31f3add05de，vehicleId=VAF5766，原始观测继续保存
2026-08-31 00:12:28.334 [mytransitgps-continuous-collector] WARN  c.m.persistence.service.JohorRealtimeQcAnnotator - 检测到Static Trip未匹配，feedId=rapid-bus-mrtfeeder，snapshotUid=6e1f2aad-ccbf-4753-9d2b-b31f3add05de，vehicleId=VAF5766，原始观测继续保存
2026-08-31 00:12:28.334 [mytransitgps-continuous-collector] WARN  c.m.persistence.service.JohorRealtimeQcAnnotator - 检测到Static Route未匹配，feedId=rapid-bus-mrtfeeder，snapshotUid=6e1f2aad-ccbf-4753-9d2b-b31f3add05de，vehicleId=VAF5780，原始观测继续保存
2026-08-31 00:12:28.334 [mytransitgps-continuous-collector] WARN  c.m.persistence.service.JohorRealtimeQcAnnotator - 检测到Static Trip未匹配，feedId=rapid-bus-mrtfeeder，snapshotUid=6e1f2aad-ccbf-4753-9d2b-b31f3add05de，vehicleId=VAF5780，原始观测继续保存
2026-08-31 00:12:28.334 [mytransitgps-continuous-collector] WARN  c.m.persistence.service.JohorRealtimeQcAnnotator - 检测到Static Route未匹配，feedId=rapid-bus-mrtfeeder，snapshotUid=6e1f2aad-ccbf-4753-9d2b-b31f3add05de，vehicleId=VAF6417，原始观测继续保存
2026-08-31 00:12:28.334 [mytransitgps-continuous-collector] WARN  c.m.persistence.service.JohorRealtimeQcAnnotator - 检测到Static Trip未匹配，feedId=rapid-bus-mrtfeeder，snapshotUid=6e1f2aad-ccbf-4753-9d2b-b31f3add05de，vehicleId=VAF6417，原始观测继续保存
2026-08-31 00:12:28.334 [mytransitgps-continuous-collector] WARN  c.m.persistence.service.JohorRealtimeQcAnnotator - 检测到Static Route未匹配，feedId=rapid-bus-mrtfeeder，snapshotUid=6e1f2aad-ccbf-4753-9d2b-b31f3add05de，vehicleId=VAF7159，原始观测继续保存
2026-08-31 00:12:28.334 [mytransitgps-continuous-collector] WARN  c.m.persistence.service.JohorRealtimeQcAnnotator - 检测到Static Trip未匹配，feedId=rapid-bus-mrtfeeder，snapshotUid=6e1f2aad-ccbf-4753-9d2b-b31f3add05de，vehicleId=VAF7159，原始观测继续保存
2026-08-31 00:12:28.335 [mytransitgps-continuous-collector] WARN  c.m.persistence.service.JohorRealtimeQcAnnotator - 检测到Static Route未匹配，feedId=rapid-bus-mrtfeeder，snapshotUid=6e1f2aad-ccbf-4753-9d2b-b31f3add05de，vehicleId=VAG4711，原始观测继续保存
2026-08-31 00:12:28.335 [mytransitgps-continuous-collector] WARN  c.m.persistence.service.JohorRealtimeQcAnnotator - 检测到Static Trip未匹配，feedId=rapid-bus-mrtfeeder，snapshotUid=6e1f2aad-ccbf-4753-9d2b-b31f3add05de，vehicleId=VAG4711，原始观测继续保存
2026-08-31 00:12:28.335 [mytransitgps-continuous-collector] WARN  c.m.persistence.service.JohorRealtimeQcAnnotator - 检测到Static Route未匹配，feedId=rapid-bus-mrtfeeder，snapshotUid=6e1f2aad-ccbf-4753-9d2b-b31f3add05de，vehicleId=VAG4750，原始观测继续保存
2026-08-31 00:12:28.335 [mytransitgps-continuous-collector] WARN  c.m.persistence.service.JohorRealtimeQcAnnotator - 检测到Static Trip未匹配，feedId=rapid-bus-mrtfeeder，snapshotUid=6e1f2aad-ccbf-4753-9d2b-b31f3add05de，vehicleId=VAG4750，原始观测继续保存
2026-08-31 00:12:28.335 [mytransitgps-continuous-collector] WARN  c.m.persistence.service.JohorRealtimeQcAnnotator - 检测到Static Route未匹配，feedId=rapid-bus-mrtfeeder，snapshotUid=6e1f2aad-ccbf-4753-9d2b-b31f3add05de，vehicleId=VAG4871，原始观测继续保存
2026-08-31 00:12:28.335 [mytransitgps-continuous-collector] WARN  c.m.persistence.service.JohorRealtimeQcAnnotator - 检测到Static Trip未匹配，feedId=rapid-bus-mrtfeeder，snapshotUid=6e1f2aad-ccbf-4753-9d2b-b31f3add05de，vehicleId=VAG4871，原始观测继续保存
2026-08-31 00:12:28.335 [mytransitgps-continuous-collector] WARN  c.m.persistence.service.JohorRealtimeQcAnnotator - 检测到Static Route未匹配，feedId=rapid-bus-mrtfeeder，snapshotUid=6e1f2aad-ccbf-4753-9d2b-b31f3add05de，vehicleId=VAG6349，原始观测继续保存
2026-08-31 00:12:28.335 [mytransitgps-continuous-collector] WARN  c.m.persistence.service.JohorRealtimeQcAnnotator - 检测到Static Trip未匹配，feedId=rapid-bus-mrtfeeder，snapshotUid=6e1f2aad-ccbf-4753-9d2b-b31f3add05de，vehicleId=VAG6349，原始观测继续保存
2026-08-31 00:12:28.335 [mytransitgps-continuous-collector] WARN  c.m.persistence.service.JohorRealtimeQcAnnotator - 检测到Static Route未匹配，feedId=rapid-bus-mrtfeeder，snapshotUid=6e1f2aad-ccbf-4753-9d2b-b31f3add05de，vehicleId=VAG8054，原始观测继续保存
2026-08-31 00:12:28.335 [mytransitgps-continuous-collector] WARN  c.m.persistence.service.JohorRealtimeQcAnnotator - 检测到Static Trip未匹配，feedId=rapid-bus-mrtfeeder，snapshotUid=6e1f2aad-ccbf-4753-9d2b-b31f3add05de，vehicleId=VAG8054，原始观测继续保存
2026-08-31 00:12:28.335 [mytransitgps-continuous-collector] WARN  c.m.persistence.service.JohorRealtimeQcAnnotator - 检测到Static Route未匹配，feedId=rapid-bus-mrtfeeder，snapshotUid=6e1f2aad-ccbf-4753-9d2b-b31f3add05de，vehicleId=VAH9043，原始观测继续保存
2026-08-31 00:12:28.335 [mytransitgps-continuous-collector] WARN  c.m.persistence.service.JohorRealtimeQcAnnotator - 检测到Static Trip未匹配，feedId=rapid-bus-mrtfeeder，snapshotUid=6e1f2aad-ccbf-4753-9d2b-b31f3add05de，vehicleId=VAH9043，原始观测继续保存
2026-08-31 00:12:28.335 [mytransitgps-continuous-collector] WARN  c.m.persistence.service.JohorRealtimeQcAnnotator - 检测到Static Route未匹配，feedId=rapid-bus-mrtfeeder，snapshotUid=6e1f2aad-ccbf-4753-9d2b-b31f3add05de，vehicleId=VAH9045，原始观测继续保存
2026-08-31 00:12:28.335 [mytransitgps-continuous-collector] WARN  c.m.persistence.service.JohorRealtimeQcAnnotator - 检测到Static Trip未匹配，feedId=rapid-bus-mrtfeeder，snapshotUid=6e1f2aad-ccbf-4753-9d2b-b31f3add05de，vehicleId=VAH9045，原始观测继续保存
2026-08-31 00:12:28.335 [mytransitgps-continuous-collector] WARN  c.m.persistence.service.JohorRealtimeQcAnnotator - 检测到Static Route未匹配，feedId=rapid-bus-mrtfeeder，snapshotUid=6e1f2aad-ccbf-4753-9d2b-b31f3add05de，vehicleId=VAJ1481，原始观测继续保存
2026-08-31 00:12:28.335 [mytransitgps-continuous-collector] WARN  c.m.persistence.service.JohorRealtimeQcAnnotator - 检测到Static Trip未匹配，feedId=rapid-bus-mrtfeeder，snapshotUid=6e1f2aad-ccbf-4753-9d2b-b31f3add05de，vehicleId=VAJ1481，原始观测继续保存
2026-08-31 00:12:28.335 [mytransitgps-continuous-collector] WARN  c.m.persistence.service.JohorRealtimeQcAnnotator - 检测到Static Route未匹配，feedId=rapid-bus-mrtfeeder，snapshotUid=6e1f2aad-ccbf-4753-9d2b-b31f3add05de，vehicleId=VAJ2895，原始观测继续保存
2026-08-31 00:12:28.335 [mytransitgps-continuous-collector] WARN  c.m.persistence.service.JohorRealtimeQcAnnotator - 检测到Static Trip未匹配，feedId=rapid-bus-mrtfeeder，snapshotUid=6e1f2aad-ccbf-4753-9d2b-b31f3add05de，vehicleId=VAJ2895，原始观测继续保存
2026-08-31 00:12:28.335 [mytransitgps-continuous-collector] WARN  c.m.persistence.service.JohorRealtimeQcAnnotator - 检测到Static Route未匹配，feedId=rapid-bus-mrtfeeder，snapshotUid=6e1f2aad-ccbf-4753-9d2b-b31f3add05de，vehicleId=VAL4552，原始观测继续保存
2026-08-31 00:12:28.335 [mytransitgps-continuous-collector] WARN  c.m.persistence.service.JohorRealtimeQcAnnotator - 检测到Static Trip未匹配，feedId=rapid-bus-mrtfeeder，snapshotUid=6e1f2aad-ccbf-4753-9d2b-b31f3add05de，vehicleId=VAL4552，原始观测继续保存
2026-08-31 00:12:28.335 [mytransitgps-continuous-collector] WARN  c.m.persistence.service.JohorRealtimeQcAnnotator - 检测到Future Timestamp，feedId=rapid-bus-mrtfeeder，snapshotUid=6e1f2aad-ccbf-4753-9d2b-b31f3add05de，vehicleId=VAL4552，vehicleTime=1886017556，原始时间戳继续保存
2026-08-31 00:12:28.335 [mytransitgps-continuous-collector] WARN  c.m.persistence.service.JohorRealtimeQcAnnotator - 检测到Static Route未匹配，feedId=rapid-bus-mrtfeeder，snapshotUid=6e1f2aad-ccbf-4753-9d2b-b31f3add05de，vehicleId=VG6480，原始观测继续保存
2026-08-31 00:12:28.335 [mytransitgps-continuous-collector] WARN  c.m.persistence.service.JohorRealtimeQcAnnotator - 检测到Static Trip未匹配，feedId=rapid-bus-mrtfeeder，snapshotUid=6e1f2aad-ccbf-4753-9d2b-b31f3add05de，vehicleId=VG6480，原始观测继续保存
2026-08-31 00:12:28.335 [mytransitgps-continuous-collector] WARN  c.m.persistence.service.JohorRealtimeQcAnnotator - 检测到Static Route未匹配，feedId=rapid-bus-mrtfeeder，snapshotUid=6e1f2aad-ccbf-4753-9d2b-b31f3add05de，vehicleId=VG6491，原始观测继续保存
2026-08-31 00:12:28.335 [mytransitgps-continuous-collector] WARN  c.m.persistence.service.JohorRealtimeQcAnnotator - 检测到Static Trip未匹配，feedId=rapid-bus-mrtfeeder，snapshotUid=6e1f2aad-ccbf-4753-9d2b-b31f3add05de，vehicleId=VG6491，原始观测继续保存
2026-08-31 00:12:28.335 [mytransitgps-continuous-collector] WARN  c.m.persistence.service.JohorRealtimeQcAnnotator - 检测到Static Route未匹配，feedId=rapid-bus-mrtfeeder，snapshotUid=6e1f2aad-ccbf-4753-9d2b-b31f3add05de，vehicleId=VG6514，原始观测继续保存
2026-08-31 00:12:28.335 [mytransitgps-continuous-collector] WARN  c.m.persistence.service.JohorRealtimeQcAnnotator - 检测到Static Trip未匹配，feedId=rapid-bus-mrtfeeder，snapshotUid=6e1f2aad-ccbf-4753-9d2b-b31f3add05de，vehicleId=VG6514，原始观测继续保存
2026-08-31 00:12:28.335 [mytransitgps-continuous-collector] WARN  c.m.persistence.service.JohorRealtimeQcAnnotator - 检测到Static Route未匹配，feedId=rapid-bus-mrtfeeder，snapshotUid=6e1f2aad-ccbf-4753-9d2b-b31f3add05de，vehicleId=VG8673，原始观测继续保存
2026-08-31 00:12:28.335 [mytransitgps-continuous-collector] WARN  c.m.persistence.service.JohorRealtimeQcAnnotator - 检测到Static Trip未匹配，feedId=rapid-bus-mrtfeeder，snapshotUid=6e1f2aad-ccbf-4753-9d2b-b31f3add05de，vehicleId=VG8673，原始观测继续保存
2026-08-31 00:12:28.335 [mytransitgps-continuous-collector] WARN  c.m.persistence.service.JohorRealtimeQcAnnotator - 检测到Static Route未匹配，feedId=rapid-bus-mrtfeeder，snapshotUid=6e1f2aad-ccbf-4753-9d2b-b31f3add05de，vehicleId=VG8703，原始观测继续保存
2026-08-31 00:12:28.335 [mytransitgps-continuous-collector] WARN  c.m.persistence.service.JohorRealtimeQcAnnotator - 检测到Static Trip未匹配，feedId=rapid-bus-mrtfeeder，snapshotUid=6e1f2aad-ccbf-4753-9d2b-b31f3add05de，vehicleId=VG8703，原始观测继续保存
2026-08-31 00:12:28.335 [mytransitgps-continuous-collector] WARN  c.m.persistence.service.JohorRealtimeQcAnnotator - 检测到Static Route未匹配，feedId=rapid-bus-mrtfeeder，snapshotUid=6e1f2aad-ccbf-4753-9d2b-b31f3add05de，vehicleId=VG8769，原始观测继续保存
2026-08-31 00:12:28.335 [mytransitgps-continuous-collector] WARN  c.m.persistence.service.JohorRealtimeQcAnnotator - 检测到Static Trip未匹配，feedId=rapid-bus-mrtfeeder，snapshotUid=6e1f2aad-ccbf-4753-9d2b-b31f3add05de，vehicleId=VG8769，原始观测继续保存
2026-08-31 00:12:28.335 [mytransitgps-continuous-collector] WARN  c.m.persistence.service.JohorRealtimeQcAnnotator - 检测到Static Route未匹配，feedId=rapid-bus-mrtfeeder，snapshotUid=6e1f2aad-ccbf-4753-9d2b-b31f3add05de，vehicleId=VH2057，原始观测继续保存
2026-08-31 00:12:28.335 [mytransitgps-continuous-collector] WARN  c.m.persistence.service.JohorRealtimeQcAnnotator - 检测到Static Trip未匹配，feedId=rapid-bus-mrtfeeder，snapshotUid=6e1f2aad-ccbf-4753-9d2b-b31f3add05de，vehicleId=VH2057，原始观测继续保存
2026-08-31 00:12:28.335 [mytransitgps-continuous-collector] WARN  c.m.persistence.service.JohorRealtimeQcAnnotator - 检测到Static Route未匹配，feedId=rapid-bus-mrtfeeder，snapshotUid=6e1f2aad-ccbf-4753-9d2b-b31f3add05de，vehicleId=VH2059，原始观测继续保存
2026-08-31 00:12:28.335 [mytransitgps-continuous-collector] WARN  c.m.persistence.service.JohorRealtimeQcAnnotator - 检测到Static Trip未匹配，feedId=rapid-bus-mrtfeeder，snapshotUid=6e1f2aad-ccbf-4753-9d2b-b31f3add05de，vehicleId=VH2059，原始观测继续保存
2026-08-31 00:12:28.335 [mytransitgps-continuous-collector] WARN  c.m.persistence.service.JohorRealtimeQcAnnotator - 检测到Static Route未匹配，feedId=rapid-bus-mrtfeeder，snapshotUid=6e1f2aad-ccbf-4753-9d2b-b31f3add05de，vehicleId=VH2540，原始观测继续保存
2026-08-31 00:12:28.335 [mytransitgps-continuous-collector] WARN  c.m.persistence.service.JohorRealtimeQcAnnotator - 检测到Static Trip未匹配，feedId=rapid-bus-mrtfeeder，snapshotUid=6e1f2aad-ccbf-4753-9d2b-b31f3add05de，vehicleId=VH2540，原始观测继续保存
2026-08-31 00:12:28.335 [mytransitgps-continuous-collector] WARN  c.m.persistence.service.JohorRealtimeQcAnnotator - 检测到Static Route未匹配，feedId=rapid-bus-mrtfeeder，snapshotUid=6e1f2aad-ccbf-4753-9d2b-b31f3add05de，vehicleId=VH3593，原始观测继续保存
2026-08-31 00:12:28.335 [mytransitgps-continuous-collector] WARN  c.m.persistence.service.JohorRealtimeQcAnnotator - 检测到Static Trip未匹配，feedId=rapid-bus-mrtfeeder，snapshotUid=6e1f2aad-ccbf-4753-9d2b-b31f3add05de，vehicleId=VH3593，原始观测继续保存
2026-08-31 00:12:28.336 [mytransitgps-continuous-collector] WARN  c.m.persistence.service.JohorRealtimeQcAnnotator - 检测到Static Route未匹配，feedId=rapid-bus-mrtfeeder，snapshotUid=6e1f2aad-ccbf-4753-9d2b-b31f3add05de，vehicleId=VH4037，原始观测继续保存
2026-08-31 00:12:28.336 [mytransitgps-continuous-collector] WARN  c.m.persistence.service.JohorRealtimeQcAnnotator - 检测到Static Trip未匹配，feedId=rapid-bus-mrtfeeder，snapshotUid=6e1f2aad-ccbf-4753-9d2b-b31f3add05de，vehicleId=VH4037，原始观测继续保存
2026-08-31 00:12:28.336 [mytransitgps-continuous-collector] WARN  c.m.persistence.service.JohorRealtimeQcAnnotator - 检测到Static Route未匹配，feedId=rapid-bus-mrtfeeder，snapshotUid=6e1f2aad-ccbf-4753-9d2b-b31f3add05de，vehicleId=VH4268，原始观测继续保存
2026-08-31 00:12:28.336 [mytransitgps-continuous-collector] WARN  c.m.persistence.service.JohorRealtimeQcAnnotator - 检测到Static Trip未匹配，feedId=rapid-bus-mrtfeeder，snapshotUid=6e1f2aad-ccbf-4753-9d2b-b31f3add05de，vehicleId=VH4268，原始观测继续保存
2026-08-31 00:12:28.336 [mytransitgps-continuous-collector] WARN  c.m.persistence.service.JohorRealtimeQcAnnotator - 检测到Static Route未匹配，feedId=rapid-bus-mrtfeeder，snapshotUid=6e1f2aad-ccbf-4753-9d2b-b31f3add05de，vehicleId=VH4604，原始观测继续保存
2026-08-31 00:12:28.336 [mytransitgps-continuous-collector] WARN  c.m.persistence.service.JohorRealtimeQcAnnotator - 检测到Static Trip未匹配，feedId=rapid-bus-mrtfeeder，snapshotUid=6e1f2aad-ccbf-4753-9d2b-b31f3add05de，vehicleId=VH4604，原始观测继续保存
2026-08-31 00:12:28.336 [mytransitgps-continuous-collector] WARN  c.m.persistence.service.JohorRealtimeQcAnnotator - 检测到Static Route未匹配，feedId=rapid-bus-mrtfeeder，snapshotUid=6e1f2aad-ccbf-4753-9d2b-b31f3add05de，vehicleId=VH4985，原始观测继续保存
2026-08-31 00:12:28.336 [mytransitgps-continuous-collector] WARN  c.m.persistence.service.JohorRealtimeQcAnnotator - 检测到Static Trip未匹配，feedId=rapid-bus-mrtfeeder，snapshotUid=6e1f2aad-ccbf-4753-9d2b-b31f3add05de，vehicleId=VH4985，原始观测继续保存
2026-08-31 00:12:28.336 [mytransitgps-continuous-collector] WARN  c.m.persistence.service.JohorRealtimeQcAnnotator - 检测到Static Route未匹配，feedId=rapid-bus-mrtfeeder，snapshotUid=6e1f2aad-ccbf-4753-9d2b-b31f3add05de，vehicleId=VK2913，原始观测继续保存
2026-08-31 00:12:28.336 [mytransitgps-continuous-collector] WARN  c.m.persistence.service.JohorRealtimeQcAnnotator - 检测到Static Trip未匹配，feedId=rapid-bus-mrtfeeder，snapshotUid=6e1f2aad-ccbf-4753-9d2b-b31f3add05de，vehicleId=VK2913，原始观测继续保存
2026-08-31 00:12:28.336 [mytransitgps-continuous-collector] WARN  c.m.persistence.service.JohorRealtimeQcAnnotator - 检测到Static Route未匹配，feedId=rapid-bus-mrtfeeder，snapshotUid=6e1f2aad-ccbf-4753-9d2b-b31f3add05de，vehicleId=VK6475，原始观测继续保存
2026-08-31 00:12:28.336 [mytransitgps-continuous-collector] WARN  c.m.persistence.service.JohorRealtimeQcAnnotator - 检测到Static Trip未匹配，feedId=rapid-bus-mrtfeeder，snapshotUid=6e1f2aad-ccbf-4753-9d2b-b31f3add05de，vehicleId=VK6475，原始观测继续保存
2026-08-31 00:12:28.336 [mytransitgps-continuous-collector] WARN  c.m.persistence.service.JohorRealtimeQcAnnotator - 检测到Static Route未匹配，feedId=rapid-bus-mrtfeeder，snapshotUid=6e1f2aad-ccbf-4753-9d2b-b31f3add05de，vehicleId=VM1879，原始观测继续保存
2026-08-31 00:12:28.336 [mytransitgps-continuous-collector] WARN  c.m.persistence.service.JohorRealtimeQcAnnotator - 检测到Static Trip未匹配，feedId=rapid-bus-mrtfeeder，snapshotUid=6e1f2aad-ccbf-4753-9d2b-b31f3add05de，vehicleId=VM1879，原始观测继续保存
2026-08-31 00:12:28.336 [mytransitgps-continuous-collector] WARN  c.m.persistence.service.JohorRealtimeQcAnnotator - 检测到Static Route未匹配，feedId=rapid-bus-mrtfeeder，snapshotUid=6e1f2aad-ccbf-4753-9d2b-b31f3add05de，vehicleId=VX2890，原始观测继续保存
2026-08-31 00:12:28.336 [mytransitgps-continuous-collector] WARN  c.m.persistence.service.JohorRealtimeQcAnnotator - 检测到Static Trip未匹配，feedId=rapid-bus-mrtfeeder，snapshotUid=6e1f2aad-ccbf-4753-9d2b-b31f3add05de，vehicleId=VX2890，原始观测继续保存
2026-08-31 00:13:40.317 [mytransitgps-continuous-collector] WARN  c.m.gtfs.service.RealtimeStaticEnrichmentService - Realtime Static补全存在未匹配项，城市=Kuching，feedId=mybas-kuching，routeUnresolved=1，tripUnmatched=1，原始Realtime实体继续保留
2026-08-31 00:13:40.317 [mytransitgps-continuous-collector] WARN  c.m.persistence.service.JohorRealtimeQcAnnotator - 检测到Static Route未匹配，feedId=mybas-kuching，snapshotUid=3084a7d4-7464-43de-be99-f8a92609ab32，vehicleId=MADANI2160，原始观测继续保存
2026-08-31 00:13:40.317 [mytransitgps-continuous-collector] WARN  c.m.persistence.service.JohorRealtimeQcAnnotator - 检测到Static Trip未匹配，feedId=mybas-kuching，snapshotUid=3084a7d4-7464-43de-be99-f8a92609ab32，vehicleId=MADANI2160，原始观测继续保存
2026-08-31 00:14:28.350 [mytransitgps-continuous-collector] WARN  c.m.gtfs.service.RealtimeStaticEnrichmentService - Realtime Static补全存在未匹配项，城市=Kuala Lumpur，feedId=rapid-bus-mrtfeeder，routeUnresolved=44，tripUnmatched=44，原始Realtime实体继续保留
2026-08-31 00:14:28.350 [mytransitgps-continuous-collector] WARN  c.m.persistence.service.JohorRealtimeQcAnnotator - 检测到Static Route未匹配，feedId=rapid-bus-mrtfeeder，snapshotUid=b1ca7884-d656-4ce1-bc71-3048f987c69d，vehicleId=VAC5746，原始观测继续保存
2026-08-31 00:14:28.350 [mytransitgps-continuous-collector] WARN  c.m.persistence.service.JohorRealtimeQcAnnotator - 检测到Static Trip未匹配，feedId=rapid-bus-mrtfeeder，snapshotUid=b1ca7884-d656-4ce1-bc71-3048f987c69d，vehicleId=VAC5746，原始观测继续保存
2026-08-31 00:14:28.350 [mytransitgps-continuous-collector] WARN  c.m.persistence.service.JohorRealtimeQcAnnotator - 检测到Static Route未匹配，feedId=rapid-bus-mrtfeeder，snapshotUid=b1ca7884-d656-4ce1-bc71-3048f987c69d，vehicleId=VAC5764，原始观测继续保存
2026-08-31 00:14:28.350 [mytransitgps-continuous-collector] WARN  c.m.persistence.service.JohorRealtimeQcAnnotator - 检测到Static Trip未匹配，feedId=rapid-bus-mrtfeeder，snapshotUid=b1ca7884-d656-4ce1-bc71-3048f987c69d，vehicleId=VAC5764，原始观测继续保存
2026-08-31 00:14:28.350 [mytransitgps-continuous-collector] WARN  c.m.persistence.service.JohorRealtimeQcAnnotator - 检测到Static Route未匹配，feedId=rapid-bus-mrtfeeder，snapshotUid=b1ca7884-d656-4ce1-bc71-3048f987c69d，vehicleId=VAC9627，原始观测继续保存
2026-08-31 00:14:28.350 [mytransitgps-continuous-collector] WARN  c.m.persistence.service.JohorRealtimeQcAnnotator - 检测到Static Trip未匹配，feedId=rapid-bus-mrtfeeder，snapshotUid=b1ca7884-d656-4ce1-bc71-3048f987c69d，vehicleId=VAC9627，原始观测继续保存
2026-08-31 00:14:28.350 [mytransitgps-continuous-collector] WARN  c.m.persistence.service.JohorRealtimeQcAnnotator - 检测到Static Route未匹配，feedId=rapid-bus-mrtfeeder，snapshotUid=b1ca7884-d656-4ce1-bc71-3048f987c69d，vehicleId=VAE7196，原始观测继续保存
2026-08-31 00:14:28.350 [mytransitgps-continuous-collector] WARN  c.m.persistence.service.JohorRealtimeQcAnnotator - 检测到Static Trip未匹配，feedId=rapid-bus-mrtfeeder，snapshotUid=b1ca7884-d656-4ce1-bc71-3048f987c69d，vehicleId=VAE7196，原始观测继续保存
2026-08-31 00:14:28.350 [mytransitgps-continuous-collector] WARN  c.m.persistence.service.JohorRealtimeQcAnnotator - 检测到Static Route未匹配，feedId=rapid-bus-mrtfeeder，snapshotUid=b1ca7884-d656-4ce1-bc71-3048f987c69d，vehicleId=VAF5480，原始观测继续保存
2026-08-31 00:14:28.350 [mytransitgps-continuous-collector] WARN  c.m.persistence.service.JohorRealtimeQcAnnotator - 检测到Static Trip未匹配，feedId=rapid-bus-mrtfeeder，snapshotUid=b1ca7884-d656-4ce1-bc71-3048f987c69d，vehicleId=VAF5480，原始观测继续保存
2026-08-31 00:14:28.350 [mytransitgps-continuous-collector] WARN  c.m.persistence.service.JohorRealtimeQcAnnotator - 检测到Static Route未匹配，feedId=rapid-bus-mrtfeeder，snapshotUid=b1ca7884-d656-4ce1-bc71-3048f987c69d，vehicleId=VAF5766，原始观测继续保存
2026-08-31 00:14:28.350 [mytransitgps-continuous-collector] WARN  c.m.persistence.service.JohorRealtimeQcAnnotator - 检测到Static Trip未匹配，feedId=rapid-bus-mrtfeeder，snapshotUid=b1ca7884-d656-4ce1-bc71-3048f987c69d，vehicleId=VAF5766，原始观测继续保存
2026-08-31 00:14:28.350 [mytransitgps-continuous-collector] WARN  c.m.persistence.service.JohorRealtimeQcAnnotator - 检测到Static Route未匹配，feedId=rapid-bus-mrtfeeder，snapshotUid=b1ca7884-d656-4ce1-bc71-3048f987c69d，vehicleId=VAF5780，原始观测继续保存
2026-08-31 00:14:28.350 [mytransitgps-continuous-collector] WARN  c.m.persistence.service.JohorRealtimeQcAnnotator - 检测到Static Trip未匹配，feedId=rapid-bus-mrtfeeder，snapshotUid=b1ca7884-d656-4ce1-bc71-3048f987c69d，vehicleId=VAF5780，原始观测继续保存
2026-08-31 00:14:28.350 [mytransitgps-continuous-collector] WARN  c.m.persistence.service.JohorRealtimeQcAnnotator - 检测到Static Route未匹配，feedId=rapid-bus-mrtfeeder，snapshotUid=b1ca7884-d656-4ce1-bc71-3048f987c69d，vehicleId=VAF6417，原始观测继续保存
2026-08-31 00:14:28.350 [mytransitgps-continuous-collector] WARN  c.m.persistence.service.JohorRealtimeQcAnnotator - 检测到Static Trip未匹配，feedId=rapid-bus-mrtfeeder，snapshotUid=b1ca7884-d656-4ce1-bc71-3048f987c69d，vehicleId=VAF6417，原始观测继续保存
2026-08-31 00:14:28.350 [mytransitgps-continuous-collector] WARN  c.m.persistence.service.JohorRealtimeQcAnnotator - 检测到Static Route未匹配，feedId=rapid-bus-mrtfeeder，snapshotUid=b1ca7884-d656-4ce1-bc71-3048f987c69d，vehicleId=VAF7159，原始观测继续保存
2026-08-31 00:14:28.350 [mytransitgps-continuous-collector] WARN  c.m.persistence.service.JohorRealtimeQcAnnotator - 检测到Static Trip未匹配，feedId=rapid-bus-mrtfeeder，snapshotUid=b1ca7884-d656-4ce1-bc71-3048f987c69d，vehicleId=VAF7159，原始观测继续保存
2026-08-31 00:14:28.350 [mytransitgps-continuous-collector] WARN  c.m.persistence.service.JohorRealtimeQcAnnotator - 检测到Static Route未匹配，feedId=rapid-bus-mrtfeeder，snapshotUid=b1ca7884-d656-4ce1-bc71-3048f987c69d，vehicleId=VAG4711，原始观测继续保存
2026-08-31 00:14:28.350 [mytransitgps-continuous-collector] WARN  c.m.persistence.service.JohorRealtimeQcAnnotator - 检测到Static Trip未匹配，feedId=rapid-bus-mrtfeeder，snapshotUid=b1ca7884-d656-4ce1-bc71-3048f987c69d，vehicleId=VAG4711，原始观测继续保存
2026-08-31 00:14:28.350 [mytransitgps-continuous-collector] WARN  c.m.persistence.service.JohorRealtimeQcAnnotator - 检测到Static Route未匹配，feedId=rapid-bus-mrtfeeder，snapshotUid=b1ca7884-d656-4ce1-bc71-3048f987c69d，vehicleId=VAG4750，原始观测继续保存
2026-08-31 00:14:28.350 [mytransitgps-continuous-collector] WARN  c.m.persistence.service.JohorRealtimeQcAnnotator - 检测到Static Trip未匹配，feedId=rapid-bus-mrtfeeder，snapshotUid=b1ca7884-d656-4ce1-bc71-3048f987c69d，vehicleId=VAG4750，原始观测继续保存
2026-08-31 00:14:28.351 [mytransitgps-continuous-collector] WARN  c.m.persistence.service.JohorRealtimeQcAnnotator - 检测到Static Route未匹配，feedId=rapid-bus-mrtfeeder，snapshotUid=b1ca7884-d656-4ce1-bc71-3048f987c69d，vehicleId=VAG4871，原始观测继续保存
2026-08-31 00:14:28.351 [mytransitgps-continuous-collector] WARN  c.m.persistence.service.JohorRealtimeQcAnnotator - 检测到Static Trip未匹配，feedId=rapid-bus-mrtfeeder，snapshotUid=b1ca7884-d656-4ce1-bc71-3048f987c69d，vehicleId=VAG4871，原始观测继续保存
2026-08-31 00:14:28.351 [mytransitgps-continuous-collector] WARN  c.m.persistence.service.JohorRealtimeQcAnnotator - 检测到Static Route未匹配，feedId=rapid-bus-mrtfeeder，snapshotUid=b1ca7884-d656-4ce1-bc71-3048f987c69d，vehicleId=VAG4880，原始观测继续保存
2026-08-31 00:14:28.351 [mytransitgps-continuous-collector] WARN  c.m.persistence.service.JohorRealtimeQcAnnotator - 检测到Static Trip未匹配，feedId=rapid-bus-mrtfeeder，snapshotUid=b1ca7884-d656-4ce1-bc71-3048f987c69d，vehicleId=VAG4880，原始观测继续保存
2026-08-31 00:14:28.351 [mytransitgps-continuous-collector] WARN  c.m.persistence.service.JohorRealtimeQcAnnotator - 检测到Static Route未匹配，feedId=rapid-bus-mrtfeeder，snapshotUid=b1ca7884-d656-4ce1-bc71-3048f987c69d，vehicleId=VAG6349，原始观测继续保存
2026-08-31 00:14:28.351 [mytransitgps-continuous-collector] WARN  c.m.persistence.service.JohorRealtimeQcAnnotator - 检测到Static Trip未匹配，feedId=rapid-bus-mrtfeeder，snapshotUid=b1ca7884-d656-4ce1-bc71-3048f987c69d，vehicleId=VAG6349，原始观测继续保存
2026-08-31 00:14:28.351 [mytransitgps-continuous-collector] WARN  c.m.persistence.service.JohorRealtimeQcAnnotator - 检测到Static Route未匹配，feedId=rapid-bus-mrtfeeder，snapshotUid=b1ca7884-d656-4ce1-bc71-3048f987c69d，vehicleId=VAG8054，原始观测继续保存
2026-08-31 00:14:28.351 [mytransitgps-continuous-collector] WARN  c.m.persistence.service.JohorRealtimeQcAnnotator - 检测到Static Trip未匹配，feedId=rapid-bus-mrtfeeder，snapshotUid=b1ca7884-d656-4ce1-bc71-3048f987c69d，vehicleId=VAG8054，原始观测继续保存
2026-08-31 00:14:28.351 [mytransitgps-continuous-collector] WARN  c.m.persistence.service.JohorRealtimeQcAnnotator - 检测到Static Route未匹配，feedId=rapid-bus-mrtfeeder，snapshotUid=b1ca7884-d656-4ce1-bc71-3048f987c69d，vehicleId=VAH9043，原始观测继续保存
2026-08-31 00:14:28.351 [mytransitgps-continuous-collector] WARN  c.m.persistence.service.JohorRealtimeQcAnnotator - 检测到Static Trip未匹配，feedId=rapid-bus-mrtfeeder，snapshotUid=b1ca7884-d656-4ce1-bc71-3048f987c69d，vehicleId=VAH9043，原始观测继续保存
2026-08-31 00:14:28.351 [mytransitgps-continuous-collector] WARN  c.m.persistence.service.JohorRealtimeQcAnnotator - 检测到Static Route未匹配，feedId=rapid-bus-mrtfeeder，snapshotUid=b1ca7884-d656-4ce1-bc71-3048f987c69d，vehicleId=VAH9045，原始观测继续保存
2026-08-31 00:14:28.351 [mytransitgps-continuous-collector] WARN  c.m.persistence.service.JohorRealtimeQcAnnotator - 检测到Static Trip未匹配，feedId=rapid-bus-mrtfeeder，snapshotUid=b1ca7884-d656-4ce1-bc71-3048f987c69d，vehicleId=VAH9045，原始观测继续保存
2026-08-31 00:14:28.351 [mytransitgps-continuous-collector] WARN  c.m.persistence.service.JohorRealtimeQcAnnotator - 检测到Static Route未匹配，feedId=rapid-bus-mrtfeeder，snapshotUid=b1ca7884-d656-4ce1-bc71-3048f987c69d，vehicleId=VAJ1481，原始观测继续保存
2026-08-31 00:14:28.351 [mytransitgps-continuous-collector] WARN  c.m.persistence.service.JohorRealtimeQcAnnotator - 检测到Static Trip未匹配，feedId=rapid-bus-mrtfeeder，snapshotUid=b1ca7884-d656-4ce1-bc71-3048f987c69d，vehicleId=VAJ1481，原始观测继续保存
2026-08-31 00:14:28.351 [mytransitgps-continuous-collector] WARN  c.m.persistence.service.JohorRealtimeQcAnnotator - 检测到Static Route未匹配，feedId=rapid-bus-mrtfeeder，snapshotUid=b1ca7884-d656-4ce1-bc71-3048f987c69d，vehicleId=VAJ2895，原始观测继续保存
2026-08-31 00:14:28.351 [mytransitgps-continuous-collector] WARN  c.m.persistence.service.JohorRealtimeQcAnnotator - 检测到Static Trip未匹配，feedId=rapid-bus-mrtfeeder，snapshotUid=b1ca7884-d656-4ce1-bc71-3048f987c69d，vehicleId=VAJ2895，原始观测继续保存
2026-08-31 00:14:28.351 [mytransitgps-continuous-collector] WARN  c.m.persistence.service.JohorRealtimeQcAnnotator - 检测到Static Route未匹配，feedId=rapid-bus-mrtfeeder，snapshotUid=b1ca7884-d656-4ce1-bc71-3048f987c69d，vehicleId=VAL4552，原始观测继续保存
2026-08-31 00:14:28.351 [mytransitgps-continuous-collector] WARN  c.m.persistence.service.JohorRealtimeQcAnnotator - 检测到Static Trip未匹配，feedId=rapid-bus-mrtfeeder，snapshotUid=b1ca7884-d656-4ce1-bc71-3048f987c69d，vehicleId=VAL4552，原始观测继续保存
2026-08-31 00:14:28.351 [mytransitgps-continuous-collector] WARN  c.m.persistence.service.JohorRealtimeQcAnnotator - 检测到Future Timestamp，feedId=rapid-bus-mrtfeeder，snapshotUid=b1ca7884-d656-4ce1-bc71-3048f987c69d，vehicleId=VAL4552，vehicleTime=1886017556，原始时间戳继续保存
2026-08-31 00:14:28.351 [mytransitgps-continuous-collector] WARN  c.m.persistence.service.JohorRealtimeQcAnnotator - 检测到Static Route未匹配，feedId=rapid-bus-mrtfeeder，snapshotUid=b1ca7884-d656-4ce1-bc71-3048f987c69d，vehicleId=VG6480，原始观测继续保存
2026-08-31 00:14:28.351 [mytransitgps-continuous-collector] WARN  c.m.persistence.service.JohorRealtimeQcAnnotator - 检测到Static Trip未匹配，feedId=rapid-bus-mrtfeeder，snapshotUid=b1ca7884-d656-4ce1-bc71-3048f987c69d，vehicleId=VG6480，原始观测继续保存
2026-08-31 00:14:28.351 [mytransitgps-continuous-collector] WARN  c.m.persistence.service.JohorRealtimeQcAnnotator - 检测到Static Route未匹配，feedId=rapid-bus-mrtfeeder，snapshotUid=b1ca7884-d656-4ce1-bc71-3048f987c69d，vehicleId=VG6491，原始观测继续保存
2026-08-31 00:14:28.351 [mytransitgps-continuous-collector] WARN  c.m.persistence.service.JohorRealtimeQcAnnotator - 检测到Static Trip未匹配，feedId=rapid-bus-mrtfeeder，snapshotUid=b1ca7884-d656-4ce1-bc71-3048f987c69d，vehicleId=VG6491，原始观测继续保存
2026-08-31 00:14:28.351 [mytransitgps-continuous-collector] WARN  c.m.persistence.service.JohorRealtimeQcAnnotator - 检测到Static Route未匹配，feedId=rapid-bus-mrtfeeder，snapshotUid=b1ca7884-d656-4ce1-bc71-3048f987c69d，vehicleId=VG6493，原始观测继续保存
2026-08-31 00:14:28.351 [mytransitgps-continuous-collector] WARN  c.m.persistence.service.JohorRealtimeQcAnnotator - 检测到Static Trip未匹配，feedId=rapid-bus-mrtfeeder，snapshotUid=b1ca7884-d656-4ce1-bc71-3048f987c69d，vehicleId=VG6493，原始观测继续保存
2026-08-31 00:14:28.351 [mytransitgps-continuous-collector] WARN  c.m.persistence.service.JohorRealtimeQcAnnotator - 检测到Static Route未匹配，feedId=rapid-bus-mrtfeeder，snapshotUid=b1ca7884-d656-4ce1-bc71-3048f987c69d，vehicleId=VG6514，原始观测继续保存
2026-08-31 00:14:28.351 [mytransitgps-continuous-collector] WARN  c.m.persistence.service.JohorRealtimeQcAnnotator - 检测到Static Trip未匹配，feedId=rapid-bus-mrtfeeder，snapshotUid=b1ca7884-d656-4ce1-bc71-3048f987c69d，vehicleId=VG6514，原始观测继续保存
2026-08-31 00:14:28.351 [mytransitgps-continuous-collector] WARN  c.m.persistence.service.JohorRealtimeQcAnnotator - 检测到Static Route未匹配，feedId=rapid-bus-mrtfeeder，snapshotUid=b1ca7884-d656-4ce1-bc71-3048f987c69d，vehicleId=VG8673，原始观测继续保存
2026-08-31 00:14:28.351 [mytransitgps-continuous-collector] WARN  c.m.persistence.service.JohorRealtimeQcAnnotator - 检测到Static Trip未匹配，feedId=rapid-bus-mrtfeeder，snapshotUid=b1ca7884-d656-4ce1-bc71-3048f987c69d，vehicleId=VG8673，原始观测继续保存
2026-08-31 00:14:28.351 [mytransitgps-continuous-collector] WARN  c.m.persistence.service.JohorRealtimeQcAnnotator - 检测到Static Route未匹配，feedId=rapid-bus-mrtfeeder，snapshotUid=b1ca7884-d656-4ce1-bc71-3048f987c69d，vehicleId=VG8703，原始观测继续保存
2026-08-31 00:14:28.351 [mytransitgps-continuous-collector] WARN  c.m.persistence.service.JohorRealtimeQcAnnotator - 检测到Static Trip未匹配，feedId=rapid-bus-mrtfeeder，snapshotUid=b1ca7884-d656-4ce1-bc71-3048f987c69d，vehicleId=VG8703，原始观测继续保存
2026-08-31 00:14:28.351 [mytransitgps-continuous-collector] WARN  c.m.persistence.service.JohorRealtimeQcAnnotator - 检测到Static Route未匹配，feedId=rapid-bus-mrtfeeder，snapshotUid=b1ca7884-d656-4ce1-bc71-3048f987c69d，vehicleId=VG8769，原始观测继续保存
2026-08-31 00:14:28.351 [mytransitgps-continuous-collector] WARN  c.m.persistence.service.JohorRealtimeQcAnnotator - 检测到Static Trip未匹配，feedId=rapid-bus-mrtfeeder，snapshotUid=b1ca7884-d656-4ce1-bc71-3048f987c69d，vehicleId=VG8769，原始观测继续保存
2026-08-31 00:14:28.351 [mytransitgps-continuous-collector] WARN  c.m.persistence.service.JohorRealtimeQcAnnotator - 检测到Static Route未匹配，feedId=rapid-bus-mrtfeeder，snapshotUid=b1ca7884-d656-4ce1-bc71-3048f987c69d，vehicleId=VH1568，原始观测继续保存
2026-08-31 00:14:28.351 [mytransitgps-continuous-collector] WARN  c.m.persistence.service.JohorRealtimeQcAnnotator - 检测到Static Trip未匹配，feedId=rapid-bus-mrtfeeder，snapshotUid=b1ca7884-d656-4ce1-bc71-3048f987c69d，vehicleId=VH1568，原始观测继续保存
2026-08-31 00:14:28.351 [mytransitgps-continuous-collector] WARN  c.m.persistence.service.JohorRealtimeQcAnnotator - 检测到Static Route未匹配，feedId=rapid-bus-mrtfeeder，snapshotUid=b1ca7884-d656-4ce1-bc71-3048f987c69d，vehicleId=VH2057，原始观测继续保存
2026-08-31 00:14:28.351 [mytransitgps-continuous-collector] WARN  c.m.persistence.service.JohorRealtimeQcAnnotator - 检测到Static Trip未匹配，feedId=rapid-bus-mrtfeeder，snapshotUid=b1ca7884-d656-4ce1-bc71-3048f987c69d，vehicleId=VH2057，原始观测继续保存
2026-08-31 00:14:28.351 [mytransitgps-continuous-collector] WARN  c.m.persistence.service.JohorRealtimeQcAnnotator - 检测到Static Route未匹配，feedId=rapid-bus-mrtfeeder，snapshotUid=b1ca7884-d656-4ce1-bc71-3048f987c69d，vehicleId=VH2059，原始观测继续保存
2026-08-31 00:14:28.351 [mytransitgps-continuous-collector] WARN  c.m.persistence.service.JohorRealtimeQcAnnotator - 检测到Static Trip未匹配，feedId=rapid-bus-mrtfeeder，snapshotUid=b1ca7884-d656-4ce1-bc71-3048f987c69d，vehicleId=VH2059，原始观测继续保存
2026-08-31 00:14:28.352 [mytransitgps-continuous-collector] WARN  c.m.persistence.service.JohorRealtimeQcAnnotator - 检测到Static Route未匹配，feedId=rapid-bus-mrtfeeder，snapshotUid=b1ca7884-d656-4ce1-bc71-3048f987c69d，vehicleId=VH2490，原始观测继续保存
2026-08-31 00:14:28.352 [mytransitgps-continuous-collector] WARN  c.m.persistence.service.JohorRealtimeQcAnnotator - 检测到Static Trip未匹配，feedId=rapid-bus-mrtfeeder，snapshotUid=b1ca7884-d656-4ce1-bc71-3048f987c69d，vehicleId=VH2490，原始观测继续保存
2026-08-31 00:14:28.352 [mytransitgps-continuous-collector] WARN  c.m.persistence.service.JohorRealtimeQcAnnotator - 检测到Static Route未匹配，feedId=rapid-bus-mrtfeeder，snapshotUid=b1ca7884-d656-4ce1-bc71-3048f987c69d，vehicleId=VH2540，原始观测继续保存
2026-08-31 00:14:28.352 [mytransitgps-continuous-collector] WARN  c.m.persistence.service.JohorRealtimeQcAnnotator - 检测到Static Trip未匹配，feedId=rapid-bus-mrtfeeder，snapshotUid=b1ca7884-d656-4ce1-bc71-3048f987c69d，vehicleId=VH2540，原始观测继续保存
2026-08-31 00:14:28.352 [mytransitgps-continuous-collector] WARN  c.m.persistence.service.JohorRealtimeQcAnnotator - 检测到Static Route未匹配，feedId=rapid-bus-mrtfeeder，snapshotUid=b1ca7884-d656-4ce1-bc71-3048f987c69d，vehicleId=VH2549，原始观测继续保存
2026-08-31 00:14:28.352 [mytransitgps-continuous-collector] WARN  c.m.persistence.service.JohorRealtimeQcAnnotator - 检测到Static Trip未匹配，feedId=rapid-bus-mrtfeeder，snapshotUid=b1ca7884-d656-4ce1-bc71-3048f987c69d，vehicleId=VH2549，原始观测继续保存
2026-08-31 00:14:28.352 [mytransitgps-continuous-collector] WARN  c.m.persistence.service.JohorRealtimeQcAnnotator - 检测到Static Route未匹配，feedId=rapid-bus-mrtfeeder，snapshotUid=b1ca7884-d656-4ce1-bc71-3048f987c69d，vehicleId=VH3593，原始观测继续保存
2026-08-31 00:14:28.352 [mytransitgps-continuous-collector] WARN  c.m.persistence.service.JohorRealtimeQcAnnotator - 检测到Static Trip未匹配，feedId=rapid-bus-mrtfeeder，snapshotUid=b1ca7884-d656-4ce1-bc71-3048f987c69d，vehicleId=VH3593，原始观测继续保存
2026-08-31 00:14:28.352 [mytransitgps-continuous-collector] WARN  c.m.persistence.service.JohorRealtimeQcAnnotator - 检测到Static Route未匹配，feedId=rapid-bus-mrtfeeder，snapshotUid=b1ca7884-d656-4ce1-bc71-3048f987c69d，vehicleId=VH4037，原始观测继续保存
2026-08-31 00:14:28.352 [mytransitgps-continuous-collector] WARN  c.m.persistence.service.JohorRealtimeQcAnnotator - 检测到Static Trip未匹配，feedId=rapid-bus-mrtfeeder，snapshotUid=b1ca7884-d656-4ce1-bc71-3048f987c69d，vehicleId=VH4037，原始观测继续保存
2026-08-31 00:14:28.352 [mytransitgps-continuous-collector] WARN  c.m.persistence.service.JohorRealtimeQcAnnotator - 检测到Static Route未匹配，feedId=rapid-bus-mrtfeeder，snapshotUid=b1ca7884-d656-4ce1-bc71-3048f987c69d，vehicleId=VH4053，原始观测继续保存
2026-08-31 00:14:28.352 [mytransitgps-continuous-collector] WARN  c.m.persistence.service.JohorRealtimeQcAnnotator - 检测到Static Trip未匹配，feedId=rapid-bus-mrtfeeder，snapshotUid=b1ca7884-d656-4ce1-bc71-3048f987c69d，vehicleId=VH4053，原始观测继续保存
2026-08-31 00:14:28.352 [mytransitgps-continuous-collector] WARN  c.m.persistence.service.JohorRealtimeQcAnnotator - 检测到Static Route未匹配，feedId=rapid-bus-mrtfeeder，snapshotUid=b1ca7884-d656-4ce1-bc71-3048f987c69d，vehicleId=VH4268，原始观测继续保存
2026-08-31 00:14:28.352 [mytransitgps-continuous-collector] WARN  c.m.persistence.service.JohorRealtimeQcAnnotator - 检测到Static Trip未匹配，feedId=rapid-bus-mrtfeeder，snapshotUid=b1ca7884-d656-4ce1-bc71-3048f987c69d，vehicleId=VH4268，原始观测继续保存
2026-08-31 00:14:28.352 [mytransitgps-continuous-collector] WARN  c.m.persistence.service.JohorRealtimeQcAnnotator - 检测到Static Route未匹配，feedId=rapid-bus-mrtfeeder，snapshotUid=b1ca7884-d656-4ce1-bc71-3048f987c69d，vehicleId=VH4604，原始观测继续保存
2026-08-31 00:14:28.352 [mytransitgps-continuous-collector] WARN  c.m.persistence.service.JohorRealtimeQcAnnotator - 检测到Static Trip未匹配，feedId=rapid-bus-mrtfeeder，snapshotUid=b1ca7884-d656-4ce1-bc71-3048f987c69d，vehicleId=VH4604，原始观测继续保存
2026-08-31 00:14:28.352 [mytransitgps-continuous-collector] WARN  c.m.persistence.service.JohorRealtimeQcAnnotator - 检测到Static Route未匹配，feedId=rapid-bus-mrtfeeder，snapshotUid=b1ca7884-d656-4ce1-bc71-3048f987c69d，vehicleId=VH4985，原始观测继续保存
2026-08-31 00:14:28.352 [mytransitgps-continuous-collector] WARN  c.m.persistence.service.JohorRealtimeQcAnnotator - 检测到Static Trip未匹配，feedId=rapid-bus-mrtfeeder，snapshotUid=b1ca7884-d656-4ce1-bc71-3048f987c69d，vehicleId=VH4985，原始观测继续保存
2026-08-31 00:14:28.352 [mytransitgps-continuous-collector] WARN  c.m.persistence.service.JohorRealtimeQcAnnotator - 检测到Static Route未匹配，feedId=rapid-bus-mrtfeeder，snapshotUid=b1ca7884-d656-4ce1-bc71-3048f987c69d，vehicleId=VK2607，原始观测继续保存
2026-08-31 00:14:28.352 [mytransitgps-continuous-collector] WARN  c.m.persistence.service.JohorRealtimeQcAnnotator - 检测到Static Trip未匹配，feedId=rapid-bus-mrtfeeder，snapshotUid=b1ca7884-d656-4ce1-bc71-3048f987c69d，vehicleId=VK2607，原始观测继续保存
2026-08-31 00:14:28.352 [mytransitgps-continuous-collector] WARN  c.m.persistence.service.JohorRealtimeQcAnnotator - 检测到车辆位置异常，feedId=rapid-bus-mrtfeeder，snapshotUid=b1ca7884-d656-4ce1-bc71-3048f987c69d，vehicleId=VK2607，status=ZERO_ZERO_POSITION，原始经纬度继续保存
2026-08-31 00:14:28.352 [mytransitgps-continuous-collector] WARN  c.m.persistence.service.JohorRealtimeQcAnnotator - 检测到Static Route未匹配，feedId=rapid-bus-mrtfeeder，snapshotUid=b1ca7884-d656-4ce1-bc71-3048f987c69d，vehicleId=VK2913，原始观测继续保存
2026-08-31 00:14:28.352 [mytransitgps-continuous-collector] WARN  c.m.persistence.service.JohorRealtimeQcAnnotator - 检测到Static Trip未匹配，feedId=rapid-bus-mrtfeeder，snapshotUid=b1ca7884-d656-4ce1-bc71-3048f987c69d，vehicleId=VK2913，原始观测继续保存
2026-08-31 00:14:28.352 [mytransitgps-continuous-collector] WARN  c.m.persistence.service.JohorRealtimeQcAnnotator - 检测到Static Route未匹配，feedId=rapid-bus-mrtfeeder，snapshotUid=b1ca7884-d656-4ce1-bc71-3048f987c69d，vehicleId=VK6475，原始观测继续保存
2026-08-31 00:14:28.352 [mytransitgps-continuous-collector] WARN  c.m.persistence.service.JohorRealtimeQcAnnotator - 检测到Static Trip未匹配，feedId=rapid-bus-mrtfeeder，snapshotUid=b1ca7884-d656-4ce1-bc71-3048f987c69d，vehicleId=VK6475，原始观测继续保存
2026-08-31 00:14:28.352 [mytransitgps-continuous-collector] WARN  c.m.persistence.service.JohorRealtimeQcAnnotator - 检测到Static Route未匹配，feedId=rapid-bus-mrtfeeder，snapshotUid=b1ca7884-d656-4ce1-bc71-3048f987c69d，vehicleId=VM1879，原始观测继续保存
2026-08-31 00:14:28.352 [mytransitgps-continuous-collector] WARN  c.m.persistence.service.JohorRealtimeQcAnnotator - 检测到Static Trip未匹配，feedId=rapid-bus-mrtfeeder，snapshotUid=b1ca7884-d656-4ce1-bc71-3048f987c69d，vehicleId=VM1879，原始观测继续保存
2026-08-31 00:14:28.352 [mytransitgps-continuous-collector] WARN  c.m.persistence.service.JohorRealtimeQcAnnotator - 检测到Static Route未匹配，feedId=rapid-bus-mrtfeeder，snapshotUid=b1ca7884-d656-4ce1-bc71-3048f987c69d，vehicleId=VX2890，原始观测继续保存
2026-08-31 00:14:28.352 [mytransitgps-continuous-collector] WARN  c.m.persistence.service.JohorRealtimeQcAnnotator - 检测到Static Trip未匹配，feedId=rapid-bus-mrtfeeder，snapshotUid=b1ca7884-d656-4ce1-bc71-3048f987c69d，vehicleId=VX2890，原始观测继续保存
2026-08-31 00:15:40.313 [mytransitgps-continuous-collector] WARN  c.m.gtfs.service.RealtimeStaticEnrichmentService - Realtime Static补全存在未匹配项，城市=Kuching，feedId=mybas-kuching，routeUnresolved=1，tripUnmatched=1，原始Realtime实体继续保留
2026-08-31 00:15:40.313 [mytransitgps-continuous-collector] WARN  c.m.persistence.service.JohorRealtimeQcAnnotator - 检测到Static Route未匹配，feedId=mybas-kuching，snapshotUid=317be36c-45d7-4efc-99f0-bc768ae15b77，vehicleId=MADANI2160，原始观测继续保存
2026-08-31 00:15:40.313 [mytransitgps-continuous-collector] WARN  c.m.persistence.service.JohorRealtimeQcAnnotator - 检测到Static Trip未匹配，feedId=mybas-kuching，snapshotUid=317be36c-45d7-4efc-99f0-bc768ae15b77，vehicleId=MADANI2160，原始观测继续保存
2026-08-31 00:16:06.238 [scheduling-1] WARN  c.m.m.ciq.collector.CiqTrafficSpeedCollector - CIQ API01 [N09] Raw完整快照已完成，但数据库链未完成，runUid=560e4154-a3c8-40d6-a192-6b1d44cb384d，pages=288，rawRecords=143787，dbErrorCode=DATABASE_WRITE_FAILED，dbErrorMessage=class java.lang.Integer cannot be cast to class java.lang.Short (java.lang.Integer and java.lang.Short are in module java.base of loader 'bootstrap')
2026-08-31 00:16:06.238 [scheduling-1] WARN  c.m.platform.collection.CollectionExecutor - 交通数据采集未成功，module=CIQ，collector=CIQ_TRAFFIC_SPEED，runUid=560e4154-a3c8-40d6-a192-6b1d44cb384d，status=PARTIAL_SUCCESS，errorCode=DATABASE_WRITE_FAILED，message=class java.lang.Integer cannot be cast to class java.lang.Short (java.lang.Integer and java.lang.Short are in module java.base of loader 'bootstrap')
2026-08-31 00:16:28.342 [mytransitgps-continuous-collector] WARN  c.m.gtfs.service.RealtimeStaticEnrichmentService - Realtime Static补全存在未匹配项，城市=Kuala Lumpur，feedId=rapid-bus-mrtfeeder，routeUnresolved=44，tripUnmatched=44，原始Realtime实体继续保留
2026-08-31 00:16:28.342 [mytransitgps-continuous-collector] WARN  c.m.persistence.service.JohorRealtimeQcAnnotator - 检测到Static Route未匹配，feedId=rapid-bus-mrtfeeder，snapshotUid=bc42efbd-42e7-4e77-9413-2ea5b069e465，vehicleId=VAC5746，原始观测继续保存
2026-08-31 00:16:28.342 [mytransitgps-continuous-collector] WARN  c.m.persistence.service.JohorRealtimeQcAnnotator - 检测到Static Trip未匹配，feedId=rapid-bus-mrtfeeder，snapshotUid=bc42efbd-42e7-4e77-9413-2ea5b069e465，vehicleId=VAC5746，原始观测继续保存
2026-08-31 00:16:28.342 [mytransitgps-continuous-collector] WARN  c.m.persistence.service.JohorRealtimeQcAnnotator - 检测到Static Route未匹配，feedId=rapid-bus-mrtfeeder，snapshotUid=bc42efbd-42e7-4e77-9413-2ea5b069e465，vehicleId=VAC5764，原始观测继续保存
2026-08-31 00:16:28.342 [mytransitgps-continuous-collector] WARN  c.m.persistence.service.JohorRealtimeQcAnnotator - 检测到Static Trip未匹配，feedId=rapid-bus-mrtfeeder，snapshotUid=bc42efbd-42e7-4e77-9413-2ea5b069e465，vehicleId=VAC5764，原始观测继续保存
2026-08-31 00:16:28.342 [mytransitgps-continuous-collector] WARN  c.m.persistence.service.JohorRealtimeQcAnnotator - 检测到Static Route未匹配，feedId=rapid-bus-mrtfeeder，snapshotUid=bc42efbd-42e7-4e77-9413-2ea5b069e465，vehicleId=VAC9627，原始观测继续保存
2026-08-31 00:16:28.342 [mytransitgps-continuous-collector] WARN  c.m.persistence.service.JohorRealtimeQcAnnotator - 检测到Static Trip未匹配，feedId=rapid-bus-mrtfeeder，snapshotUid=bc42efbd-42e7-4e77-9413-2ea5b069e465，vehicleId=VAC9627，原始观测继续保存
2026-08-31 00:16:28.342 [mytransitgps-continuous-collector] WARN  c.m.persistence.service.JohorRealtimeQcAnnotator - 检测到Static Route未匹配，feedId=rapid-bus-mrtfeeder，snapshotUid=bc42efbd-42e7-4e77-9413-2ea5b069e465，vehicleId=VAE7196，原始观测继续保存
2026-08-31 00:16:28.342 [mytransitgps-continuous-collector] WARN  c.m.persistence.service.JohorRealtimeQcAnnotator - 检测到Static Trip未匹配，feedId=rapid-bus-mrtfeeder，snapshotUid=bc42efbd-42e7-4e77-9413-2ea5b069e465，vehicleId=VAE7196，原始观测继续保存
2026-08-31 00:16:28.342 [mytransitgps-continuous-collector] WARN  c.m.persistence.service.JohorRealtimeQcAnnotator - 检测到Static Route未匹配，feedId=rapid-bus-mrtfeeder，snapshotUid=bc42efbd-42e7-4e77-9413-2ea5b069e465，vehicleId=VAF5480，原始观测继续保存
2026-08-31 00:16:28.342 [mytransitgps-continuous-collector] WARN  c.m.persistence.service.JohorRealtimeQcAnnotator - 检测到Static Trip未匹配，feedId=rapid-bus-mrtfeeder，snapshotUid=bc42efbd-42e7-4e77-9413-2ea5b069e465，vehicleId=VAF5480，原始观测继续保存
2026-08-31 00:16:28.342 [mytransitgps-continuous-collector] WARN  c.m.persistence.service.JohorRealtimeQcAnnotator - 检测到Static Route未匹配，feedId=rapid-bus-mrtfeeder，snapshotUid=bc42efbd-42e7-4e77-9413-2ea5b069e465，vehicleId=VAF5766，原始观测继续保存
2026-08-31 00:16:28.342 [mytransitgps-continuous-collector] WARN  c.m.persistence.service.JohorRealtimeQcAnnotator - 检测到Static Trip未匹配，feedId=rapid-bus-mrtfeeder，snapshotUid=bc42efbd-42e7-4e77-9413-2ea5b069e465，vehicleId=VAF5766，原始观测继续保存
2026-08-31 00:16:28.342 [mytransitgps-continuous-collector] WARN  c.m.persistence.service.JohorRealtimeQcAnnotator - 检测到Static Route未匹配，feedId=rapid-bus-mrtfeeder，snapshotUid=bc42efbd-42e7-4e77-9413-2ea5b069e465，vehicleId=VAF5780，原始观测继续保存
2026-08-31 00:16:28.342 [mytransitgps-continuous-collector] WARN  c.m.persistence.service.JohorRealtimeQcAnnotator - 检测到Static Trip未匹配，feedId=rapid-bus-mrtfeeder，snapshotUid=bc42efbd-42e7-4e77-9413-2ea5b069e465，vehicleId=VAF5780，原始观测继续保存
2026-08-31 00:16:28.342 [mytransitgps-continuous-collector] WARN  c.m.persistence.service.JohorRealtimeQcAnnotator - 检测到Static Route未匹配，feedId=rapid-bus-mrtfeeder，snapshotUid=bc42efbd-42e7-4e77-9413-2ea5b069e465，vehicleId=VAF6417，原始观测继续保存
2026-08-31 00:16:28.342 [mytransitgps-continuous-collector] WARN  c.m.persistence.service.JohorRealtimeQcAnnotator - 检测到Static Trip未匹配，feedId=rapid-bus-mrtfeeder，snapshotUid=bc42efbd-42e7-4e77-9413-2ea5b069e465，vehicleId=VAF6417，原始观测继续保存
2026-08-31 00:16:28.342 [mytransitgps-continuous-collector] WARN  c.m.persistence.service.JohorRealtimeQcAnnotator - 检测到Static Route未匹配，feedId=rapid-bus-mrtfeeder，snapshotUid=bc42efbd-42e7-4e77-9413-2ea5b069e465，vehicleId=VAF7159，原始观测继续保存
2026-08-31 00:16:28.342 [mytransitgps-continuous-collector] WARN  c.m.persistence.service.JohorRealtimeQcAnnotator - 检测到Static Trip未匹配，feedId=rapid-bus-mrtfeeder，snapshotUid=bc42efbd-42e7-4e77-9413-2ea5b069e465，vehicleId=VAF7159，原始观测继续保存
2026-08-31 00:16:28.342 [mytransitgps-continuous-collector] WARN  c.m.persistence.service.JohorRealtimeQcAnnotator - 检测到Static Route未匹配，feedId=rapid-bus-mrtfeeder，snapshotUid=bc42efbd-42e7-4e77-9413-2ea5b069e465，vehicleId=VAG4711，原始观测继续保存
2026-08-31 00:16:28.342 [mytransitgps-continuous-collector] WARN  c.m.persistence.service.JohorRealtimeQcAnnotator - 检测到Static Trip未匹配，feedId=rapid-bus-mrtfeeder，snapshotUid=bc42efbd-42e7-4e77-9413-2ea5b069e465，vehicleId=VAG4711，原始观测继续保存
2026-08-31 00:16:28.342 [mytransitgps-continuous-collector] WARN  c.m.persistence.service.JohorRealtimeQcAnnotator - 检测到Static Route未匹配，feedId=rapid-bus-mrtfeeder，snapshotUid=bc42efbd-42e7-4e77-9413-2ea5b069e465，vehicleId=VAG4871，原始观测继续保存
2026-08-31 00:16:28.342 [mytransitgps-continuous-collector] WARN  c.m.persistence.service.JohorRealtimeQcAnnotator - 检测到Static Trip未匹配，feedId=rapid-bus-mrtfeeder，snapshotUid=bc42efbd-42e7-4e77-9413-2ea5b069e465，vehicleId=VAG4871，原始观测继续保存
2026-08-31 00:16:28.342 [mytransitgps-continuous-collector] WARN  c.m.persistence.service.JohorRealtimeQcAnnotator - 检测到Static Route未匹配，feedId=rapid-bus-mrtfeeder，snapshotUid=bc42efbd-42e7-4e77-9413-2ea5b069e465，vehicleId=VAG4880，原始观测继续保存
2026-08-31 00:16:28.342 [mytransitgps-continuous-collector] WARN  c.m.persistence.service.JohorRealtimeQcAnnotator - 检测到Static Trip未匹配，feedId=rapid-bus-mrtfeeder，snapshotUid=bc42efbd-42e7-4e77-9413-2ea5b069e465，vehicleId=VAG4880，原始观测继续保存
2026-08-31 00:16:28.342 [mytransitgps-continuous-collector] WARN  c.m.persistence.service.JohorRealtimeQcAnnotator - 检测到Static Route未匹配，feedId=rapid-bus-mrtfeeder，snapshotUid=bc42efbd-42e7-4e77-9413-2ea5b069e465，vehicleId=VAG6349，原始观测继续保存
2026-08-31 00:16:28.342 [mytransitgps-continuous-collector] WARN  c.m.persistence.service.JohorRealtimeQcAnnotator - 检测到Static Trip未匹配，feedId=rapid-bus-mrtfeeder，snapshotUid=bc42efbd-42e7-4e77-9413-2ea5b069e465，vehicleId=VAG6349，原始观测继续保存
2026-08-31 00:16:28.342 [mytransitgps-continuous-collector] WARN  c.m.persistence.service.JohorRealtimeQcAnnotator - 检测到Static Route未匹配，feedId=rapid-bus-mrtfeeder，snapshotUid=bc42efbd-42e7-4e77-9413-2ea5b069e465，vehicleId=VAG8054，原始观测继续保存
2026-08-31 00:16:28.342 [mytransitgps-continuous-collector] WARN  c.m.persistence.service.JohorRealtimeQcAnnotator - 检测到Static Trip未匹配，feedId=rapid-bus-mrtfeeder，snapshotUid=bc42efbd-42e7-4e77-9413-2ea5b069e465，vehicleId=VAG8054，原始观测继续保存
2026-08-31 00:16:28.342 [mytransitgps-continuous-collector] WARN  c.m.persistence.service.JohorRealtimeQcAnnotator - 检测到Static Route未匹配，feedId=rapid-bus-mrtfeeder，snapshotUid=bc42efbd-42e7-4e77-9413-2ea5b069e465，vehicleId=VAH9043，原始观测继续保存
2026-08-31 00:16:28.342 [mytransitgps-continuous-collector] WARN  c.m.persistence.service.JohorRealtimeQcAnnotator - 检测到Static Trip未匹配，feedId=rapid-bus-mrtfeeder，snapshotUid=bc42efbd-42e7-4e77-9413-2ea5b069e465，vehicleId=VAH9043，原始观测继续保存
2026-08-31 00:16:28.342 [mytransitgps-continuous-collector] WARN  c.m.persistence.service.JohorRealtimeQcAnnotator - 检测到Static Route未匹配，feedId=rapid-bus-mrtfeeder，snapshotUid=bc42efbd-42e7-4e77-9413-2ea5b069e465，vehicleId=VAH9045，原始观测继续保存
2026-08-31 00:16:28.342 [mytransitgps-continuous-collector] WARN  c.m.persistence.service.JohorRealtimeQcAnnotator - 检测到Static Trip未匹配，feedId=rapid-bus-mrtfeeder，snapshotUid=bc42efbd-42e7-4e77-9413-2ea5b069e465，vehicleId=VAH9045，原始观测继续保存
2026-08-31 00:16:28.342 [mytransitgps-continuous-collector] WARN  c.m.persistence.service.JohorRealtimeQcAnnotator - 检测到Static Route未匹配，feedId=rapid-bus-mrtfeeder，snapshotUid=bc42efbd-42e7-4e77-9413-2ea5b069e465，vehicleId=VAJ1481，原始观测继续保存
2026-08-31 00:16:28.342 [mytransitgps-continuous-collector] WARN  c.m.persistence.service.JohorRealtimeQcAnnotator - 检测到Static Trip未匹配，feedId=rapid-bus-mrtfeeder，snapshotUid=bc42efbd-42e7-4e77-9413-2ea5b069e465，vehicleId=VAJ1481，原始观测继续保存
2026-08-31 00:16:28.343 [mytransitgps-continuous-collector] WARN  c.m.persistence.service.JohorRealtimeQcAnnotator - 检测到Static Route未匹配，feedId=rapid-bus-mrtfeeder，snapshotUid=bc42efbd-42e7-4e77-9413-2ea5b069e465，vehicleId=VAJ2895，原始观测继续保存
2026-08-31 00:16:28.343 [mytransitgps-continuous-collector] WARN  c.m.persistence.service.JohorRealtimeQcAnnotator - 检测到Static Trip未匹配，feedId=rapid-bus-mrtfeeder，snapshotUid=bc42efbd-42e7-4e77-9413-2ea5b069e465，vehicleId=VAJ2895，原始观测继续保存
2026-08-31 00:16:28.343 [mytransitgps-continuous-collector] WARN  c.m.persistence.service.JohorRealtimeQcAnnotator - 检测到Static Route未匹配，feedId=rapid-bus-mrtfeeder，snapshotUid=bc42efbd-42e7-4e77-9413-2ea5b069e465，vehicleId=VAL4552，原始观测继续保存
2026-08-31 00:16:28.343 [mytransitgps-continuous-collector] WARN  c.m.persistence.service.JohorRealtimeQcAnnotator - 检测到Static Trip未匹配，feedId=rapid-bus-mrtfeeder，snapshotUid=bc42efbd-42e7-4e77-9413-2ea5b069e465，vehicleId=VAL4552，原始观测继续保存
2026-08-31 00:16:28.343 [mytransitgps-continuous-collector] WARN  c.m.persistence.service.JohorRealtimeQcAnnotator - 检测到Future Timestamp，feedId=rapid-bus-mrtfeeder，snapshotUid=bc42efbd-42e7-4e77-9413-2ea5b069e465，vehicleId=VAL4552，vehicleTime=1886017556，原始时间戳继续保存
2026-08-31 00:16:28.343 [mytransitgps-continuous-collector] WARN  c.m.persistence.service.JohorRealtimeQcAnnotator - 检测到Static Route未匹配，feedId=rapid-bus-mrtfeeder，snapshotUid=bc42efbd-42e7-4e77-9413-2ea5b069e465，vehicleId=VG6480，原始观测继续保存
2026-08-31 00:16:28.343 [mytransitgps-continuous-collector] WARN  c.m.persistence.service.JohorRealtimeQcAnnotator - 检测到Static Trip未匹配，feedId=rapid-bus-mrtfeeder，snapshotUid=bc42efbd-42e7-4e77-9413-2ea5b069e465，vehicleId=VG6480，原始观测继续保存
2026-08-31 00:16:28.343 [mytransitgps-continuous-collector] WARN  c.m.persistence.service.JohorRealtimeQcAnnotator - 检测到Static Route未匹配，feedId=rapid-bus-mrtfeeder，snapshotUid=bc42efbd-42e7-4e77-9413-2ea5b069e465，vehicleId=VG6491，原始观测继续保存
2026-08-31 00:16:28.343 [mytransitgps-continuous-collector] WARN  c.m.persistence.service.JohorRealtimeQcAnnotator - 检测到Static Trip未匹配，feedId=rapid-bus-mrtfeeder，snapshotUid=bc42efbd-42e7-4e77-9413-2ea5b069e465，vehicleId=VG6491，原始观测继续保存
2026-08-31 00:16:28.343 [mytransitgps-continuous-collector] WARN  c.m.persistence.service.JohorRealtimeQcAnnotator - 检测到Static Route未匹配，feedId=rapid-bus-mrtfeeder，snapshotUid=bc42efbd-42e7-4e77-9413-2ea5b069e465，vehicleId=VG6493，原始观测继续保存
2026-08-31 00:16:28.343 [mytransitgps-continuous-collector] WARN  c.m.persistence.service.JohorRealtimeQcAnnotator - 检测到Static Trip未匹配，feedId=rapid-bus-mrtfeeder，snapshotUid=bc42efbd-42e7-4e77-9413-2ea5b069e465，vehicleId=VG6493，原始观测继续保存
2026-08-31 00:16:28.343 [mytransitgps-continuous-collector] WARN  c.m.persistence.service.JohorRealtimeQcAnnotator - 检测到Static Route未匹配，feedId=rapid-bus-mrtfeeder，snapshotUid=bc42efbd-42e7-4e77-9413-2ea5b069e465，vehicleId=VG6514，原始观测继续保存
2026-08-31 00:16:28.343 [mytransitgps-continuous-collector] WARN  c.m.persistence.service.JohorRealtimeQcAnnotator - 检测到Static Trip未匹配，feedId=rapid-bus-mrtfeeder，snapshotUid=bc42efbd-42e7-4e77-9413-2ea5b069e465，vehicleId=VG6514，原始观测继续保存
2026-08-31 00:16:28.343 [mytransitgps-continuous-collector] WARN  c.m.persistence.service.JohorRealtimeQcAnnotator - 检测到Static Route未匹配，feedId=rapid-bus-mrtfeeder，snapshotUid=bc42efbd-42e7-4e77-9413-2ea5b069e465，vehicleId=VG8673，原始观测继续保存
2026-08-31 00:16:28.343 [mytransitgps-continuous-collector] WARN  c.m.persistence.service.JohorRealtimeQcAnnotator - 检测到Static Trip未匹配，feedId=rapid-bus-mrtfeeder，snapshotUid=bc42efbd-42e7-4e77-9413-2ea5b069e465，vehicleId=VG8673，原始观测继续保存
2026-08-31 00:16:28.343 [mytransitgps-continuous-collector] WARN  c.m.persistence.service.JohorRealtimeQcAnnotator - 检测到Static Route未匹配，feedId=rapid-bus-mrtfeeder，snapshotUid=bc42efbd-42e7-4e77-9413-2ea5b069e465，vehicleId=VG8703，原始观测继续保存
2026-08-31 00:16:28.343 [mytransitgps-continuous-collector] WARN  c.m.persistence.service.JohorRealtimeQcAnnotator - 检测到Static Trip未匹配，feedId=rapid-bus-mrtfeeder，snapshotUid=bc42efbd-42e7-4e77-9413-2ea5b069e465，vehicleId=VG8703，原始观测继续保存
2026-08-31 00:16:28.343 [mytransitgps-continuous-collector] WARN  c.m.persistence.service.JohorRealtimeQcAnnotator - 检测到Static Route未匹配，feedId=rapid-bus-mrtfeeder，snapshotUid=bc42efbd-42e7-4e77-9413-2ea5b069e465，vehicleId=VG8769，原始观测继续保存
2026-08-31 00:16:28.343 [mytransitgps-continuous-collector] WARN  c.m.persistence.service.JohorRealtimeQcAnnotator - 检测到Static Trip未匹配，feedId=rapid-bus-mrtfeeder，snapshotUid=bc42efbd-42e7-4e77-9413-2ea5b069e465，vehicleId=VG8769，原始观测继续保存
2026-08-31 00:16:28.343 [mytransitgps-continuous-collector] WARN  c.m.persistence.service.JohorRealtimeQcAnnotator - 检测到Static Route未匹配，feedId=rapid-bus-mrtfeeder，snapshotUid=bc42efbd-42e7-4e77-9413-2ea5b069e465，vehicleId=VH1568，原始观测继续保存
2026-08-31 00:16:28.343 [mytransitgps-continuous-collector] WARN  c.m.persistence.service.JohorRealtimeQcAnnotator - 检测到Static Trip未匹配，feedId=rapid-bus-mrtfeeder，snapshotUid=bc42efbd-42e7-4e77-9413-2ea5b069e465，vehicleId=VH1568，原始观测继续保存
2026-08-31 00:16:28.343 [mytransitgps-continuous-collector] WARN  c.m.persistence.service.JohorRealtimeQcAnnotator - 检测到Static Route未匹配，feedId=rapid-bus-mrtfeeder，snapshotUid=bc42efbd-42e7-4e77-9413-2ea5b069e465，vehicleId=VH2057，原始观测继续保存
2026-08-31 00:16:28.343 [mytransitgps-continuous-collector] WARN  c.m.persistence.service.JohorRealtimeQcAnnotator - 检测到Static Trip未匹配，feedId=rapid-bus-mrtfeeder，snapshotUid=bc42efbd-42e7-4e77-9413-2ea5b069e465，vehicleId=VH2057，原始观测继续保存
2026-08-31 00:16:28.343 [mytransitgps-continuous-collector] WARN  c.m.persistence.service.JohorRealtimeQcAnnotator - 检测到Static Route未匹配，feedId=rapid-bus-mrtfeeder，snapshotUid=bc42efbd-42e7-4e77-9413-2ea5b069e465，vehicleId=VH2059，原始观测继续保存
2026-08-31 00:16:28.343 [mytransitgps-continuous-collector] WARN  c.m.persistence.service.JohorRealtimeQcAnnotator - 检测到Static Trip未匹配，feedId=rapid-bus-mrtfeeder，snapshotUid=bc42efbd-42e7-4e77-9413-2ea5b069e465，vehicleId=VH2059，原始观测继续保存
2026-08-31 00:16:28.343 [mytransitgps-continuous-collector] WARN  c.m.persistence.service.JohorRealtimeQcAnnotator - 检测到Static Route未匹配，feedId=rapid-bus-mrtfeeder，snapshotUid=bc42efbd-42e7-4e77-9413-2ea5b069e465，vehicleId=VH2490，原始观测继续保存
2026-08-31 00:16:28.343 [mytransitgps-continuous-collector] WARN  c.m.persistence.service.JohorRealtimeQcAnnotator - 检测到Static Trip未匹配，feedId=rapid-bus-mrtfeeder，snapshotUid=bc42efbd-42e7-4e77-9413-2ea5b069e465，vehicleId=VH2490，原始观测继续保存
2026-08-31 00:16:28.343 [mytransitgps-continuous-collector] WARN  c.m.persistence.service.JohorRealtimeQcAnnotator - 检测到Static Route未匹配，feedId=rapid-bus-mrtfeeder，snapshotUid=bc42efbd-42e7-4e77-9413-2ea5b069e465，vehicleId=VH2491，原始观测继续保存
2026-08-31 00:16:28.343 [mytransitgps-continuous-collector] WARN  c.m.persistence.service.JohorRealtimeQcAnnotator - 检测到Static Trip未匹配，feedId=rapid-bus-mrtfeeder，snapshotUid=bc42efbd-42e7-4e77-9413-2ea5b069e465，vehicleId=VH2491，原始观测继续保存
2026-08-31 00:16:28.343 [mytransitgps-continuous-collector] WARN  c.m.persistence.service.JohorRealtimeQcAnnotator - 检测到Static Route未匹配，feedId=rapid-bus-mrtfeeder，snapshotUid=bc42efbd-42e7-4e77-9413-2ea5b069e465，vehicleId=VH2549，原始观测继续保存
2026-08-31 00:16:28.343 [mytransitgps-continuous-collector] WARN  c.m.persistence.service.JohorRealtimeQcAnnotator - 检测到Static Trip未匹配，feedId=rapid-bus-mrtfeeder，snapshotUid=bc42efbd-42e7-4e77-9413-2ea5b069e465，vehicleId=VH2549，原始观测继续保存
2026-08-31 00:16:28.343 [mytransitgps-continuous-collector] WARN  c.m.persistence.service.JohorRealtimeQcAnnotator - 检测到Static Route未匹配，feedId=rapid-bus-mrtfeeder，snapshotUid=bc42efbd-42e7-4e77-9413-2ea5b069e465，vehicleId=VH3593，原始观测继续保存
2026-08-31 00:16:28.343 [mytransitgps-continuous-collector] WARN  c.m.persistence.service.JohorRealtimeQcAnnotator - 检测到Static Trip未匹配，feedId=rapid-bus-mrtfeeder，snapshotUid=bc42efbd-42e7-4e77-9413-2ea5b069e465，vehicleId=VH3593，原始观测继续保存
2026-08-31 00:16:28.343 [mytransitgps-continuous-collector] WARN  c.m.persistence.service.JohorRealtimeQcAnnotator - 检测到Static Route未匹配，feedId=rapid-bus-mrtfeeder，snapshotUid=bc42efbd-42e7-4e77-9413-2ea5b069e465，vehicleId=VH4037，原始观测继续保存
2026-08-31 00:16:28.343 [mytransitgps-continuous-collector] WARN  c.m.persistence.service.JohorRealtimeQcAnnotator - 检测到Static Trip未匹配，feedId=rapid-bus-mrtfeeder，snapshotUid=bc42efbd-42e7-4e77-9413-2ea5b069e465，vehicleId=VH4037，原始观测继续保存
2026-08-31 00:16:28.343 [mytransitgps-continuous-collector] WARN  c.m.persistence.service.JohorRealtimeQcAnnotator - 检测到Static Route未匹配，feedId=rapid-bus-mrtfeeder，snapshotUid=bc42efbd-42e7-4e77-9413-2ea5b069e465，vehicleId=VH4053，原始观测继续保存
2026-08-31 00:16:28.343 [mytransitgps-continuous-collector] WARN  c.m.persistence.service.JohorRealtimeQcAnnotator - 检测到Static Trip未匹配，feedId=rapid-bus-mrtfeeder，snapshotUid=bc42efbd-42e7-4e77-9413-2ea5b069e465，vehicleId=VH4053，原始观测继续保存
2026-08-31 00:16:28.343 [mytransitgps-continuous-collector] WARN  c.m.persistence.service.JohorRealtimeQcAnnotator - 检测到Static Route未匹配，feedId=rapid-bus-mrtfeeder，snapshotUid=bc42efbd-42e7-4e77-9413-2ea5b069e465，vehicleId=VH4268，原始观测继续保存
2026-08-31 00:16:28.343 [mytransitgps-continuous-collector] WARN  c.m.persistence.service.JohorRealtimeQcAnnotator - 检测到Static Trip未匹配，feedId=rapid-bus-mrtfeeder，snapshotUid=bc42efbd-42e7-4e77-9413-2ea5b069e465，vehicleId=VH4268，原始观测继续保存
2026-08-31 00:16:28.343 [mytransitgps-continuous-collector] WARN  c.m.persistence.service.JohorRealtimeQcAnnotator - 检测到Static Route未匹配，feedId=rapid-bus-mrtfeeder，snapshotUid=bc42efbd-42e7-4e77-9413-2ea5b069e465，vehicleId=VH4604，原始观测继续保存
2026-08-31 00:16:28.344 [mytransitgps-continuous-collector] WARN  c.m.persistence.service.JohorRealtimeQcAnnotator - 检测到Static Trip未匹配，feedId=rapid-bus-mrtfeeder，snapshotUid=bc42efbd-42e7-4e77-9413-2ea5b069e465，vehicleId=VH4604，原始观测继续保存
2026-08-31 00:16:28.344 [mytransitgps-continuous-collector] WARN  c.m.persistence.service.JohorRealtimeQcAnnotator - 检测到Static Route未匹配，feedId=rapid-bus-mrtfeeder，snapshotUid=bc42efbd-42e7-4e77-9413-2ea5b069e465，vehicleId=VH4924，原始观测继续保存
2026-08-31 00:16:28.344 [mytransitgps-continuous-collector] WARN  c.m.persistence.service.JohorRealtimeQcAnnotator - 检测到Static Trip未匹配，feedId=rapid-bus-mrtfeeder，snapshotUid=bc42efbd-42e7-4e77-9413-2ea5b069e465，vehicleId=VH4924，原始观测继续保存
2026-08-31 00:16:28.344 [mytransitgps-continuous-collector] WARN  c.m.persistence.service.JohorRealtimeQcAnnotator - 检测到Static Route未匹配，feedId=rapid-bus-mrtfeeder，snapshotUid=bc42efbd-42e7-4e77-9413-2ea5b069e465，vehicleId=VH4985，原始观测继续保存
2026-08-31 00:16:28.344 [mytransitgps-continuous-collector] WARN  c.m.persistence.service.JohorRealtimeQcAnnotator - 检测到Static Trip未匹配，feedId=rapid-bus-mrtfeeder，snapshotUid=bc42efbd-42e7-4e77-9413-2ea5b069e465，vehicleId=VH4985，原始观测继续保存
2026-08-31 00:16:28.344 [mytransitgps-continuous-collector] WARN  c.m.persistence.service.JohorRealtimeQcAnnotator - 检测到Static Route未匹配，feedId=rapid-bus-mrtfeeder，snapshotUid=bc42efbd-42e7-4e77-9413-2ea5b069e465，vehicleId=VK2913，原始观测继续保存
2026-08-31 00:16:28.344 [mytransitgps-continuous-collector] WARN  c.m.persistence.service.JohorRealtimeQcAnnotator - 检测到Static Trip未匹配，feedId=rapid-bus-mrtfeeder，snapshotUid=bc42efbd-42e7-4e77-9413-2ea5b069e465，vehicleId=VK2913，原始观测继续保存
2026-08-31 00:16:28.344 [mytransitgps-continuous-collector] WARN  c.m.persistence.service.JohorRealtimeQcAnnotator - 检测到Static Route未匹配，feedId=rapid-bus-mrtfeeder，snapshotUid=bc42efbd-42e7-4e77-9413-2ea5b069e465，vehicleId=VK6475，原始观测继续保存
2026-08-31 00:16:28.344 [mytransitgps-continuous-collector] WARN  c.m.persistence.service.JohorRealtimeQcAnnotator - 检测到Static Trip未匹配，feedId=rapid-bus-mrtfeeder，snapshotUid=bc42efbd-42e7-4e77-9413-2ea5b069e465，vehicleId=VK6475，原始观测继续保存
2026-08-31 00:16:28.344 [mytransitgps-continuous-collector] WARN  c.m.persistence.service.JohorRealtimeQcAnnotator - 检测到Static Route未匹配，feedId=rapid-bus-mrtfeeder，snapshotUid=bc42efbd-42e7-4e77-9413-2ea5b069e465，vehicleId=VM1879，原始观测继续保存
2026-08-31 00:16:28.344 [mytransitgps-continuous-collector] WARN  c.m.persistence.service.JohorRealtimeQcAnnotator - 检测到Static Trip未匹配，feedId=rapid-bus-mrtfeeder，snapshotUid=bc42efbd-42e7-4e77-9413-2ea5b069e465，vehicleId=VM1879，原始观测继续保存
2026-08-31 00:16:28.344 [mytransitgps-continuous-collector] WARN  c.m.persistence.service.JohorRealtimeQcAnnotator - 检测到Static Route未匹配，feedId=rapid-bus-mrtfeeder，snapshotUid=bc42efbd-42e7-4e77-9413-2ea5b069e465，vehicleId=VX2856，原始观测继续保存
2026-08-31 00:16:28.344 [mytransitgps-continuous-collector] WARN  c.m.persistence.service.JohorRealtimeQcAnnotator - 检测到Static Trip未匹配，feedId=rapid-bus-mrtfeeder，snapshotUid=bc42efbd-42e7-4e77-9413-2ea5b069e465，vehicleId=VX2856，原始观测继续保存
2026-08-31 00:16:28.344 [mytransitgps-continuous-collector] WARN  c.m.persistence.service.JohorRealtimeQcAnnotator - 检测到Static Route未匹配，feedId=rapid-bus-mrtfeeder，snapshotUid=bc42efbd-42e7-4e77-9413-2ea5b069e465，vehicleId=VX2890，原始观测继续保存
2026-08-31 00:16:28.344 [mytransitgps-continuous-collector] WARN  c.m.persistence.service.JohorRealtimeQcAnnotator - 检测到Static Trip未匹配，feedId=rapid-bus-mrtfeeder，snapshotUid=bc42efbd-42e7-4e77-9413-2ea5b069e465，vehicleId=VX2890，原始观测继续保存
2026-08-31 00:17:40.315 [mytransitgps-continuous-collector] WARN  c.m.gtfs.service.RealtimeStaticEnrichmentService - Realtime Static补全存在未匹配项，城市=Kuching，feedId=mybas-kuching，routeUnresolved=1，tripUnmatched=1，原始Realtime实体继续保留
2026-08-31 00:17:40.315 [mytransitgps-continuous-collector] WARN  c.m.persistence.service.JohorRealtimeQcAnnotator - 检测到Static Route未匹配，feedId=mybas-kuching，snapshotUid=1ee23c2e-c6a4-491b-82bf-cd463e751219，vehicleId=MADANI2160，原始观测继续保存
2026-08-31 00:17:40.316 [mytransitgps-continuous-collector] WARN  c.m.persistence.service.JohorRealtimeQcAnnotator - 检测到Static Trip未匹配，feedId=mybas-kuching，snapshotUid=1ee23c2e-c6a4-491b-82bf-cd463e751219，vehicleId=MADANI2160，原始观测继续保存
2026-08-31 00:18:28.336 [mytransitgps-continuous-collector] WARN  c.m.gtfs.service.RealtimeStaticEnrichmentService - Realtime Static补全存在未匹配项，城市=Kuala Lumpur，feedId=rapid-bus-mrtfeeder，routeUnresolved=42，tripUnmatched=42，原始Realtime实体继续保留
2026-08-31 00:18:28.336 [mytransitgps-continuous-collector] WARN  c.m.persistence.service.JohorRealtimeQcAnnotator - 检测到Static Route未匹配，feedId=rapid-bus-mrtfeeder，snapshotUid=7073122e-a238-4bf3-be54-b622ef88c1d1，vehicleId=VAC5746，原始观测继续保存
2026-08-31 00:18:28.336 [mytransitgps-continuous-collector] WARN  c.m.persistence.service.JohorRealtimeQcAnnotator - 检测到Static Trip未匹配，feedId=rapid-bus-mrtfeeder，snapshotUid=7073122e-a238-4bf3-be54-b622ef88c1d1，vehicleId=VAC5746，原始观测继续保存
2026-08-31 00:18:28.336 [mytransitgps-continuous-collector] WARN  c.m.persistence.service.JohorRealtimeQcAnnotator - 检测到Static Route未匹配，feedId=rapid-bus-mrtfeeder，snapshotUid=7073122e-a238-4bf3-be54-b622ef88c1d1，vehicleId=VAC5764，原始观测继续保存
2026-08-31 00:18:28.336 [mytransitgps-continuous-collector] WARN  c.m.persistence.service.JohorRealtimeQcAnnotator - 检测到Static Trip未匹配，feedId=rapid-bus-mrtfeeder，snapshotUid=7073122e-a238-4bf3-be54-b622ef88c1d1，vehicleId=VAC5764，原始观测继续保存
2026-08-31 00:18:28.336 [mytransitgps-continuous-collector] WARN  c.m.persistence.service.JohorRealtimeQcAnnotator - 检测到Static Route未匹配，feedId=rapid-bus-mrtfeeder，snapshotUid=7073122e-a238-4bf3-be54-b622ef88c1d1，vehicleId=VAC9627，原始观测继续保存
2026-08-31 00:18:28.336 [mytransitgps-continuous-collector] WARN  c.m.persistence.service.JohorRealtimeQcAnnotator - 检测到Static Trip未匹配，feedId=rapid-bus-mrtfeeder，snapshotUid=7073122e-a238-4bf3-be54-b622ef88c1d1，vehicleId=VAC9627，原始观测继续保存
2026-08-31 00:18:28.336 [mytransitgps-continuous-collector] WARN  c.m.persistence.service.JohorRealtimeQcAnnotator - 检测到Static Route未匹配，feedId=rapid-bus-mrtfeeder，snapshotUid=7073122e-a238-4bf3-be54-b622ef88c1d1，vehicleId=VAE7196，原始观测继续保存
2026-08-31 00:18:28.336 [mytransitgps-continuous-collector] WARN  c.m.persistence.service.JohorRealtimeQcAnnotator - 检测到Static Trip未匹配，feedId=rapid-bus-mrtfeeder，snapshotUid=7073122e-a238-4bf3-be54-b622ef88c1d1，vehicleId=VAE7196，原始观测继续保存
2026-08-31 00:18:28.336 [mytransitgps-continuous-collector] WARN  c.m.persistence.service.JohorRealtimeQcAnnotator - 检测到Static Route未匹配，feedId=rapid-bus-mrtfeeder，snapshotUid=7073122e-a238-4bf3-be54-b622ef88c1d1，vehicleId=VAF5480，原始观测继续保存
2026-08-31 00:18:28.337 [mytransitgps-continuous-collector] WARN  c.m.persistence.service.JohorRealtimeQcAnnotator - 检测到Static Trip未匹配，feedId=rapid-bus-mrtfeeder，snapshotUid=7073122e-a238-4bf3-be54-b622ef88c1d1，vehicleId=VAF5480，原始观测继续保存
2026-08-31 00:18:28.337 [mytransitgps-continuous-collector] WARN  c.m.persistence.service.JohorRealtimeQcAnnotator - 检测到Static Route未匹配，feedId=rapid-bus-mrtfeeder，snapshotUid=7073122e-a238-4bf3-be54-b622ef88c1d1，vehicleId=VAF5766，原始观测继续保存
2026-08-31 00:18:28.337 [mytransitgps-continuous-collector] WARN  c.m.persistence.service.JohorRealtimeQcAnnotator - 检测到Static Trip未匹配，feedId=rapid-bus-mrtfeeder，snapshotUid=7073122e-a238-4bf3-be54-b622ef88c1d1，vehicleId=VAF5766，原始观测继续保存
2026-08-31 00:18:28.337 [mytransitgps-continuous-collector] WARN  c.m.persistence.service.JohorRealtimeQcAnnotator - 检测到Static Route未匹配，feedId=rapid-bus-mrtfeeder，snapshotUid=7073122e-a238-4bf3-be54-b622ef88c1d1，vehicleId=VAF5780，原始观测继续保存
2026-08-31 00:18:28.337 [mytransitgps-continuous-collector] WARN  c.m.persistence.service.JohorRealtimeQcAnnotator - 检测到Static Trip未匹配，feedId=rapid-bus-mrtfeeder，snapshotUid=7073122e-a238-4bf3-be54-b622ef88c1d1，vehicleId=VAF5780，原始观测继续保存
2026-08-31 00:18:28.337 [mytransitgps-continuous-collector] WARN  c.m.persistence.service.JohorRealtimeQcAnnotator - 检测到Static Route未匹配，feedId=rapid-bus-mrtfeeder，snapshotUid=7073122e-a238-4bf3-be54-b622ef88c1d1，vehicleId=VAF6417，原始观测继续保存
2026-08-31 00:18:28.337 [mytransitgps-continuous-collector] WARN  c.m.persistence.service.JohorRealtimeQcAnnotator - 检测到Static Trip未匹配，feedId=rapid-bus-mrtfeeder，snapshotUid=7073122e-a238-4bf3-be54-b622ef88c1d1，vehicleId=VAF6417，原始观测继续保存
2026-08-31 00:18:28.337 [mytransitgps-continuous-collector] WARN  c.m.persistence.service.JohorRealtimeQcAnnotator - 检测到Static Route未匹配，feedId=rapid-bus-mrtfeeder，snapshotUid=7073122e-a238-4bf3-be54-b622ef88c1d1，vehicleId=VAF7159，原始观测继续保存
2026-08-31 00:18:28.337 [mytransitgps-continuous-collector] WARN  c.m.persistence.service.JohorRealtimeQcAnnotator - 检测到Static Trip未匹配，feedId=rapid-bus-mrtfeeder，snapshotUid=7073122e-a238-4bf3-be54-b622ef88c1d1，vehicleId=VAF7159，原始观测继续保存
2026-08-31 00:18:28.337 [mytransitgps-continuous-collector] WARN  c.m.persistence.service.JohorRealtimeQcAnnotator - 检测到Static Route未匹配，feedId=rapid-bus-mrtfeeder，snapshotUid=7073122e-a238-4bf3-be54-b622ef88c1d1，vehicleId=VAG4711，原始观测继续保存
2026-08-31 00:18:28.337 [mytransitgps-continuous-collector] WARN  c.m.persistence.service.JohorRealtimeQcAnnotator - 检测到Static Trip未匹配，feedId=rapid-bus-mrtfeeder，snapshotUid=7073122e-a238-4bf3-be54-b622ef88c1d1，vehicleId=VAG4711，原始观测继续保存
2026-08-31 00:18:28.337 [mytransitgps-continuous-collector] WARN  c.m.persistence.service.JohorRealtimeQcAnnotator - 检测到Static Route未匹配，feedId=rapid-bus-mrtfeeder，snapshotUid=7073122e-a238-4bf3-be54-b622ef88c1d1，vehicleId=VAG4880，原始观测继续保存
2026-08-31 00:18:28.337 [mytransitgps-continuous-collector] WARN  c.m.persistence.service.JohorRealtimeQcAnnotator - 检测到Static Trip未匹配，feedId=rapid-bus-mrtfeeder，snapshotUid=7073122e-a238-4bf3-be54-b622ef88c1d1，vehicleId=VAG4880，原始观测继续保存
2026-08-31 00:18:28.337 [mytransitgps-continuous-collector] WARN  c.m.persistence.service.JohorRealtimeQcAnnotator - 检测到Static Route未匹配，feedId=rapid-bus-mrtfeeder，snapshotUid=7073122e-a238-4bf3-be54-b622ef88c1d1，vehicleId=VAG6349，原始观测继续保存
2026-08-31 00:18:28.337 [mytransitgps-continuous-collector] WARN  c.m.persistence.service.JohorRealtimeQcAnnotator - 检测到Static Trip未匹配，feedId=rapid-bus-mrtfeeder，snapshotUid=7073122e-a238-4bf3-be54-b622ef88c1d1，vehicleId=VAG6349，原始观测继续保存
2026-08-31 00:18:28.337 [mytransitgps-continuous-collector] WARN  c.m.persistence.service.JohorRealtimeQcAnnotator - 检测到Static Route未匹配，feedId=rapid-bus-mrtfeeder，snapshotUid=7073122e-a238-4bf3-be54-b622ef88c1d1，vehicleId=VAG8054，原始观测继续保存
2026-08-31 00:18:28.337 [mytransitgps-continuous-collector] WARN  c.m.persistence.service.JohorRealtimeQcAnnotator - 检测到Static Trip未匹配，feedId=rapid-bus-mrtfeeder，snapshotUid=7073122e-a238-4bf3-be54-b622ef88c1d1，vehicleId=VAG8054，原始观测继续保存
2026-08-31 00:18:28.337 [mytransitgps-continuous-collector] WARN  c.m.persistence.service.JohorRealtimeQcAnnotator - 检测到Static Route未匹配，feedId=rapid-bus-mrtfeeder，snapshotUid=7073122e-a238-4bf3-be54-b622ef88c1d1，vehicleId=VAH9043，原始观测继续保存
2026-08-31 00:18:28.337 [mytransitgps-continuous-collector] WARN  c.m.persistence.service.JohorRealtimeQcAnnotator - 检测到Static Trip未匹配，feedId=rapid-bus-mrtfeeder，snapshotUid=7073122e-a238-4bf3-be54-b622ef88c1d1，vehicleId=VAH9043，原始观测继续保存
2026-08-31 00:18:28.337 [mytransitgps-continuous-collector] WARN  c.m.persistence.service.JohorRealtimeQcAnnotator - 检测到Static Route未匹配，feedId=rapid-bus-mrtfeeder，snapshotUid=7073122e-a238-4bf3-be54-b622ef88c1d1，vehicleId=VAH9045，原始观测继续保存
2026-08-31 00:18:28.337 [mytransitgps-continuous-collector] WARN  c.m.persistence.service.JohorRealtimeQcAnnotator - 检测到Static Trip未匹配，feedId=rapid-bus-mrtfeeder，snapshotUid=7073122e-a238-4bf3-be54-b622ef88c1d1，vehicleId=VAH9045，原始观测继续保存
2026-08-31 00:18:28.337 [mytransitgps-continuous-collector] WARN  c.m.persistence.service.JohorRealtimeQcAnnotator - 检测到Static Route未匹配，feedId=rapid-bus-mrtfeeder，snapshotUid=7073122e-a238-4bf3-be54-b622ef88c1d1，vehicleId=VAJ1481，原始观测继续保存
2026-08-31 00:18:28.337 [mytransitgps-continuous-collector] WARN  c.m.persistence.service.JohorRealtimeQcAnnotator - 检测到Static Trip未匹配，feedId=rapid-bus-mrtfeeder，snapshotUid=7073122e-a238-4bf3-be54-b622ef88c1d1，vehicleId=VAJ1481，原始观测继续保存
2026-08-31 00:18:28.337 [mytransitgps-continuous-collector] WARN  c.m.persistence.service.JohorRealtimeQcAnnotator - 检测到Static Route未匹配，feedId=rapid-bus-mrtfeeder，snapshotUid=7073122e-a238-4bf3-be54-b622ef88c1d1，vehicleId=VAJ2895，原始观测继续保存
2026-08-31 00:18:28.337 [mytransitgps-continuous-collector] WARN  c.m.persistence.service.JohorRealtimeQcAnnotator - 检测到Static Trip未匹配，feedId=rapid-bus-mrtfeeder，snapshotUid=7073122e-a238-4bf3-be54-b622ef88c1d1，vehicleId=VAJ2895，原始观测继续保存
2026-08-31 00:18:28.337 [mytransitgps-continuous-collector] WARN  c.m.persistence.service.JohorRealtimeQcAnnotator - 检测到Static Route未匹配，feedId=rapid-bus-mrtfeeder，snapshotUid=7073122e-a238-4bf3-be54-b622ef88c1d1，vehicleId=VAK1014，原始观测继续保存
2026-08-31 00:18:28.337 [mytransitgps-continuous-collector] WARN  c.m.persistence.service.JohorRealtimeQcAnnotator - 检测到Static Trip未匹配，feedId=rapid-bus-mrtfeeder，snapshotUid=7073122e-a238-4bf3-be54-b622ef88c1d1，vehicleId=VAK1014，原始观测继续保存
2026-08-31 00:18:28.337 [mytransitgps-continuous-collector] WARN  c.m.persistence.service.JohorRealtimeQcAnnotator - 检测到Static Route未匹配，feedId=rapid-bus-mrtfeeder，snapshotUid=7073122e-a238-4bf3-be54-b622ef88c1d1，vehicleId=VAL4552，原始观测继续保存
2026-08-31 00:18:28.337 [mytransitgps-continuous-collector] WARN  c.m.persistence.service.JohorRealtimeQcAnnotator - 检测到Static Trip未匹配，feedId=rapid-bus-mrtfeeder，snapshotUid=7073122e-a238-4bf3-be54-b622ef88c1d1，vehicleId=VAL4552，原始观测继续保存
2026-08-31 00:18:28.338 [mytransitgps-continuous-collector] WARN  c.m.persistence.service.JohorRealtimeQcAnnotator - 检测到Future Timestamp，feedId=rapid-bus-mrtfeeder，snapshotUid=7073122e-a238-4bf3-be54-b622ef88c1d1，vehicleId=VAL4552，vehicleTime=1886017556，原始时间戳继续保存
2026-08-31 00:18:28.338 [mytransitgps-continuous-collector] WARN  c.m.persistence.service.JohorRealtimeQcAnnotator - 检测到Static Route未匹配，feedId=rapid-bus-mrtfeeder，snapshotUid=7073122e-a238-4bf3-be54-b622ef88c1d1，vehicleId=VG6480，原始观测继续保存
2026-08-31 00:18:28.338 [mytransitgps-continuous-collector] WARN  c.m.persistence.service.JohorRealtimeQcAnnotator - 检测到Static Trip未匹配，feedId=rapid-bus-mrtfeeder，snapshotUid=7073122e-a238-4bf3-be54-b622ef88c1d1，vehicleId=VG6480，原始观测继续保存
2026-08-31 00:18:28.338 [mytransitgps-continuous-collector] WARN  c.m.persistence.service.JohorRealtimeQcAnnotator - 检测到Static Route未匹配，feedId=rapid-bus-mrtfeeder，snapshotUid=7073122e-a238-4bf3-be54-b622ef88c1d1，vehicleId=VG6491，原始观测继续保存
2026-08-31 00:18:28.338 [mytransitgps-continuous-collector] WARN  c.m.persistence.service.JohorRealtimeQcAnnotator - 检测到Static Trip未匹配，feedId=rapid-bus-mrtfeeder，snapshotUid=7073122e-a238-4bf3-be54-b622ef88c1d1，vehicleId=VG6491，原始观测继续保存
2026-08-31 00:18:28.338 [mytransitgps-continuous-collector] WARN  c.m.persistence.service.JohorRealtimeQcAnnotator - 检测到Static Route未匹配，feedId=rapid-bus-mrtfeeder，snapshotUid=7073122e-a238-4bf3-be54-b622ef88c1d1，vehicleId=VG6493，原始观测继续保存
2026-08-31 00:18:28.338 [mytransitgps-continuous-collector] WARN  c.m.persistence.service.JohorRealtimeQcAnnotator - 检测到Static Trip未匹配，feedId=rapid-bus-mrtfeeder，snapshotUid=7073122e-a238-4bf3-be54-b622ef88c1d1，vehicleId=VG6493，原始观测继续保存
2026-08-31 00:18:28.338 [mytransitgps-continuous-collector] WARN  c.m.persistence.service.JohorRealtimeQcAnnotator - 检测到Static Route未匹配，feedId=rapid-bus-mrtfeeder，snapshotUid=7073122e-a238-4bf3-be54-b622ef88c1d1，vehicleId=VG6514，原始观测继续保存
2026-08-31 00:18:28.338 [mytransitgps-continuous-collector] WARN  c.m.persistence.service.JohorRealtimeQcAnnotator - 检测到Static Trip未匹配，feedId=rapid-bus-mrtfeeder，snapshotUid=7073122e-a238-4bf3-be54-b622ef88c1d1，vehicleId=VG6514，原始观测继续保存
2026-08-31 00:18:28.338 [mytransitgps-continuous-collector] WARN  c.m.persistence.service.JohorRealtimeQcAnnotator - 检测到Static Route未匹配，feedId=rapid-bus-mrtfeeder，snapshotUid=7073122e-a238-4bf3-be54-b622ef88c1d1，vehicleId=VG8673，原始观测继续保存
2026-08-31 00:18:28.338 [mytransitgps-continuous-collector] WARN  c.m.persistence.service.JohorRealtimeQcAnnotator - 检测到Static Trip未匹配，feedId=rapid-bus-mrtfeeder，snapshotUid=7073122e-a238-4bf3-be54-b622ef88c1d1，vehicleId=VG8673，原始观测继续保存
2026-08-31 00:18:28.338 [mytransitgps-continuous-collector] WARN  c.m.persistence.service.JohorRealtimeQcAnnotator - 检测到Static Route未匹配，feedId=rapid-bus-mrtfeeder，snapshotUid=7073122e-a238-4bf3-be54-b622ef88c1d1，vehicleId=VG8703，原始观测继续保存
2026-08-31 00:18:28.338 [mytransitgps-continuous-collector] WARN  c.m.persistence.service.JohorRealtimeQcAnnotator - 检测到Static Trip未匹配，feedId=rapid-bus-mrtfeeder，snapshotUid=7073122e-a238-4bf3-be54-b622ef88c1d1，vehicleId=VG8703，原始观测继续保存
2026-08-31 00:18:28.338 [mytransitgps-continuous-collector] WARN  c.m.persistence.service.JohorRealtimeQcAnnotator - 检测到Static Route未匹配，feedId=rapid-bus-mrtfeeder，snapshotUid=7073122e-a238-4bf3-be54-b622ef88c1d1，vehicleId=VG8769，原始观测继续保存
2026-08-31 00:18:28.338 [mytransitgps-continuous-collector] WARN  c.m.persistence.service.JohorRealtimeQcAnnotator - 检测到Static Trip未匹配，feedId=rapid-bus-mrtfeeder，snapshotUid=7073122e-a238-4bf3-be54-b622ef88c1d1，vehicleId=VG8769，原始观测继续保存
2026-08-31 00:18:28.338 [mytransitgps-continuous-collector] WARN  c.m.persistence.service.JohorRealtimeQcAnnotator - 检测到Static Route未匹配，feedId=rapid-bus-mrtfeeder，snapshotUid=7073122e-a238-4bf3-be54-b622ef88c1d1，vehicleId=VH1568，原始观测继续保存
2026-08-31 00:18:28.338 [mytransitgps-continuous-collector] WARN  c.m.persistence.service.JohorRealtimeQcAnnotator - 检测到Static Trip未匹配，feedId=rapid-bus-mrtfeeder，snapshotUid=7073122e-a238-4bf3-be54-b622ef88c1d1，vehicleId=VH1568，原始观测继续保存
2026-08-31 00:18:28.338 [mytransitgps-continuous-collector] WARN  c.m.persistence.service.JohorRealtimeQcAnnotator - 检测到Static Route未匹配，feedId=rapid-bus-mrtfeeder，snapshotUid=7073122e-a238-4bf3-be54-b622ef88c1d1，vehicleId=VH2059，原始观测继续保存
2026-08-31 00:18:28.338 [mytransitgps-continuous-collector] WARN  c.m.persistence.service.JohorRealtimeQcAnnotator - 检测到Static Trip未匹配，feedId=rapid-bus-mrtfeeder，snapshotUid=7073122e-a238-4bf3-be54-b622ef88c1d1，vehicleId=VH2059，原始观测继续保存
2026-08-31 00:18:28.338 [mytransitgps-continuous-collector] WARN  c.m.persistence.service.JohorRealtimeQcAnnotator - 检测到Static Route未匹配，feedId=rapid-bus-mrtfeeder，snapshotUid=7073122e-a238-4bf3-be54-b622ef88c1d1，vehicleId=VH2490，原始观测继续保存
2026-08-31 00:18:28.338 [mytransitgps-continuous-collector] WARN  c.m.persistence.service.JohorRealtimeQcAnnotator - 检测到Static Trip未匹配，feedId=rapid-bus-mrtfeeder，snapshotUid=7073122e-a238-4bf3-be54-b622ef88c1d1，vehicleId=VH2490，原始观测继续保存
2026-08-31 00:18:28.338 [mytransitgps-continuous-collector] WARN  c.m.persistence.service.JohorRealtimeQcAnnotator - 检测到Static Route未匹配，feedId=rapid-bus-mrtfeeder，snapshotUid=7073122e-a238-4bf3-be54-b622ef88c1d1，vehicleId=VH2491，原始观测继续保存
2026-08-31 00:18:28.338 [mytransitgps-continuous-collector] WARN  c.m.persistence.service.JohorRealtimeQcAnnotator - 检测到Static Trip未匹配，feedId=rapid-bus-mrtfeeder，snapshotUid=7073122e-a238-4bf3-be54-b622ef88c1d1，vehicleId=VH2491，原始观测继续保存
2026-08-31 00:18:28.338 [mytransitgps-continuous-collector] WARN  c.m.persistence.service.JohorRealtimeQcAnnotator - 检测到Static Route未匹配，feedId=rapid-bus-mrtfeeder，snapshotUid=7073122e-a238-4bf3-be54-b622ef88c1d1，vehicleId=VH2549，原始观测继续保存
2026-08-31 00:18:28.338 [mytransitgps-continuous-collector] WARN  c.m.persistence.service.JohorRealtimeQcAnnotator - 检测到Static Trip未匹配，feedId=rapid-bus-mrtfeeder，snapshotUid=7073122e-a238-4bf3-be54-b622ef88c1d1，vehicleId=VH2549，原始观测继续保存
2026-08-31 00:18:28.338 [mytransitgps-continuous-collector] WARN  c.m.persistence.service.JohorRealtimeQcAnnotator - 检测到Static Route未匹配，feedId=rapid-bus-mrtfeeder，snapshotUid=7073122e-a238-4bf3-be54-b622ef88c1d1，vehicleId=VH3593，原始观测继续保存
2026-08-31 00:18:28.338 [mytransitgps-continuous-collector] WARN  c.m.persistence.service.JohorRealtimeQcAnnotator - 检测到Static Trip未匹配，feedId=rapid-bus-mrtfeeder，snapshotUid=7073122e-a238-4bf3-be54-b622ef88c1d1，vehicleId=VH3593，原始观测继续保存
2026-08-31 00:18:28.338 [mytransitgps-continuous-collector] WARN  c.m.persistence.service.JohorRealtimeQcAnnotator - 检测到Static Route未匹配，feedId=rapid-bus-mrtfeeder，snapshotUid=7073122e-a238-4bf3-be54-b622ef88c1d1，vehicleId=VH4037，原始观测继续保存
2026-08-31 00:18:28.338 [mytransitgps-continuous-collector] WARN  c.m.persistence.service.JohorRealtimeQcAnnotator - 检测到Static Trip未匹配，feedId=rapid-bus-mrtfeeder，snapshotUid=7073122e-a238-4bf3-be54-b622ef88c1d1，vehicleId=VH4037，原始观测继续保存
2026-08-31 00:18:28.338 [mytransitgps-continuous-collector] WARN  c.m.persistence.service.JohorRealtimeQcAnnotator - 检测到Static Route未匹配，feedId=rapid-bus-mrtfeeder，snapshotUid=7073122e-a238-4bf3-be54-b622ef88c1d1，vehicleId=VH4053，原始观测继续保存
2026-08-31 00:18:28.338 [mytransitgps-continuous-collector] WARN  c.m.persistence.service.JohorRealtimeQcAnnotator - 检测到Static Trip未匹配，feedId=rapid-bus-mrtfeeder，snapshotUid=7073122e-a238-4bf3-be54-b622ef88c1d1，vehicleId=VH4053，原始观测继续保存
2026-08-31 00:18:28.339 [mytransitgps-continuous-collector] WARN  c.m.persistence.service.JohorRealtimeQcAnnotator - 检测到Static Route未匹配，feedId=rapid-bus-mrtfeeder，snapshotUid=7073122e-a238-4bf3-be54-b622ef88c1d1，vehicleId=VH4268，原始观测继续保存
2026-08-31 00:18:28.339 [mytransitgps-continuous-collector] WARN  c.m.persistence.service.JohorRealtimeQcAnnotator - 检测到Static Trip未匹配，feedId=rapid-bus-mrtfeeder，snapshotUid=7073122e-a238-4bf3-be54-b622ef88c1d1，vehicleId=VH4268，原始观测继续保存
2026-08-31 00:18:28.339 [mytransitgps-continuous-collector] WARN  c.m.persistence.service.JohorRealtimeQcAnnotator - 检测到Static Route未匹配，feedId=rapid-bus-mrtfeeder，snapshotUid=7073122e-a238-4bf3-be54-b622ef88c1d1，vehicleId=VH4924，原始观测继续保存
2026-08-31 00:18:28.339 [mytransitgps-continuous-collector] WARN  c.m.persistence.service.JohorRealtimeQcAnnotator - 检测到Static Trip未匹配，feedId=rapid-bus-mrtfeeder，snapshotUid=7073122e-a238-4bf3-be54-b622ef88c1d1，vehicleId=VH4924，原始观测继续保存
2026-08-31 00:18:28.339 [mytransitgps-continuous-collector] WARN  c.m.persistence.service.JohorRealtimeQcAnnotator - 检测到Static Route未匹配，feedId=rapid-bus-mrtfeeder，snapshotUid=7073122e-a238-4bf3-be54-b622ef88c1d1，vehicleId=VH4985，原始观测继续保存
2026-08-31 00:18:28.339 [mytransitgps-continuous-collector] WARN  c.m.persistence.service.JohorRealtimeQcAnnotator - 检测到Static Trip未匹配，feedId=rapid-bus-mrtfeeder，snapshotUid=7073122e-a238-4bf3-be54-b622ef88c1d1，vehicleId=VH4985，原始观测继续保存
2026-08-31 00:18:28.339 [mytransitgps-continuous-collector] WARN  c.m.persistence.service.JohorRealtimeQcAnnotator - 检测到Static Route未匹配，feedId=rapid-bus-mrtfeeder，snapshotUid=7073122e-a238-4bf3-be54-b622ef88c1d1，vehicleId=VK2913，原始观测继续保存
2026-08-31 00:18:28.339 [mytransitgps-continuous-collector] WARN  c.m.persistence.service.JohorRealtimeQcAnnotator - 检测到Static Trip未匹配，feedId=rapid-bus-mrtfeeder，snapshotUid=7073122e-a238-4bf3-be54-b622ef88c1d1，vehicleId=VK2913，原始观测继续保存
2026-08-31 00:18:28.339 [mytransitgps-continuous-collector] WARN  c.m.persistence.service.JohorRealtimeQcAnnotator - 检测到Static Route未匹配，feedId=rapid-bus-mrtfeeder，snapshotUid=7073122e-a238-4bf3-be54-b622ef88c1d1，vehicleId=VK6475，原始观测继续保存
2026-08-31 00:18:28.339 [mytransitgps-continuous-collector] WARN  c.m.persistence.service.JohorRealtimeQcAnnotator - 检测到Static Trip未匹配，feedId=rapid-bus-mrtfeeder，snapshotUid=7073122e-a238-4bf3-be54-b622ef88c1d1，vehicleId=VK6475，原始观测继续保存
2026-08-31 00:18:28.339 [mytransitgps-continuous-collector] WARN  c.m.persistence.service.JohorRealtimeQcAnnotator - 检测到Static Route未匹配，feedId=rapid-bus-mrtfeeder，snapshotUid=7073122e-a238-4bf3-be54-b622ef88c1d1，vehicleId=VM1879，原始观测继续保存
2026-08-31 00:18:28.339 [mytransitgps-continuous-collector] WARN  c.m.persistence.service.JohorRealtimeQcAnnotator - 检测到Static Trip未匹配，feedId=rapid-bus-mrtfeeder，snapshotUid=7073122e-a238-4bf3-be54-b622ef88c1d1，vehicleId=VM1879，原始观测继续保存
2026-08-31 00:18:28.339 [mytransitgps-continuous-collector] WARN  c.m.persistence.service.JohorRealtimeQcAnnotator - 检测到Static Route未匹配，feedId=rapid-bus-mrtfeeder，snapshotUid=7073122e-a238-4bf3-be54-b622ef88c1d1，vehicleId=VX2856，原始观测继续保存
2026-08-31 00:18:28.339 [mytransitgps-continuous-collector] WARN  c.m.persistence.service.JohorRealtimeQcAnnotator - 检测到Static Trip未匹配，feedId=rapid-bus-mrtfeeder，snapshotUid=7073122e-a238-4bf3-be54-b622ef88c1d1，vehicleId=VX2856，原始观测继续保存
2026-08-31 00:18:28.339 [mytransitgps-continuous-collector] WARN  c.m.persistence.service.JohorRealtimeQcAnnotator - 检测到Static Route未匹配，feedId=rapid-bus-mrtfeeder，snapshotUid=7073122e-a238-4bf3-be54-b622ef88c1d1，vehicleId=VX2890，原始观测继续保存
2026-08-31 00:18:28.339 [mytransitgps-continuous-collector] WARN  c.m.persistence.service.JohorRealtimeQcAnnotator - 检测到Static Trip未匹配，feedId=rapid-bus-mrtfeeder，snapshotUid=7073122e-a238-4bf3-be54-b622ef88c1d1，vehicleId=VX2890，原始观测继续保存
2026-08-31 00:19:40.304 [mytransitgps-continuous-collector] WARN  c.m.gtfs.service.RealtimeStaticEnrichmentService - Realtime Static补全存在未匹配项，城市=Kuching，feedId=mybas-kuching，routeUnresolved=1，tripUnmatched=1，原始Realtime实体继续保留
2026-08-31 00:19:40.304 [mytransitgps-continuous-collector] WARN  c.m.persistence.service.JohorRealtimeQcAnnotator - 检测到Static Route未匹配，feedId=mybas-kuching，snapshotUid=672c6bc6-ddbd-41b7-a972-d6deb9d74486，vehicleId=MADANI2160，原始观测继续保存
2026-08-31 00:19:40.304 [mytransitgps-continuous-collector] WARN  c.m.persistence.service.JohorRealtimeQcAnnotator - 检测到Static Trip未匹配，feedId=mybas-kuching，snapshotUid=672c6bc6-ddbd-41b7-a972-d6deb9d74486，vehicleId=MADANI2160，原始观测继续保存
2026-08-31 00:20:28.342 [mytransitgps-continuous-collector] WARN  c.m.gtfs.service.RealtimeStaticEnrichmentService - Realtime Static补全存在未匹配项，城市=Kuala Lumpur，feedId=rapid-bus-mrtfeeder，routeUnresolved=44，tripUnmatched=44，原始Realtime实体继续保留
2026-08-31 00:20:28.342 [mytransitgps-continuous-collector] WARN  c.m.persistence.service.JohorRealtimeQcAnnotator - 检测到Static Route未匹配，feedId=rapid-bus-mrtfeeder，snapshotUid=34d03a10-6219-4719-9986-24ad95fd1929，vehicleId=VAC5764，原始观测继续保存
2026-08-31 00:20:28.342 [mytransitgps-continuous-collector] WARN  c.m.persistence.service.JohorRealtimeQcAnnotator - 检测到Static Trip未匹配，feedId=rapid-bus-mrtfeeder，snapshotUid=34d03a10-6219-4719-9986-24ad95fd1929，vehicleId=VAC5764，原始观测继续保存
2026-08-31 00:20:28.342 [mytransitgps-continuous-collector] WARN  c.m.persistence.service.JohorRealtimeQcAnnotator - 检测到Static Route未匹配，feedId=rapid-bus-mrtfeeder，snapshotUid=34d03a10-6219-4719-9986-24ad95fd1929，vehicleId=VAC9627，原始观测继续保存
2026-08-31 00:20:28.342 [mytransitgps-continuous-collector] WARN  c.m.persistence.service.JohorRealtimeQcAnnotator - 检测到Static Trip未匹配，feedId=rapid-bus-mrtfeeder，snapshotUid=34d03a10-6219-4719-9986-24ad95fd1929，vehicleId=VAC9627，原始观测继续保存
2026-08-31 00:20:28.342 [mytransitgps-continuous-collector] WARN  c.m.persistence.service.JohorRealtimeQcAnnotator - 检测到Static Route未匹配，feedId=rapid-bus-mrtfeeder，snapshotUid=34d03a10-6219-4719-9986-24ad95fd1929，vehicleId=VAE7196，原始观测继续保存
2026-08-31 00:20:28.342 [mytransitgps-continuous-collector] WARN  c.m.persistence.service.JohorRealtimeQcAnnotator - 检测到Static Trip未匹配，feedId=rapid-bus-mrtfeeder，snapshotUid=34d03a10-6219-4719-9986-24ad95fd1929，vehicleId=VAE7196，原始观测继续保存
2026-08-31 00:20:28.342 [mytransitgps-continuous-collector] WARN  c.m.persistence.service.JohorRealtimeQcAnnotator - 检测到Static Route未匹配，feedId=rapid-bus-mrtfeeder，snapshotUid=34d03a10-6219-4719-9986-24ad95fd1929，vehicleId=VAF5480，原始观测继续保存
2026-08-31 00:20:28.342 [mytransitgps-continuous-collector] WARN  c.m.persistence.service.JohorRealtimeQcAnnotator - 检测到Static Trip未匹配，feedId=rapid-bus-mrtfeeder，snapshotUid=34d03a10-6219-4719-9986-24ad95fd1929，vehicleId=VAF5480，原始观测继续保存
2026-08-31 00:20:28.342 [mytransitgps-continuous-collector] WARN  c.m.persistence.service.JohorRealtimeQcAnnotator - 检测到Static Route未匹配，feedId=rapid-bus-mrtfeeder，snapshotUid=34d03a10-6219-4719-9986-24ad95fd1929，vehicleId=VAF5766，原始观测继续保存
2026-08-31 00:20:28.342 [mytransitgps-continuous-collector] WARN  c.m.persistence.service.JohorRealtimeQcAnnotator - 检测到Static Trip未匹配，feedId=rapid-bus-mrtfeeder，snapshotUid=34d03a10-6219-4719-9986-24ad95fd1929，vehicleId=VAF5766，原始观测继续保存
2026-08-31 00:20:28.342 [mytransitgps-continuous-collector] WARN  c.m.persistence.service.JohorRealtimeQcAnnotator - 检测到Static Route未匹配，feedId=rapid-bus-mrtfeeder，snapshotUid=34d03a10-6219-4719-9986-24ad95fd1929，vehicleId=VAF5780，原始观测继续保存
2026-08-31 00:20:28.342 [mytransitgps-continuous-collector] WARN  c.m.persistence.service.JohorRealtimeQcAnnotator - 检测到Static Trip未匹配，feedId=rapid-bus-mrtfeeder，snapshotUid=34d03a10-6219-4719-9986-24ad95fd1929，vehicleId=VAF5780，原始观测继续保存
2026-08-31 00:20:28.342 [mytransitgps-continuous-collector] WARN  c.m.persistence.service.JohorRealtimeQcAnnotator - 检测到Static Route未匹配，feedId=rapid-bus-mrtfeeder，snapshotUid=34d03a10-6219-4719-9986-24ad95fd1929，vehicleId=VAF6417，原始观测继续保存
2026-08-31 00:20:28.342 [mytransitgps-continuous-collector] WARN  c.m.persistence.service.JohorRealtimeQcAnnotator - 检测到Static Trip未匹配，feedId=rapid-bus-mrtfeeder，snapshotUid=34d03a10-6219-4719-9986-24ad95fd1929，vehicleId=VAF6417，原始观测继续保存
2026-08-31 00:20:28.342 [mytransitgps-continuous-collector] WARN  c.m.persistence.service.JohorRealtimeQcAnnotator - 检测到Static Route未匹配，feedId=rapid-bus-mrtfeeder，snapshotUid=34d03a10-6219-4719-9986-24ad95fd1929，vehicleId=VAF7159，原始观测继续保存
2026-08-31 00:20:28.343 [mytransitgps-continuous-collector] WARN  c.m.persistence.service.JohorRealtimeQcAnnotator - 检测到Static Trip未匹配，feedId=rapid-bus-mrtfeeder，snapshotUid=34d03a10-6219-4719-9986-24ad95fd1929，vehicleId=VAF7159，原始观测继续保存
2026-08-31 00:20:28.343 [mytransitgps-continuous-collector] WARN  c.m.persistence.service.JohorRealtimeQcAnnotator - 检测到Static Route未匹配，feedId=rapid-bus-mrtfeeder，snapshotUid=34d03a10-6219-4719-9986-24ad95fd1929，vehicleId=VAG4711，原始观测继续保存
2026-08-31 00:20:28.343 [mytransitgps-continuous-collector] WARN  c.m.persistence.service.JohorRealtimeQcAnnotator - 检测到Static Trip未匹配，feedId=rapid-bus-mrtfeeder，snapshotUid=34d03a10-6219-4719-9986-24ad95fd1929，vehicleId=VAG4711，原始观测继续保存
2026-08-31 00:20:28.343 [mytransitgps-continuous-collector] WARN  c.m.persistence.service.JohorRealtimeQcAnnotator - 检测到Static Route未匹配，feedId=rapid-bus-mrtfeeder，snapshotUid=34d03a10-6219-4719-9986-24ad95fd1929，vehicleId=VAG4880，原始观测继续保存
2026-08-31 00:20:28.343 [mytransitgps-continuous-collector] WARN  c.m.persistence.service.JohorRealtimeQcAnnotator - 检测到Static Trip未匹配，feedId=rapid-bus-mrtfeeder，snapshotUid=34d03a10-6219-4719-9986-24ad95fd1929，vehicleId=VAG4880，原始观测继续保存
2026-08-31 00:20:28.343 [mytransitgps-continuous-collector] WARN  c.m.persistence.service.JohorRealtimeQcAnnotator - 检测到Static Route未匹配，feedId=rapid-bus-mrtfeeder，snapshotUid=34d03a10-6219-4719-9986-24ad95fd1929，vehicleId=VAG8049，原始观测继续保存
2026-08-31 00:20:28.343 [mytransitgps-continuous-collector] WARN  c.m.persistence.service.JohorRealtimeQcAnnotator - 检测到Static Trip未匹配，feedId=rapid-bus-mrtfeeder，snapshotUid=34d03a10-6219-4719-9986-24ad95fd1929，vehicleId=VAG8049，原始观测继续保存
2026-08-31 00:20:28.343 [mytransitgps-continuous-collector] WARN  c.m.persistence.service.JohorRealtimeQcAnnotator - 检测到Static Route未匹配，feedId=rapid-bus-mrtfeeder，snapshotUid=34d03a10-6219-4719-9986-24ad95fd1929，vehicleId=VAG8054，原始观测继续保存
2026-08-31 00:20:28.343 [mytransitgps-continuous-collector] WARN  c.m.persistence.service.JohorRealtimeQcAnnotator - 检测到Static Trip未匹配，feedId=rapid-bus-mrtfeeder，snapshotUid=34d03a10-6219-4719-9986-24ad95fd1929，vehicleId=VAG8054，原始观测继续保存
2026-08-31 00:20:28.343 [mytransitgps-continuous-collector] WARN  c.m.persistence.service.JohorRealtimeQcAnnotator - 检测到Static Route未匹配，feedId=rapid-bus-mrtfeeder，snapshotUid=34d03a10-6219-4719-9986-24ad95fd1929，vehicleId=VAG8541，原始观测继续保存
2026-08-31 00:20:28.343 [mytransitgps-continuous-collector] WARN  c.m.persistence.service.JohorRealtimeQcAnnotator - 检测到Static Trip未匹配，feedId=rapid-bus-mrtfeeder，snapshotUid=34d03a10-6219-4719-9986-24ad95fd1929，vehicleId=VAG8541，原始观测继续保存
2026-08-31 00:20:28.343 [mytransitgps-continuous-collector] WARN  c.m.persistence.service.JohorRealtimeQcAnnotator - 检测到Static Route未匹配，feedId=rapid-bus-mrtfeeder，snapshotUid=34d03a10-6219-4719-9986-24ad95fd1929，vehicleId=VAH9043，原始观测继续保存
2026-08-31 00:20:28.343 [mytransitgps-continuous-collector] WARN  c.m.persistence.service.JohorRealtimeQcAnnotator - 检测到Static Trip未匹配，feedId=rapid-bus-mrtfeeder，snapshotUid=34d03a10-6219-4719-9986-24ad95fd1929，vehicleId=VAH9043，原始观测继续保存
2026-08-31 00:20:28.343 [mytransitgps-continuous-collector] WARN  c.m.persistence.service.JohorRealtimeQcAnnotator - 检测到Static Route未匹配，feedId=rapid-bus-mrtfeeder，snapshotUid=34d03a10-6219-4719-9986-24ad95fd1929，vehicleId=VAH9045，原始观测继续保存
2026-08-31 00:20:28.343 [mytransitgps-continuous-collector] WARN  c.m.persistence.service.JohorRealtimeQcAnnotator - 检测到Static Trip未匹配，feedId=rapid-bus-mrtfeeder，snapshotUid=34d03a10-6219-4719-9986-24ad95fd1929，vehicleId=VAH9045，原始观测继续保存
2026-08-31 00:20:28.343 [mytransitgps-continuous-collector] WARN  c.m.persistence.service.JohorRealtimeQcAnnotator - 检测到Static Route未匹配，feedId=rapid-bus-mrtfeeder，snapshotUid=34d03a10-6219-4719-9986-24ad95fd1929，vehicleId=VAJ1481，原始观测继续保存
2026-08-31 00:20:28.343 [mytransitgps-continuous-collector] WARN  c.m.persistence.service.JohorRealtimeQcAnnotator - 检测到Static Trip未匹配，feedId=rapid-bus-mrtfeeder，snapshotUid=34d03a10-6219-4719-9986-24ad95fd1929，vehicleId=VAJ1481，原始观测继续保存
2026-08-31 00:20:28.343 [mytransitgps-continuous-collector] WARN  c.m.persistence.service.JohorRealtimeQcAnnotator - 检测到Static Route未匹配，feedId=rapid-bus-mrtfeeder，snapshotUid=34d03a10-6219-4719-9986-24ad95fd1929，vehicleId=VAJ1514，原始观测继续保存
2026-08-31 00:20:28.343 [mytransitgps-continuous-collector] WARN  c.m.persistence.service.JohorRealtimeQcAnnotator - 检测到Static Trip未匹配，feedId=rapid-bus-mrtfeeder，snapshotUid=34d03a10-6219-4719-9986-24ad95fd1929，vehicleId=VAJ1514，原始观测继续保存
2026-08-31 00:20:28.343 [mytransitgps-continuous-collector] WARN  c.m.persistence.service.JohorRealtimeQcAnnotator - 检测到Static Route未匹配，feedId=rapid-bus-mrtfeeder，snapshotUid=34d03a10-6219-4719-9986-24ad95fd1929，vehicleId=VAJ2895，原始观测继续保存
2026-08-31 00:20:28.343 [mytransitgps-continuous-collector] WARN  c.m.persistence.service.JohorRealtimeQcAnnotator - 检测到Static Trip未匹配，feedId=rapid-bus-mrtfeeder，snapshotUid=34d03a10-6219-4719-9986-24ad95fd1929，vehicleId=VAJ2895，原始观测继续保存
2026-08-31 00:20:28.344 [mytransitgps-continuous-collector] WARN  c.m.persistence.service.JohorRealtimeQcAnnotator - 检测到Static Route未匹配，feedId=rapid-bus-mrtfeeder，snapshotUid=34d03a10-6219-4719-9986-24ad95fd1929，vehicleId=VAK1014，原始观测继续保存
2026-08-31 00:20:28.344 [mytransitgps-continuous-collector] WARN  c.m.persistence.service.JohorRealtimeQcAnnotator - 检测到Static Trip未匹配，feedId=rapid-bus-mrtfeeder，snapshotUid=34d03a10-6219-4719-9986-24ad95fd1929，vehicleId=VAK1014，原始观测继续保存
2026-08-31 00:20:28.344 [mytransitgps-continuous-collector] WARN  c.m.persistence.service.JohorRealtimeQcAnnotator - 检测到Static Route未匹配，feedId=rapid-bus-mrtfeeder，snapshotUid=34d03a10-6219-4719-9986-24ad95fd1929，vehicleId=VAL4552，原始观测继续保存
2026-08-31 00:20:28.344 [mytransitgps-continuous-collector] WARN  c.m.persistence.service.JohorRealtimeQcAnnotator - 检测到Static Trip未匹配，feedId=rapid-bus-mrtfeeder，snapshotUid=34d03a10-6219-4719-9986-24ad95fd1929，vehicleId=VAL4552，原始观测继续保存
2026-08-31 00:20:28.344 [mytransitgps-continuous-collector] WARN  c.m.persistence.service.JohorRealtimeQcAnnotator - 检测到Future Timestamp，feedId=rapid-bus-mrtfeeder，snapshotUid=34d03a10-6219-4719-9986-24ad95fd1929，vehicleId=VAL4552，vehicleTime=1886017556，原始时间戳继续保存
2026-08-31 00:20:28.344 [mytransitgps-continuous-collector] WARN  c.m.persistence.service.JohorRealtimeQcAnnotator - 检测到Static Route未匹配，feedId=rapid-bus-mrtfeeder，snapshotUid=34d03a10-6219-4719-9986-24ad95fd1929，vehicleId=VG6480，原始观测继续保存
2026-08-31 00:20:28.344 [mytransitgps-continuous-collector] WARN  c.m.persistence.service.JohorRealtimeQcAnnotator - 检测到Static Trip未匹配，feedId=rapid-bus-mrtfeeder，snapshotUid=34d03a10-6219-4719-9986-24ad95fd1929，vehicleId=VG6480，原始观测继续保存
2026-08-31 00:20:28.344 [mytransitgps-continuous-collector] WARN  c.m.persistence.service.JohorRealtimeQcAnnotator - 检测到Static Route未匹配，feedId=rapid-bus-mrtfeeder，snapshotUid=34d03a10-6219-4719-9986-24ad95fd1929，vehicleId=VG6491，原始观测继续保存
2026-08-31 00:20:28.344 [mytransitgps-continuous-collector] WARN  c.m.persistence.service.JohorRealtimeQcAnnotator - 检测到Static Trip未匹配，feedId=rapid-bus-mrtfeeder，snapshotUid=34d03a10-6219-4719-9986-24ad95fd1929，vehicleId=VG6491，原始观测继续保存
2026-08-31 00:20:28.344 [mytransitgps-continuous-collector] WARN  c.m.persistence.service.JohorRealtimeQcAnnotator - 检测到Static Route未匹配，feedId=rapid-bus-mrtfeeder，snapshotUid=34d03a10-6219-4719-9986-24ad95fd1929，vehicleId=VG6493，原始观测继续保存
2026-08-31 00:20:28.344 [mytransitgps-continuous-collector] WARN  c.m.persistence.service.JohorRealtimeQcAnnotator - 检测到Static Trip未匹配，feedId=rapid-bus-mrtfeeder，snapshotUid=34d03a10-6219-4719-9986-24ad95fd1929，vehicleId=VG6493，原始观测继续保存
2026-08-31 00:20:28.344 [mytransitgps-continuous-collector] WARN  c.m.persistence.service.JohorRealtimeQcAnnotator - 检测到Static Route未匹配，feedId=rapid-bus-mrtfeeder，snapshotUid=34d03a10-6219-4719-9986-24ad95fd1929，vehicleId=VG6514，原始观测继续保存
2026-08-31 00:20:28.344 [mytransitgps-continuous-collector] WARN  c.m.persistence.service.JohorRealtimeQcAnnotator - 检测到Static Trip未匹配，feedId=rapid-bus-mrtfeeder，snapshotUid=34d03a10-6219-4719-9986-24ad95fd1929，vehicleId=VG6514，原始观测继续保存
2026-08-31 00:20:28.344 [mytransitgps-continuous-collector] WARN  c.m.persistence.service.JohorRealtimeQcAnnotator - 检测到Static Route未匹配，feedId=rapid-bus-mrtfeeder，snapshotUid=34d03a10-6219-4719-9986-24ad95fd1929，vehicleId=VG8673，原始观测继续保存
2026-08-31 00:20:28.344 [mytransitgps-continuous-collector] WARN  c.m.persistence.service.JohorRealtimeQcAnnotator - 检测到Static Trip未匹配，feedId=rapid-bus-mrtfeeder，snapshotUid=34d03a10-6219-4719-9986-24ad95fd1929，vehicleId=VG8673，原始观测继续保存
2026-08-31 00:20:28.344 [mytransitgps-continuous-collector] WARN  c.m.persistence.service.JohorRealtimeQcAnnotator - 检测到Static Route未匹配，feedId=rapid-bus-mrtfeeder，snapshotUid=34d03a10-6219-4719-9986-24ad95fd1929，vehicleId=VG8703，原始观测继续保存
2026-08-31 00:20:28.344 [mytransitgps-continuous-collector] WARN  c.m.persistence.service.JohorRealtimeQcAnnotator - 检测到Static Trip未匹配，feedId=rapid-bus-mrtfeeder，snapshotUid=34d03a10-6219-4719-9986-24ad95fd1929，vehicleId=VG8703，原始观测继续保存
2026-08-31 00:20:28.344 [mytransitgps-continuous-collector] WARN  c.m.persistence.service.JohorRealtimeQcAnnotator - 检测到Static Route未匹配，feedId=rapid-bus-mrtfeeder，snapshotUid=34d03a10-6219-4719-9986-24ad95fd1929，vehicleId=VG8769，原始观测继续保存
2026-08-31 00:20:28.344 [mytransitgps-continuous-collector] WARN  c.m.persistence.service.JohorRealtimeQcAnnotator - 检测到Static Trip未匹配，feedId=rapid-bus-mrtfeeder，snapshotUid=34d03a10-6219-4719-9986-24ad95fd1929，vehicleId=VG8769，原始观测继续保存
2026-08-31 00:20:28.344 [mytransitgps-continuous-collector] WARN  c.m.persistence.service.JohorRealtimeQcAnnotator - 检测到Static Route未匹配，feedId=rapid-bus-mrtfeeder，snapshotUid=34d03a10-6219-4719-9986-24ad95fd1929，vehicleId=VH1568，原始观测继续保存
2026-08-31 00:20:28.344 [mytransitgps-continuous-collector] WARN  c.m.persistence.service.JohorRealtimeQcAnnotator - 检测到Static Trip未匹配，feedId=rapid-bus-mrtfeeder，snapshotUid=34d03a10-6219-4719-9986-24ad95fd1929，vehicleId=VH1568，原始观测继续保存
2026-08-31 00:20:28.344 [mytransitgps-continuous-collector] WARN  c.m.persistence.service.JohorRealtimeQcAnnotator - 检测到Static Route未匹配，feedId=rapid-bus-mrtfeeder，snapshotUid=34d03a10-6219-4719-9986-24ad95fd1929，vehicleId=VH2059，原始观测继续保存
2026-08-31 00:20:28.344 [mytransitgps-continuous-collector] WARN  c.m.persistence.service.JohorRealtimeQcAnnotator - 检测到Static Trip未匹配，feedId=rapid-bus-mrtfeeder，snapshotUid=34d03a10-6219-4719-9986-24ad95fd1929，vehicleId=VH2059，原始观测继续保存
2026-08-31 00:20:28.344 [mytransitgps-continuous-collector] WARN  c.m.persistence.service.JohorRealtimeQcAnnotator - 检测到Static Route未匹配，feedId=rapid-bus-mrtfeeder，snapshotUid=34d03a10-6219-4719-9986-24ad95fd1929，vehicleId=VH2490，原始观测继续保存
2026-08-31 00:20:28.344 [mytransitgps-continuous-collector] WARN  c.m.persistence.service.JohorRealtimeQcAnnotator - 检测到Static Trip未匹配，feedId=rapid-bus-mrtfeeder，snapshotUid=34d03a10-6219-4719-9986-24ad95fd1929，vehicleId=VH2490，原始观测继续保存
2026-08-31 00:20:28.344 [mytransitgps-continuous-collector] WARN  c.m.persistence.service.JohorRealtimeQcAnnotator - 检测到Static Route未匹配，feedId=rapid-bus-mrtfeeder，snapshotUid=34d03a10-6219-4719-9986-24ad95fd1929，vehicleId=VH2491，原始观测继续保存
2026-08-31 00:20:28.344 [mytransitgps-continuous-collector] WARN  c.m.persistence.service.JohorRealtimeQcAnnotator - 检测到Static Trip未匹配，feedId=rapid-bus-mrtfeeder，snapshotUid=34d03a10-6219-4719-9986-24ad95fd1929，vehicleId=VH2491，原始观测继续保存
2026-08-31 00:20:28.344 [mytransitgps-continuous-collector] WARN  c.m.persistence.service.JohorRealtimeQcAnnotator - 检测到Static Route未匹配，feedId=rapid-bus-mrtfeeder，snapshotUid=34d03a10-6219-4719-9986-24ad95fd1929，vehicleId=VH2549，原始观测继续保存
2026-08-31 00:20:28.344 [mytransitgps-continuous-collector] WARN  c.m.persistence.service.JohorRealtimeQcAnnotator - 检测到Static Trip未匹配，feedId=rapid-bus-mrtfeeder，snapshotUid=34d03a10-6219-4719-9986-24ad95fd1929，vehicleId=VH2549，原始观测继续保存
2026-08-31 00:20:28.344 [mytransitgps-continuous-collector] WARN  c.m.persistence.service.JohorRealtimeQcAnnotator - 检测到Static Route未匹配，feedId=rapid-bus-mrtfeeder，snapshotUid=34d03a10-6219-4719-9986-24ad95fd1929，vehicleId=VH3593，原始观测继续保存
2026-08-31 00:20:28.344 [mytransitgps-continuous-collector] WARN  c.m.persistence.service.JohorRealtimeQcAnnotator - 检测到Static Trip未匹配，feedId=rapid-bus-mrtfeeder，snapshotUid=34d03a10-6219-4719-9986-24ad95fd1929，vehicleId=VH3593，原始观测继续保存
2026-08-31 00:20:28.344 [mytransitgps-continuous-collector] WARN  c.m.persistence.service.JohorRealtimeQcAnnotator - 检测到Static Route未匹配，feedId=rapid-bus-mrtfeeder，snapshotUid=34d03a10-6219-4719-9986-24ad95fd1929，vehicleId=VH4037，原始观测继续保存
2026-08-31 00:20:28.344 [mytransitgps-continuous-collector] WARN  c.m.persistence.service.JohorRealtimeQcAnnotator - 检测到Static Trip未匹配，feedId=rapid-bus-mrtfeeder，snapshotUid=34d03a10-6219-4719-9986-24ad95fd1929，vehicleId=VH4037，原始观测继续保存
2026-08-31 00:20:28.344 [mytransitgps-continuous-collector] WARN  c.m.persistence.service.JohorRealtimeQcAnnotator - 检测到Static Route未匹配，feedId=rapid-bus-mrtfeeder，snapshotUid=34d03a10-6219-4719-9986-24ad95fd1929，vehicleId=VH4053，原始观测继续保存
2026-08-31 00:20:28.344 [mytransitgps-continuous-collector] WARN  c.m.persistence.service.JohorRealtimeQcAnnotator - 检测到Static Trip未匹配，feedId=rapid-bus-mrtfeeder，snapshotUid=34d03a10-6219-4719-9986-24ad95fd1929，vehicleId=VH4053，原始观测继续保存
2026-08-31 00:20:28.344 [mytransitgps-continuous-collector] WARN  c.m.persistence.service.JohorRealtimeQcAnnotator - 检测到Static Route未匹配，feedId=rapid-bus-mrtfeeder，snapshotUid=34d03a10-6219-4719-9986-24ad95fd1929，vehicleId=VH4189，原始观测继续保存
2026-08-31 00:20:28.344 [mytransitgps-continuous-collector] WARN  c.m.persistence.service.JohorRealtimeQcAnnotator - 检测到Static Trip未匹配，feedId=rapid-bus-mrtfeeder，snapshotUid=34d03a10-6219-4719-9986-24ad95fd1929，vehicleId=VH4189，原始观测继续保存
2026-08-31 00:20:28.344 [mytransitgps-continuous-collector] WARN  c.m.persistence.service.JohorRealtimeQcAnnotator - 检测到Static Route未匹配，feedId=rapid-bus-mrtfeeder，snapshotUid=34d03a10-6219-4719-9986-24ad95fd1929，vehicleId=VH4268，原始观测继续保存
2026-08-31 00:20:28.345 [mytransitgps-continuous-collector] WARN  c.m.persistence.service.JohorRealtimeQcAnnotator - 检测到Static Trip未匹配，feedId=rapid-bus-mrtfeeder，snapshotUid=34d03a10-6219-4719-9986-24ad95fd1929，vehicleId=VH4268，原始观测继续保存
2026-08-31 00:20:28.345 [mytransitgps-continuous-collector] WARN  c.m.persistence.service.JohorRealtimeQcAnnotator - 检测到Static Route未匹配，feedId=rapid-bus-mrtfeeder，snapshotUid=34d03a10-6219-4719-9986-24ad95fd1929，vehicleId=VH4924，原始观测继续保存
2026-08-31 00:20:28.345 [mytransitgps-continuous-collector] WARN  c.m.persistence.service.JohorRealtimeQcAnnotator - 检测到Static Trip未匹配，feedId=rapid-bus-mrtfeeder，snapshotUid=34d03a10-6219-4719-9986-24ad95fd1929，vehicleId=VH4924，原始观测继续保存
2026-08-31 00:20:28.345 [mytransitgps-continuous-collector] WARN  c.m.persistence.service.JohorRealtimeQcAnnotator - 检测到Static Route未匹配，feedId=rapid-bus-mrtfeeder，snapshotUid=34d03a10-6219-4719-9986-24ad95fd1929，vehicleId=VH4985，原始观测继续保存
2026-08-31 00:20:28.345 [mytransitgps-continuous-collector] WARN  c.m.persistence.service.JohorRealtimeQcAnnotator - 检测到Static Trip未匹配，feedId=rapid-bus-mrtfeeder，snapshotUid=34d03a10-6219-4719-9986-24ad95fd1929，vehicleId=VH4985，原始观测继续保存
2026-08-31 00:20:28.345 [mytransitgps-continuous-collector] WARN  c.m.persistence.service.JohorRealtimeQcAnnotator - 检测到Static Route未匹配，feedId=rapid-bus-mrtfeeder，snapshotUid=34d03a10-6219-4719-9986-24ad95fd1929，vehicleId=VK2913，原始观测继续保存
2026-08-31 00:20:28.345 [mytransitgps-continuous-collector] WARN  c.m.persistence.service.JohorRealtimeQcAnnotator - 检测到Static Trip未匹配，feedId=rapid-bus-mrtfeeder，snapshotUid=34d03a10-6219-4719-9986-24ad95fd1929，vehicleId=VK2913，原始观测继续保存
2026-08-31 00:20:28.345 [mytransitgps-continuous-collector] WARN  c.m.persistence.service.JohorRealtimeQcAnnotator - 检测到Static Route未匹配，feedId=rapid-bus-mrtfeeder，snapshotUid=34d03a10-6219-4719-9986-24ad95fd1929，vehicleId=VK6475，原始观测继续保存
2026-08-31 00:20:28.345 [mytransitgps-continuous-collector] WARN  c.m.persistence.service.JohorRealtimeQcAnnotator - 检测到Static Trip未匹配，feedId=rapid-bus-mrtfeeder，snapshotUid=34d03a10-6219-4719-9986-24ad95fd1929，vehicleId=VK6475，原始观测继续保存
2026-08-31 00:20:28.345 [mytransitgps-continuous-collector] WARN  c.m.persistence.service.JohorRealtimeQcAnnotator - 检测到Static Route未匹配，feedId=rapid-bus-mrtfeeder，snapshotUid=34d03a10-6219-4719-9986-24ad95fd1929，vehicleId=VM1879，原始观测继续保存
2026-08-31 00:20:28.345 [mytransitgps-continuous-collector] WARN  c.m.persistence.service.JohorRealtimeQcAnnotator - 检测到Static Trip未匹配，feedId=rapid-bus-mrtfeeder，snapshotUid=34d03a10-6219-4719-9986-24ad95fd1929，vehicleId=VM1879，原始观测继续保存
2026-08-31 00:20:28.345 [mytransitgps-continuous-collector] WARN  c.m.persistence.service.JohorRealtimeQcAnnotator - 检测到Static Route未匹配，feedId=rapid-bus-mrtfeeder，snapshotUid=34d03a10-6219-4719-9986-24ad95fd1929，vehicleId=VX2856，原始观测继续保存
2026-08-31 00:20:28.345 [mytransitgps-continuous-collector] WARN  c.m.persistence.service.JohorRealtimeQcAnnotator - 检测到Static Trip未匹配，feedId=rapid-bus-mrtfeeder，snapshotUid=34d03a10-6219-4719-9986-24ad95fd1929，vehicleId=VX2856，原始观测继续保存
2026-08-31 00:20:28.345 [mytransitgps-continuous-collector] WARN  c.m.persistence.service.JohorRealtimeQcAnnotator - 检测到Static Route未匹配，feedId=rapid-bus-mrtfeeder，snapshotUid=34d03a10-6219-4719-9986-24ad95fd1929，vehicleId=VX2890，原始观测继续保存
2026-08-31 00:20:28.345 [mytransitgps-continuous-collector] WARN  c.m.persistence.service.JohorRealtimeQcAnnotator - 检测到Static Trip未匹配，feedId=rapid-bus-mrtfeeder，snapshotUid=34d03a10-6219-4719-9986-24ad95fd1929，vehicleId=VX2890，原始观测继续保存
2026-08-31 00:21:40.313 [mytransitgps-continuous-collector] WARN  c.m.gtfs.service.RealtimeStaticEnrichmentService - Realtime Static补全存在未匹配项，城市=Kuching，feedId=mybas-kuching，routeUnresolved=1，tripUnmatched=1，原始Realtime实体继续保留
2026-08-31 00:21:40.313 [mytransitgps-continuous-collector] WARN  c.m.persistence.service.JohorRealtimeQcAnnotator - 检测到Static Route未匹配，feedId=mybas-kuching，snapshotUid=e44b6ceb-cfdc-4711-9936-0255247de3d9，vehicleId=MADANI2160，原始观测继续保存
2026-08-31 00:21:40.313 [mytransitgps-continuous-collector] WARN  c.m.persistence.service.JohorRealtimeQcAnnotator - 检测到Static Trip未匹配，feedId=mybas-kuching，snapshotUid=e44b6ceb-cfdc-4711-9936-0255247de3d9，vehicleId=MADANI2160，原始观测继续保存
2026-08-31 00:22:28.336 [mytransitgps-continuous-collector] WARN  c.m.gtfs.service.RealtimeStaticEnrichmentService - Realtime Static补全存在未匹配项，城市=Kuala Lumpur，feedId=rapid-bus-mrtfeeder，routeUnresolved=44，tripUnmatched=44，原始Realtime实体继续保留
2026-08-31 00:22:28.336 [mytransitgps-continuous-collector] WARN  c.m.persistence.service.JohorRealtimeQcAnnotator - 检测到Static Route未匹配，feedId=rapid-bus-mrtfeeder，snapshotUid=48f32ac6-871e-4f8d-b28d-142fd399fa1a，vehicleId=VAC5764，原始观测继续保存
2026-08-31 00:22:28.336 [mytransitgps-continuous-collector] WARN  c.m.persistence.service.JohorRealtimeQcAnnotator - 检测到Static Trip未匹配，feedId=rapid-bus-mrtfeeder，snapshotUid=48f32ac6-871e-4f8d-b28d-142fd399fa1a，vehicleId=VAC5764，原始观测继续保存
2026-08-31 00:22:28.336 [mytransitgps-continuous-collector] WARN  c.m.persistence.service.JohorRealtimeQcAnnotator - 检测到Static Route未匹配，feedId=rapid-bus-mrtfeeder，snapshotUid=48f32ac6-871e-4f8d-b28d-142fd399fa1a，vehicleId=VAC9627，原始观测继续保存
2026-08-31 00:22:28.336 [mytransitgps-continuous-collector] WARN  c.m.persistence.service.JohorRealtimeQcAnnotator - 检测到Static Trip未匹配，feedId=rapid-bus-mrtfeeder，snapshotUid=48f32ac6-871e-4f8d-b28d-142fd399fa1a，vehicleId=VAC9627，原始观测继续保存
2026-08-31 00:22:28.336 [mytransitgps-continuous-collector] WARN  c.m.persistence.service.JohorRealtimeQcAnnotator - 检测到Static Route未匹配，feedId=rapid-bus-mrtfeeder，snapshotUid=48f32ac6-871e-4f8d-b28d-142fd399fa1a，vehicleId=VAE7196，原始观测继续保存
2026-08-31 00:22:28.336 [mytransitgps-continuous-collector] WARN  c.m.persistence.service.JohorRealtimeQcAnnotator - 检测到Static Trip未匹配，feedId=rapid-bus-mrtfeeder，snapshotUid=48f32ac6-871e-4f8d-b28d-142fd399fa1a，vehicleId=VAE7196，原始观测继续保存
2026-08-31 00:22:28.336 [mytransitgps-continuous-collector] WARN  c.m.persistence.service.JohorRealtimeQcAnnotator - 检测到Static Route未匹配，feedId=rapid-bus-mrtfeeder，snapshotUid=48f32ac6-871e-4f8d-b28d-142fd399fa1a，vehicleId=VAF5480，原始观测继续保存
2026-08-31 00:22:28.336 [mytransitgps-continuous-collector] WARN  c.m.persistence.service.JohorRealtimeQcAnnotator - 检测到Static Trip未匹配，feedId=rapid-bus-mrtfeeder，snapshotUid=48f32ac6-871e-4f8d-b28d-142fd399fa1a，vehicleId=VAF5480，原始观测继续保存
2026-08-31 00:22:28.336 [mytransitgps-continuous-collector] WARN  c.m.persistence.service.JohorRealtimeQcAnnotator - 检测到Static Route未匹配，feedId=rapid-bus-mrtfeeder，snapshotUid=48f32ac6-871e-4f8d-b28d-142fd399fa1a，vehicleId=VAF5766，原始观测继续保存
2026-08-31 00:22:28.336 [mytransitgps-continuous-collector] WARN  c.m.persistence.service.JohorRealtimeQcAnnotator - 检测到Static Trip未匹配，feedId=rapid-bus-mrtfeeder，snapshotUid=48f32ac6-871e-4f8d-b28d-142fd399fa1a，vehicleId=VAF5766，原始观测继续保存
2026-08-31 00:22:28.336 [mytransitgps-continuous-collector] WARN  c.m.persistence.service.JohorRealtimeQcAnnotator - 检测到Static Route未匹配，feedId=rapid-bus-mrtfeeder，snapshotUid=48f32ac6-871e-4f8d-b28d-142fd399fa1a，vehicleId=VAF5780，原始观测继续保存
2026-08-31 00:22:28.336 [mytransitgps-continuous-collector] WARN  c.m.persistence.service.JohorRealtimeQcAnnotator - 检测到Static Trip未匹配，feedId=rapid-bus-mrtfeeder，snapshotUid=48f32ac6-871e-4f8d-b28d-142fd399fa1a，vehicleId=VAF5780，原始观测继续保存
2026-08-31 00:22:28.336 [mytransitgps-continuous-collector] WARN  c.m.persistence.service.JohorRealtimeQcAnnotator - 检测到Static Route未匹配，feedId=rapid-bus-mrtfeeder，snapshotUid=48f32ac6-871e-4f8d-b28d-142fd399fa1a，vehicleId=VAF6417，原始观测继续保存
2026-08-31 00:22:28.336 [mytransitgps-continuous-collector] WARN  c.m.persistence.service.JohorRealtimeQcAnnotator - 检测到Static Trip未匹配，feedId=rapid-bus-mrtfeeder，snapshotUid=48f32ac6-871e-4f8d-b28d-142fd399fa1a，vehicleId=VAF6417，原始观测继续保存
2026-08-31 00:22:28.336 [mytransitgps-continuous-collector] WARN  c.m.persistence.service.JohorRealtimeQcAnnotator - 检测到Static Route未匹配，feedId=rapid-bus-mrtfeeder，snapshotUid=48f32ac6-871e-4f8d-b28d-142fd399fa1a，vehicleId=VAF7159，原始观测继续保存
2026-08-31 00:22:28.336 [mytransitgps-continuous-collector] WARN  c.m.persistence.service.JohorRealtimeQcAnnotator - 检测到Static Trip未匹配，feedId=rapid-bus-mrtfeeder，snapshotUid=48f32ac6-871e-4f8d-b28d-142fd399fa1a，vehicleId=VAF7159，原始观测继续保存
2026-08-31 00:22:28.336 [mytransitgps-continuous-collector] WARN  c.m.persistence.service.JohorRealtimeQcAnnotator - 检测到Static Route未匹配，feedId=rapid-bus-mrtfeeder，snapshotUid=48f32ac6-871e-4f8d-b28d-142fd399fa1a，vehicleId=VAG4711，原始观测继续保存
2026-08-31 00:22:28.336 [mytransitgps-continuous-collector] WARN  c.m.persistence.service.JohorRealtimeQcAnnotator - 检测到Static Trip未匹配，feedId=rapid-bus-mrtfeeder，snapshotUid=48f32ac6-871e-4f8d-b28d-142fd399fa1a，vehicleId=VAG4711，原始观测继续保存
2026-08-31 00:22:28.336 [mytransitgps-continuous-collector] WARN  c.m.persistence.service.JohorRealtimeQcAnnotator - 检测到Static Route未匹配，feedId=rapid-bus-mrtfeeder，snapshotUid=48f32ac6-871e-4f8d-b28d-142fd399fa1a，vehicleId=VAG4880，原始观测继续保存
2026-08-31 00:22:28.336 [mytransitgps-continuous-collector] WARN  c.m.persistence.service.JohorRealtimeQcAnnotator - 检测到Static Trip未匹配，feedId=rapid-bus-mrtfeeder，snapshotUid=48f32ac6-871e-4f8d-b28d-142fd399fa1a，vehicleId=VAG4880，原始观测继续保存
2026-08-31 00:22:28.336 [mytransitgps-continuous-collector] WARN  c.m.persistence.service.JohorRealtimeQcAnnotator - 检测到Static Route未匹配，feedId=rapid-bus-mrtfeeder，snapshotUid=48f32ac6-871e-4f8d-b28d-142fd399fa1a，vehicleId=VAG8049，原始观测继续保存
2026-08-31 00:22:28.336 [mytransitgps-continuous-collector] WARN  c.m.persistence.service.JohorRealtimeQcAnnotator - 检测到Static Trip未匹配，feedId=rapid-bus-mrtfeeder，snapshotUid=48f32ac6-871e-4f8d-b28d-142fd399fa1a，vehicleId=VAG8049，原始观测继续保存
2026-08-31 00:22:28.336 [mytransitgps-continuous-collector] WARN  c.m.persistence.service.JohorRealtimeQcAnnotator - 检测到Static Route未匹配，feedId=rapid-bus-mrtfeeder，snapshotUid=48f32ac6-871e-4f8d-b28d-142fd399fa1a，vehicleId=VAG8054，原始观测继续保存
2026-08-31 00:22:28.336 [mytransitgps-continuous-collector] WARN  c.m.persistence.service.JohorRealtimeQcAnnotator - 检测到Static Trip未匹配，feedId=rapid-bus-mrtfeeder，snapshotUid=48f32ac6-871e-4f8d-b28d-142fd399fa1a，vehicleId=VAG8054，原始观测继续保存
2026-08-31 00:22:28.336 [mytransitgps-continuous-collector] WARN  c.m.persistence.service.JohorRealtimeQcAnnotator - 检测到Static Route未匹配，feedId=rapid-bus-mrtfeeder，snapshotUid=48f32ac6-871e-4f8d-b28d-142fd399fa1a，vehicleId=VAG8541，原始观测继续保存
2026-08-31 00:22:28.336 [mytransitgps-continuous-collector] WARN  c.m.persistence.service.JohorRealtimeQcAnnotator - 检测到Static Trip未匹配，feedId=rapid-bus-mrtfeeder，snapshotUid=48f32ac6-871e-4f8d-b28d-142fd399fa1a，vehicleId=VAG8541，原始观测继续保存
2026-08-31 00:22:28.336 [mytransitgps-continuous-collector] WARN  c.m.persistence.service.JohorRealtimeQcAnnotator - 检测到Static Route未匹配，feedId=rapid-bus-mrtfeeder，snapshotUid=48f32ac6-871e-4f8d-b28d-142fd399fa1a，vehicleId=VAH9043，原始观测继续保存
2026-08-31 00:22:28.336 [mytransitgps-continuous-collector] WARN  c.m.persistence.service.JohorRealtimeQcAnnotator - 检测到Static Trip未匹配，feedId=rapid-bus-mrtfeeder，snapshotUid=48f32ac6-871e-4f8d-b28d-142fd399fa1a，vehicleId=VAH9043，原始观测继续保存
2026-08-31 00:22:28.336 [mytransitgps-continuous-collector] WARN  c.m.persistence.service.JohorRealtimeQcAnnotator - 检测到Static Route未匹配，feedId=rapid-bus-mrtfeeder，snapshotUid=48f32ac6-871e-4f8d-b28d-142fd399fa1a，vehicleId=VAH9045，原始观测继续保存
2026-08-31 00:22:28.336 [mytransitgps-continuous-collector] WARN  c.m.persistence.service.JohorRealtimeQcAnnotator - 检测到Static Trip未匹配，feedId=rapid-bus-mrtfeeder，snapshotUid=48f32ac6-871e-4f8d-b28d-142fd399fa1a，vehicleId=VAH9045，原始观测继续保存
2026-08-31 00:22:28.336 [mytransitgps-continuous-collector] WARN  c.m.persistence.service.JohorRealtimeQcAnnotator - 检测到Static Route未匹配，feedId=rapid-bus-mrtfeeder，snapshotUid=48f32ac6-871e-4f8d-b28d-142fd399fa1a，vehicleId=VAJ1481，原始观测继续保存
2026-08-31 00:22:28.336 [mytransitgps-continuous-collector] WARN  c.m.persistence.service.JohorRealtimeQcAnnotator - 检测到Static Trip未匹配，feedId=rapid-bus-mrtfeeder，snapshotUid=48f32ac6-871e-4f8d-b28d-142fd399fa1a，vehicleId=VAJ1481，原始观测继续保存
2026-08-31 00:22:28.336 [mytransitgps-continuous-collector] WARN  c.m.persistence.service.JohorRealtimeQcAnnotator - 检测到Static Route未匹配，feedId=rapid-bus-mrtfeeder，snapshotUid=48f32ac6-871e-4f8d-b28d-142fd399fa1a，vehicleId=VAJ1514，原始观测继续保存
2026-08-31 00:22:28.336 [mytransitgps-continuous-collector] WARN  c.m.persistence.service.JohorRealtimeQcAnnotator - 检测到Static Trip未匹配，feedId=rapid-bus-mrtfeeder，snapshotUid=48f32ac6-871e-4f8d-b28d-142fd399fa1a，vehicleId=VAJ1514，原始观测继续保存
2026-08-31 00:22:28.336 [mytransitgps-continuous-collector] WARN  c.m.persistence.service.JohorRealtimeQcAnnotator - 检测到Static Route未匹配，feedId=rapid-bus-mrtfeeder，snapshotUid=48f32ac6-871e-4f8d-b28d-142fd399fa1a，vehicleId=VAJ2895，原始观测继续保存
2026-08-31 00:22:28.336 [mytransitgps-continuous-collector] WARN  c.m.persistence.service.JohorRealtimeQcAnnotator - 检测到Static Trip未匹配，feedId=rapid-bus-mrtfeeder，snapshotUid=48f32ac6-871e-4f8d-b28d-142fd399fa1a，vehicleId=VAJ2895，原始观测继续保存
2026-08-31 00:22:28.337 [mytransitgps-continuous-collector] WARN  c.m.persistence.service.JohorRealtimeQcAnnotator - 检测到Static Route未匹配，feedId=rapid-bus-mrtfeeder，snapshotUid=48f32ac6-871e-4f8d-b28d-142fd399fa1a，vehicleId=VAK1014，原始观测继续保存
2026-08-31 00:22:28.337 [mytransitgps-continuous-collector] WARN  c.m.persistence.service.JohorRealtimeQcAnnotator - 检测到Static Trip未匹配，feedId=rapid-bus-mrtfeeder，snapshotUid=48f32ac6-871e-4f8d-b28d-142fd399fa1a，vehicleId=VAK1014，原始观测继续保存
2026-08-31 00:22:28.337 [mytransitgps-continuous-collector] WARN  c.m.persistence.service.JohorRealtimeQcAnnotator - 检测到Static Route未匹配，feedId=rapid-bus-mrtfeeder，snapshotUid=48f32ac6-871e-4f8d-b28d-142fd399fa1a，vehicleId=VAL4552，原始观测继续保存
2026-08-31 00:22:28.337 [mytransitgps-continuous-collector] WARN  c.m.persistence.service.JohorRealtimeQcAnnotator - 检测到Static Trip未匹配，feedId=rapid-bus-mrtfeeder，snapshotUid=48f32ac6-871e-4f8d-b28d-142fd399fa1a，vehicleId=VAL4552，原始观测继续保存
2026-08-31 00:22:28.337 [mytransitgps-continuous-collector] WARN  c.m.persistence.service.JohorRealtimeQcAnnotator - 检测到Future Timestamp，feedId=rapid-bus-mrtfeeder，snapshotUid=48f32ac6-871e-4f8d-b28d-142fd399fa1a，vehicleId=VAL4552，vehicleTime=1886017556，原始时间戳继续保存
2026-08-31 00:22:28.337 [mytransitgps-continuous-collector] WARN  c.m.persistence.service.JohorRealtimeQcAnnotator - 检测到Static Route未匹配，feedId=rapid-bus-mrtfeeder，snapshotUid=48f32ac6-871e-4f8d-b28d-142fd399fa1a，vehicleId=VG6480，原始观测继续保存
2026-08-31 00:22:28.337 [mytransitgps-continuous-collector] WARN  c.m.persistence.service.JohorRealtimeQcAnnotator - 检测到Static Trip未匹配，feedId=rapid-bus-mrtfeeder，snapshotUid=48f32ac6-871e-4f8d-b28d-142fd399fa1a，vehicleId=VG6480，原始观测继续保存
2026-08-31 00:22:28.337 [mytransitgps-continuous-collector] WARN  c.m.persistence.service.JohorRealtimeQcAnnotator - 检测到Static Route未匹配，feedId=rapid-bus-mrtfeeder，snapshotUid=48f32ac6-871e-4f8d-b28d-142fd399fa1a，vehicleId=VG6491，原始观测继续保存
2026-08-31 00:22:28.337 [mytransitgps-continuous-collector] WARN  c.m.persistence.service.JohorRealtimeQcAnnotator - 检测到Static Trip未匹配，feedId=rapid-bus-mrtfeeder，snapshotUid=48f32ac6-871e-4f8d-b28d-142fd399fa1a，vehicleId=VG6491，原始观测继续保存
2026-08-31 00:22:28.337 [mytransitgps-continuous-collector] WARN  c.m.persistence.service.JohorRealtimeQcAnnotator - 检测到Static Route未匹配，feedId=rapid-bus-mrtfeeder，snapshotUid=48f32ac6-871e-4f8d-b28d-142fd399fa1a，vehicleId=VG6493，原始观测继续保存
2026-08-31 00:22:28.337 [mytransitgps-continuous-collector] WARN  c.m.persistence.service.JohorRealtimeQcAnnotator - 检测到Static Trip未匹配，feedId=rapid-bus-mrtfeeder，snapshotUid=48f32ac6-871e-4f8d-b28d-142fd399fa1a，vehicleId=VG6493，原始观测继续保存
2026-08-31 00:22:28.337 [mytransitgps-continuous-collector] WARN  c.m.persistence.service.JohorRealtimeQcAnnotator - 检测到Static Route未匹配，feedId=rapid-bus-mrtfeeder，snapshotUid=48f32ac6-871e-4f8d-b28d-142fd399fa1a，vehicleId=VG6514，原始观测继续保存
2026-08-31 00:22:28.337 [mytransitgps-continuous-collector] WARN  c.m.persistence.service.JohorRealtimeQcAnnotator - 检测到Static Trip未匹配，feedId=rapid-bus-mrtfeeder，snapshotUid=48f32ac6-871e-4f8d-b28d-142fd399fa1a，vehicleId=VG6514，原始观测继续保存
2026-08-31 00:22:28.337 [mytransitgps-continuous-collector] WARN  c.m.persistence.service.JohorRealtimeQcAnnotator - 检测到Static Route未匹配，feedId=rapid-bus-mrtfeeder，snapshotUid=48f32ac6-871e-4f8d-b28d-142fd399fa1a，vehicleId=VG8673，原始观测继续保存
2026-08-31 00:22:28.337 [mytransitgps-continuous-collector] WARN  c.m.persistence.service.JohorRealtimeQcAnnotator - 检测到Static Trip未匹配，feedId=rapid-bus-mrtfeeder，snapshotUid=48f32ac6-871e-4f8d-b28d-142fd399fa1a，vehicleId=VG8673，原始观测继续保存
2026-08-31 00:22:28.337 [mytransitgps-continuous-collector] WARN  c.m.persistence.service.JohorRealtimeQcAnnotator - 检测到Static Route未匹配，feedId=rapid-bus-mrtfeeder，snapshotUid=48f32ac6-871e-4f8d-b28d-142fd399fa1a，vehicleId=VG8703，原始观测继续保存
2026-08-31 00:22:28.337 [mytransitgps-continuous-collector] WARN  c.m.persistence.service.JohorRealtimeQcAnnotator - 检测到Static Trip未匹配，feedId=rapid-bus-mrtfeeder，snapshotUid=48f32ac6-871e-4f8d-b28d-142fd399fa1a，vehicleId=VG8703，原始观测继续保存
2026-08-31 00:22:28.337 [mytransitgps-continuous-collector] WARN  c.m.persistence.service.JohorRealtimeQcAnnotator - 检测到Static Route未匹配，feedId=rapid-bus-mrtfeeder，snapshotUid=48f32ac6-871e-4f8d-b28d-142fd399fa1a，vehicleId=VG8769，原始观测继续保存
2026-08-31 00:22:28.337 [mytransitgps-continuous-collector] WARN  c.m.persistence.service.JohorRealtimeQcAnnotator - 检测到Static Trip未匹配，feedId=rapid-bus-mrtfeeder，snapshotUid=48f32ac6-871e-4f8d-b28d-142fd399fa1a，vehicleId=VG8769，原始观测继续保存
2026-08-31 00:22:28.337 [mytransitgps-continuous-collector] WARN  c.m.persistence.service.JohorRealtimeQcAnnotator - 检测到Static Route未匹配，feedId=rapid-bus-mrtfeeder，snapshotUid=48f32ac6-871e-4f8d-b28d-142fd399fa1a，vehicleId=VH1568，原始观测继续保存
2026-08-31 00:22:28.337 [mytransitgps-continuous-collector] WARN  c.m.persistence.service.JohorRealtimeQcAnnotator - 检测到Static Trip未匹配，feedId=rapid-bus-mrtfeeder，snapshotUid=48f32ac6-871e-4f8d-b28d-142fd399fa1a，vehicleId=VH1568，原始观测继续保存
2026-08-31 00:22:28.337 [mytransitgps-continuous-collector] WARN  c.m.persistence.service.JohorRealtimeQcAnnotator - 检测到Static Route未匹配，feedId=rapid-bus-mrtfeeder，snapshotUid=48f32ac6-871e-4f8d-b28d-142fd399fa1a，vehicleId=VH2059，原始观测继续保存
2026-08-31 00:22:28.337 [mytransitgps-continuous-collector] WARN  c.m.persistence.service.JohorRealtimeQcAnnotator - 检测到Static Trip未匹配，feedId=rapid-bus-mrtfeeder，snapshotUid=48f32ac6-871e-4f8d-b28d-142fd399fa1a，vehicleId=VH2059，原始观测继续保存
2026-08-31 00:22:28.337 [mytransitgps-continuous-collector] WARN  c.m.persistence.service.JohorRealtimeQcAnnotator - 检测到Static Route未匹配，feedId=rapid-bus-mrtfeeder，snapshotUid=48f32ac6-871e-4f8d-b28d-142fd399fa1a，vehicleId=VH2490，原始观测继续保存
2026-08-31 00:22:28.337 [mytransitgps-continuous-collector] WARN  c.m.persistence.service.JohorRealtimeQcAnnotator - 检测到Static Trip未匹配，feedId=rapid-bus-mrtfeeder，snapshotUid=48f32ac6-871e-4f8d-b28d-142fd399fa1a，vehicleId=VH2490，原始观测继续保存
2026-08-31 00:22:28.337 [mytransitgps-continuous-collector] WARN  c.m.persistence.service.JohorRealtimeQcAnnotator - 检测到Static Route未匹配，feedId=rapid-bus-mrtfeeder，snapshotUid=48f32ac6-871e-4f8d-b28d-142fd399fa1a，vehicleId=VH2491，原始观测继续保存
2026-08-31 00:22:28.337 [mytransitgps-continuous-collector] WARN  c.m.persistence.service.JohorRealtimeQcAnnotator - 检测到Static Trip未匹配，feedId=rapid-bus-mrtfeeder，snapshotUid=48f32ac6-871e-4f8d-b28d-142fd399fa1a，vehicleId=VH2491，原始观测继续保存
2026-08-31 00:22:28.337 [mytransitgps-continuous-collector] WARN  c.m.persistence.service.JohorRealtimeQcAnnotator - 检测到Static Route未匹配，feedId=rapid-bus-mrtfeeder，snapshotUid=48f32ac6-871e-4f8d-b28d-142fd399fa1a，vehicleId=VH2549，原始观测继续保存
2026-08-31 00:22:28.337 [mytransitgps-continuous-collector] WARN  c.m.persistence.service.JohorRealtimeQcAnnotator - 检测到Static Trip未匹配，feedId=rapid-bus-mrtfeeder，snapshotUid=48f32ac6-871e-4f8d-b28d-142fd399fa1a，vehicleId=VH2549，原始观测继续保存
2026-08-31 00:22:28.337 [mytransitgps-continuous-collector] WARN  c.m.persistence.service.JohorRealtimeQcAnnotator - 检测到Static Route未匹配，feedId=rapid-bus-mrtfeeder，snapshotUid=48f32ac6-871e-4f8d-b28d-142fd399fa1a，vehicleId=VH3593，原始观测继续保存
2026-08-31 00:22:28.337 [mytransitgps-continuous-collector] WARN  c.m.persistence.service.JohorRealtimeQcAnnotator - 检测到Static Trip未匹配，feedId=rapid-bus-mrtfeeder，snapshotUid=48f32ac6-871e-4f8d-b28d-142fd399fa1a，vehicleId=VH3593，原始观测继续保存
2026-08-31 00:22:28.337 [mytransitgps-continuous-collector] WARN  c.m.persistence.service.JohorRealtimeQcAnnotator - 检测到Static Route未匹配，feedId=rapid-bus-mrtfeeder，snapshotUid=48f32ac6-871e-4f8d-b28d-142fd399fa1a，vehicleId=VH4037，原始观测继续保存
2026-08-31 00:22:28.337 [mytransitgps-continuous-collector] WARN  c.m.persistence.service.JohorRealtimeQcAnnotator - 检测到Static Trip未匹配，feedId=rapid-bus-mrtfeeder，snapshotUid=48f32ac6-871e-4f8d-b28d-142fd399fa1a，vehicleId=VH4037，原始观测继续保存
2026-08-31 00:22:28.337 [mytransitgps-continuous-collector] WARN  c.m.persistence.service.JohorRealtimeQcAnnotator - 检测到Static Route未匹配，feedId=rapid-bus-mrtfeeder，snapshotUid=48f32ac6-871e-4f8d-b28d-142fd399fa1a，vehicleId=VH4053，原始观测继续保存
2026-08-31 00:22:28.337 [mytransitgps-continuous-collector] WARN  c.m.persistence.service.JohorRealtimeQcAnnotator - 检测到Static Trip未匹配，feedId=rapid-bus-mrtfeeder，snapshotUid=48f32ac6-871e-4f8d-b28d-142fd399fa1a，vehicleId=VH4053，原始观测继续保存
2026-08-31 00:22:28.337 [mytransitgps-continuous-collector] WARN  c.m.persistence.service.JohorRealtimeQcAnnotator - 检测到Static Route未匹配，feedId=rapid-bus-mrtfeeder，snapshotUid=48f32ac6-871e-4f8d-b28d-142fd399fa1a，vehicleId=VH4189，原始观测继续保存
2026-08-31 00:22:28.337 [mytransitgps-continuous-collector] WARN  c.m.persistence.service.JohorRealtimeQcAnnotator - 检测到Static Trip未匹配，feedId=rapid-bus-mrtfeeder，snapshotUid=48f32ac6-871e-4f8d-b28d-142fd399fa1a，vehicleId=VH4189，原始观测继续保存
2026-08-31 00:22:28.337 [mytransitgps-continuous-collector] WARN  c.m.persistence.service.JohorRealtimeQcAnnotator - 检测到Static Route未匹配，feedId=rapid-bus-mrtfeeder，snapshotUid=48f32ac6-871e-4f8d-b28d-142fd399fa1a，vehicleId=VH4268，原始观测继续保存
2026-08-31 00:22:28.337 [mytransitgps-continuous-collector] WARN  c.m.persistence.service.JohorRealtimeQcAnnotator - 检测到Static Trip未匹配，feedId=rapid-bus-mrtfeeder，snapshotUid=48f32ac6-871e-4f8d-b28d-142fd399fa1a，vehicleId=VH4268，原始观测继续保存
2026-08-31 00:22:28.338 [mytransitgps-continuous-collector] WARN  c.m.persistence.service.JohorRealtimeQcAnnotator - 检测到Static Route未匹配，feedId=rapid-bus-mrtfeeder，snapshotUid=48f32ac6-871e-4f8d-b28d-142fd399fa1a，vehicleId=VH4924，原始观测继续保存
2026-08-31 00:22:28.338 [mytransitgps-continuous-collector] WARN  c.m.persistence.service.JohorRealtimeQcAnnotator - 检测到Static Trip未匹配，feedId=rapid-bus-mrtfeeder，snapshotUid=48f32ac6-871e-4f8d-b28d-142fd399fa1a，vehicleId=VH4924，原始观测继续保存
2026-08-31 00:22:28.338 [mytransitgps-continuous-collector] WARN  c.m.persistence.service.JohorRealtimeQcAnnotator - 检测到Static Route未匹配，feedId=rapid-bus-mrtfeeder，snapshotUid=48f32ac6-871e-4f8d-b28d-142fd399fa1a，vehicleId=VH4985，原始观测继续保存
2026-08-31 00:22:28.338 [mytransitgps-continuous-collector] WARN  c.m.persistence.service.JohorRealtimeQcAnnotator - 检测到Static Trip未匹配，feedId=rapid-bus-mrtfeeder，snapshotUid=48f32ac6-871e-4f8d-b28d-142fd399fa1a，vehicleId=VH4985，原始观测继续保存
2026-08-31 00:22:28.338 [mytransitgps-continuous-collector] WARN  c.m.persistence.service.JohorRealtimeQcAnnotator - 检测到Static Route未匹配，feedId=rapid-bus-mrtfeeder，snapshotUid=48f32ac6-871e-4f8d-b28d-142fd399fa1a，vehicleId=VK2913，原始观测继续保存
2026-08-31 00:22:28.338 [mytransitgps-continuous-collector] WARN  c.m.persistence.service.JohorRealtimeQcAnnotator - 检测到Static Trip未匹配，feedId=rapid-bus-mrtfeeder，snapshotUid=48f32ac6-871e-4f8d-b28d-142fd399fa1a，vehicleId=VK2913，原始观测继续保存
2026-08-31 00:22:28.338 [mytransitgps-continuous-collector] WARN  c.m.persistence.service.JohorRealtimeQcAnnotator - 检测到Static Route未匹配，feedId=rapid-bus-mrtfeeder，snapshotUid=48f32ac6-871e-4f8d-b28d-142fd399fa1a，vehicleId=VK6475，原始观测继续保存
2026-08-31 00:22:28.338 [mytransitgps-continuous-collector] WARN  c.m.persistence.service.JohorRealtimeQcAnnotator - 检测到Static Trip未匹配，feedId=rapid-bus-mrtfeeder，snapshotUid=48f32ac6-871e-4f8d-b28d-142fd399fa1a，vehicleId=VK6475，原始观测继续保存
2026-08-31 00:22:28.338 [mytransitgps-continuous-collector] WARN  c.m.persistence.service.JohorRealtimeQcAnnotator - 检测到Static Route未匹配，feedId=rapid-bus-mrtfeeder，snapshotUid=48f32ac6-871e-4f8d-b28d-142fd399fa1a，vehicleId=VM1879，原始观测继续保存
2026-08-31 00:22:28.338 [mytransitgps-continuous-collector] WARN  c.m.persistence.service.JohorRealtimeQcAnnotator - 检测到Static Trip未匹配，feedId=rapid-bus-mrtfeeder，snapshotUid=48f32ac6-871e-4f8d-b28d-142fd399fa1a，vehicleId=VM1879，原始观测继续保存
2026-08-31 00:22:28.338 [mytransitgps-continuous-collector] WARN  c.m.persistence.service.JohorRealtimeQcAnnotator - 检测到Static Route未匹配，feedId=rapid-bus-mrtfeeder，snapshotUid=48f32ac6-871e-4f8d-b28d-142fd399fa1a，vehicleId=VX2856，原始观测继续保存
2026-08-31 00:22:28.338 [mytransitgps-continuous-collector] WARN  c.m.persistence.service.JohorRealtimeQcAnnotator - 检测到Static Trip未匹配，feedId=rapid-bus-mrtfeeder，snapshotUid=48f32ac6-871e-4f8d-b28d-142fd399fa1a，vehicleId=VX2856，原始观测继续保存
2026-08-31 00:22:28.338 [mytransitgps-continuous-collector] WARN  c.m.persistence.service.JohorRealtimeQcAnnotator - 检测到Static Route未匹配，feedId=rapid-bus-mrtfeeder，snapshotUid=48f32ac6-871e-4f8d-b28d-142fd399fa1a，vehicleId=VX2890，原始观测继续保存
2026-08-31 00:22:28.338 [mytransitgps-continuous-collector] WARN  c.m.persistence.service.JohorRealtimeQcAnnotator - 检测到Static Trip未匹配，feedId=rapid-bus-mrtfeeder，snapshotUid=48f32ac6-871e-4f8d-b28d-142fd399fa1a，vehicleId=VX2890，原始观测继续保存
2026-08-31 00:23:40.308 [mytransitgps-continuous-collector] WARN  c.m.gtfs.service.RealtimeStaticEnrichmentService - Realtime Static补全存在未匹配项，城市=Kuching，feedId=mybas-kuching，routeUnresolved=1，tripUnmatched=1，原始Realtime实体继续保留
2026-08-31 00:23:40.308 [mytransitgps-continuous-collector] WARN  c.m.persistence.service.JohorRealtimeQcAnnotator - 检测到Static Route未匹配，feedId=mybas-kuching，snapshotUid=1777b17c-a9d0-4543-ada1-968bf3186d1d，vehicleId=MADANI2160，原始观测继续保存
2026-08-31 00:23:40.308 [mytransitgps-continuous-collector] WARN  c.m.persistence.service.JohorRealtimeQcAnnotator - 检测到Static Trip未匹配，feedId=mybas-kuching，snapshotUid=1777b17c-a9d0-4543-ada1-968bf3186d1d，vehicleId=MADANI2160，原始观测继续保存
2026-08-31 00:24:04.377 [mytransitgps-continuous-collector] WARN  c.m.gtfs.service.RealtimeStaticEnrichmentService - Realtime Static补全存在未匹配项，城市=Kuala Lumpur，feedId=rapid-bus-kl，routeUnresolved=0，tripUnmatched=1，原始Realtime实体继续保留
2026-08-31 00:24:04.377 [mytransitgps-continuous-collector] WARN  c.m.persistence.service.JohorRealtimeQcAnnotator - 检测到Static Trip未匹配，feedId=rapid-bus-kl，snapshotUid=1ffad13f-71d2-4d6b-a982-124d3db04c2b，vehicleId=CDH8332，原始观测继续保存
2026-08-31 00:24:28.332 [mytransitgps-continuous-collector] WARN  c.m.gtfs.service.RealtimeStaticEnrichmentService - Realtime Static补全存在未匹配项，城市=Kuala Lumpur，feedId=rapid-bus-mrtfeeder，routeUnresolved=41，tripUnmatched=41，原始Realtime实体继续保留
2026-08-31 00:24:28.332 [mytransitgps-continuous-collector] WARN  c.m.persistence.service.JohorRealtimeQcAnnotator - 检测到Static Route未匹配，feedId=rapid-bus-mrtfeeder，snapshotUid=26716661-a5fe-4016-94d8-e2e36f9e4eb0，vehicleId=VAC5764，原始观测继续保存
2026-08-31 00:24:28.332 [mytransitgps-continuous-collector] WARN  c.m.persistence.service.JohorRealtimeQcAnnotator - 检测到Static Trip未匹配，feedId=rapid-bus-mrtfeeder，snapshotUid=26716661-a5fe-4016-94d8-e2e36f9e4eb0，vehicleId=VAC5764，原始观测继续保存
2026-08-31 00:24:28.332 [mytransitgps-continuous-collector] WARN  c.m.persistence.service.JohorRealtimeQcAnnotator - 检测到Static Route未匹配，feedId=rapid-bus-mrtfeeder，snapshotUid=26716661-a5fe-4016-94d8-e2e36f9e4eb0，vehicleId=VAC9627，原始观测继续保存
2026-08-31 00:24:28.332 [mytransitgps-continuous-collector] WARN  c.m.persistence.service.JohorRealtimeQcAnnotator - 检测到Static Trip未匹配，feedId=rapid-bus-mrtfeeder，snapshotUid=26716661-a5fe-4016-94d8-e2e36f9e4eb0，vehicleId=VAC9627，原始观测继续保存
2026-08-31 00:24:28.332 [mytransitgps-continuous-collector] WARN  c.m.persistence.service.JohorRealtimeQcAnnotator - 检测到Static Route未匹配，feedId=rapid-bus-mrtfeeder，snapshotUid=26716661-a5fe-4016-94d8-e2e36f9e4eb0，vehicleId=VAE7196，原始观测继续保存
2026-08-31 00:24:28.332 [mytransitgps-continuous-collector] WARN  c.m.persistence.service.JohorRealtimeQcAnnotator - 检测到Static Trip未匹配，feedId=rapid-bus-mrtfeeder，snapshotUid=26716661-a5fe-4016-94d8-e2e36f9e4eb0，vehicleId=VAE7196，原始观测继续保存
2026-08-31 00:24:28.332 [mytransitgps-continuous-collector] WARN  c.m.persistence.service.JohorRealtimeQcAnnotator - 检测到Static Route未匹配，feedId=rapid-bus-mrtfeeder，snapshotUid=26716661-a5fe-4016-94d8-e2e36f9e4eb0，vehicleId=VAF5480，原始观测继续保存
2026-08-31 00:24:28.332 [mytransitgps-continuous-collector] WARN  c.m.persistence.service.JohorRealtimeQcAnnotator - 检测到Static Trip未匹配，feedId=rapid-bus-mrtfeeder，snapshotUid=26716661-a5fe-4016-94d8-e2e36f9e4eb0，vehicleId=VAF5480，原始观测继续保存
2026-08-31 00:24:28.332 [mytransitgps-continuous-collector] WARN  c.m.persistence.service.JohorRealtimeQcAnnotator - 检测到Static Route未匹配，feedId=rapid-bus-mrtfeeder，snapshotUid=26716661-a5fe-4016-94d8-e2e36f9e4eb0，vehicleId=VAF5766，原始观测继续保存
2026-08-31 00:24:28.333 [mytransitgps-continuous-collector] WARN  c.m.persistence.service.JohorRealtimeQcAnnotator - 检测到Static Trip未匹配，feedId=rapid-bus-mrtfeeder，snapshotUid=26716661-a5fe-4016-94d8-e2e36f9e4eb0，vehicleId=VAF5766，原始观测继续保存
2026-08-31 00:24:28.333 [mytransitgps-continuous-collector] WARN  c.m.persistence.service.JohorRealtimeQcAnnotator - 检测到Static Route未匹配，feedId=rapid-bus-mrtfeeder，snapshotUid=26716661-a5fe-4016-94d8-e2e36f9e4eb0，vehicleId=VAF5780，原始观测继续保存
2026-08-31 00:24:28.333 [mytransitgps-continuous-collector] WARN  c.m.persistence.service.JohorRealtimeQcAnnotator - 检测到Static Trip未匹配，feedId=rapid-bus-mrtfeeder，snapshotUid=26716661-a5fe-4016-94d8-e2e36f9e4eb0，vehicleId=VAF5780，原始观测继续保存
2026-08-31 00:24:28.333 [mytransitgps-continuous-collector] WARN  c.m.persistence.service.JohorRealtimeQcAnnotator - 检测到Static Route未匹配，feedId=rapid-bus-mrtfeeder，snapshotUid=26716661-a5fe-4016-94d8-e2e36f9e4eb0，vehicleId=VAF6417，原始观测继续保存
2026-08-31 00:24:28.333 [mytransitgps-continuous-collector] WARN  c.m.persistence.service.JohorRealtimeQcAnnotator - 检测到Static Trip未匹配，feedId=rapid-bus-mrtfeeder，snapshotUid=26716661-a5fe-4016-94d8-e2e36f9e4eb0，vehicleId=VAF6417，原始观测继续保存
2026-08-31 00:24:28.333 [mytransitgps-continuous-collector] WARN  c.m.persistence.service.JohorRealtimeQcAnnotator - 检测到Static Route未匹配，feedId=rapid-bus-mrtfeeder，snapshotUid=26716661-a5fe-4016-94d8-e2e36f9e4eb0，vehicleId=VAF7159，原始观测继续保存
2026-08-31 00:24:28.333 [mytransitgps-continuous-collector] WARN  c.m.persistence.service.JohorRealtimeQcAnnotator - 检测到Static Trip未匹配，feedId=rapid-bus-mrtfeeder，snapshotUid=26716661-a5fe-4016-94d8-e2e36f9e4eb0，vehicleId=VAF7159，原始观测继续保存
2026-08-31 00:24:28.333 [mytransitgps-continuous-collector] WARN  c.m.persistence.service.JohorRealtimeQcAnnotator - 检测到Static Route未匹配，feedId=rapid-bus-mrtfeeder，snapshotUid=26716661-a5fe-4016-94d8-e2e36f9e4eb0，vehicleId=VAG4711，原始观测继续保存
2026-08-31 00:24:28.333 [mytransitgps-continuous-collector] WARN  c.m.persistence.service.JohorRealtimeQcAnnotator - 检测到Static Trip未匹配，feedId=rapid-bus-mrtfeeder，snapshotUid=26716661-a5fe-4016-94d8-e2e36f9e4eb0，vehicleId=VAG4711，原始观测继续保存
2026-08-31 00:24:28.333 [mytransitgps-continuous-collector] WARN  c.m.persistence.service.JohorRealtimeQcAnnotator - 检测到Static Route未匹配，feedId=rapid-bus-mrtfeeder，snapshotUid=26716661-a5fe-4016-94d8-e2e36f9e4eb0，vehicleId=VAG4880，原始观测继续保存
2026-08-31 00:24:28.333 [mytransitgps-continuous-collector] WARN  c.m.persistence.service.JohorRealtimeQcAnnotator - 检测到Static Trip未匹配，feedId=rapid-bus-mrtfeeder，snapshotUid=26716661-a5fe-4016-94d8-e2e36f9e4eb0，vehicleId=VAG4880，原始观测继续保存
2026-08-31 00:24:28.333 [mytransitgps-continuous-collector] WARN  c.m.persistence.service.JohorRealtimeQcAnnotator - 检测到Static Route未匹配，feedId=rapid-bus-mrtfeeder，snapshotUid=26716661-a5fe-4016-94d8-e2e36f9e4eb0，vehicleId=VAG8049，原始观测继续保存
2026-08-31 00:24:28.333 [mytransitgps-continuous-collector] WARN  c.m.persistence.service.JohorRealtimeQcAnnotator - 检测到Static Trip未匹配，feedId=rapid-bus-mrtfeeder，snapshotUid=26716661-a5fe-4016-94d8-e2e36f9e4eb0，vehicleId=VAG8049，原始观测继续保存
2026-08-31 00:24:28.333 [mytransitgps-continuous-collector] WARN  c.m.persistence.service.JohorRealtimeQcAnnotator - 检测到Static Route未匹配，feedId=rapid-bus-mrtfeeder，snapshotUid=26716661-a5fe-4016-94d8-e2e36f9e4eb0，vehicleId=VAG8054，原始观测继续保存
2026-08-31 00:24:28.333 [mytransitgps-continuous-collector] WARN  c.m.persistence.service.JohorRealtimeQcAnnotator - 检测到Static Trip未匹配，feedId=rapid-bus-mrtfeeder，snapshotUid=26716661-a5fe-4016-94d8-e2e36f9e4eb0，vehicleId=VAG8054，原始观测继续保存
2026-08-31 00:24:28.333 [mytransitgps-continuous-collector] WARN  c.m.persistence.service.JohorRealtimeQcAnnotator - 检测到Static Route未匹配，feedId=rapid-bus-mrtfeeder，snapshotUid=26716661-a5fe-4016-94d8-e2e36f9e4eb0，vehicleId=VAG8541，原始观测继续保存
2026-08-31 00:24:28.333 [mytransitgps-continuous-collector] WARN  c.m.persistence.service.JohorRealtimeQcAnnotator - 检测到Static Trip未匹配，feedId=rapid-bus-mrtfeeder，snapshotUid=26716661-a5fe-4016-94d8-e2e36f9e4eb0，vehicleId=VAG8541，原始观测继续保存
2026-08-31 00:24:28.333 [mytransitgps-continuous-collector] WARN  c.m.persistence.service.JohorRealtimeQcAnnotator - 检测到Static Route未匹配，feedId=rapid-bus-mrtfeeder，snapshotUid=26716661-a5fe-4016-94d8-e2e36f9e4eb0，vehicleId=VAH9043，原始观测继续保存
2026-08-31 00:24:28.333 [mytransitgps-continuous-collector] WARN  c.m.persistence.service.JohorRealtimeQcAnnotator - 检测到Static Trip未匹配，feedId=rapid-bus-mrtfeeder，snapshotUid=26716661-a5fe-4016-94d8-e2e36f9e4eb0，vehicleId=VAH9043，原始观测继续保存
2026-08-31 00:24:28.333 [mytransitgps-continuous-collector] WARN  c.m.persistence.service.JohorRealtimeQcAnnotator - 检测到Static Route未匹配，feedId=rapid-bus-mrtfeeder，snapshotUid=26716661-a5fe-4016-94d8-e2e36f9e4eb0，vehicleId=VAH9045，原始观测继续保存
2026-08-31 00:24:28.333 [mytransitgps-continuous-collector] WARN  c.m.persistence.service.JohorRealtimeQcAnnotator - 检测到Static Trip未匹配，feedId=rapid-bus-mrtfeeder，snapshotUid=26716661-a5fe-4016-94d8-e2e36f9e4eb0，vehicleId=VAH9045，原始观测继续保存
2026-08-31 00:24:28.333 [mytransitgps-continuous-collector] WARN  c.m.persistence.service.JohorRealtimeQcAnnotator - 检测到Static Route未匹配，feedId=rapid-bus-mrtfeeder，snapshotUid=26716661-a5fe-4016-94d8-e2e36f9e4eb0，vehicleId=VAJ1481，原始观测继续保存
2026-08-31 00:24:28.333 [mytransitgps-continuous-collector] WARN  c.m.persistence.service.JohorRealtimeQcAnnotator - 检测到Static Trip未匹配，feedId=rapid-bus-mrtfeeder，snapshotUid=26716661-a5fe-4016-94d8-e2e36f9e4eb0，vehicleId=VAJ1481，原始观测继续保存
2026-08-31 00:24:28.333 [mytransitgps-continuous-collector] WARN  c.m.persistence.service.JohorRealtimeQcAnnotator - 检测到Static Route未匹配，feedId=rapid-bus-mrtfeeder，snapshotUid=26716661-a5fe-4016-94d8-e2e36f9e4eb0，vehicleId=VAJ1514，原始观测继续保存
2026-08-31 00:24:28.333 [mytransitgps-continuous-collector] WARN  c.m.persistence.service.JohorRealtimeQcAnnotator - 检测到Static Trip未匹配，feedId=rapid-bus-mrtfeeder，snapshotUid=26716661-a5fe-4016-94d8-e2e36f9e4eb0，vehicleId=VAJ1514，原始观测继续保存
2026-08-31 00:24:28.333 [mytransitgps-continuous-collector] WARN  c.m.persistence.service.JohorRealtimeQcAnnotator - 检测到Static Route未匹配，feedId=rapid-bus-mrtfeeder，snapshotUid=26716661-a5fe-4016-94d8-e2e36f9e4eb0，vehicleId=VAK1014，原始观测继续保存
2026-08-31 00:24:28.333 [mytransitgps-continuous-collector] WARN  c.m.persistence.service.JohorRealtimeQcAnnotator - 检测到Static Trip未匹配，feedId=rapid-bus-mrtfeeder，snapshotUid=26716661-a5fe-4016-94d8-e2e36f9e4eb0，vehicleId=VAK1014，原始观测继续保存
2026-08-31 00:24:28.333 [mytransitgps-continuous-collector] WARN  c.m.persistence.service.JohorRealtimeQcAnnotator - 检测到Static Route未匹配，feedId=rapid-bus-mrtfeeder，snapshotUid=26716661-a5fe-4016-94d8-e2e36f9e4eb0，vehicleId=VAL4552，原始观测继续保存
2026-08-31 00:24:28.333 [mytransitgps-continuous-collector] WARN  c.m.persistence.service.JohorRealtimeQcAnnotator - 检测到Static Trip未匹配，feedId=rapid-bus-mrtfeeder，snapshotUid=26716661-a5fe-4016-94d8-e2e36f9e4eb0，vehicleId=VAL4552，原始观测继续保存
2026-08-31 00:24:28.333 [mytransitgps-continuous-collector] WARN  c.m.persistence.service.JohorRealtimeQcAnnotator - 检测到Future Timestamp，feedId=rapid-bus-mrtfeeder，snapshotUid=26716661-a5fe-4016-94d8-e2e36f9e4eb0，vehicleId=VAL4552，vehicleTime=1886017556，原始时间戳继续保存
2026-08-31 00:24:28.333 [mytransitgps-continuous-collector] WARN  c.m.persistence.service.JohorRealtimeQcAnnotator - 检测到Static Route未匹配，feedId=rapid-bus-mrtfeeder，snapshotUid=26716661-a5fe-4016-94d8-e2e36f9e4eb0，vehicleId=VG6491，原始观测继续保存
2026-08-31 00:24:28.333 [mytransitgps-continuous-collector] WARN  c.m.persistence.service.JohorRealtimeQcAnnotator - 检测到Static Trip未匹配，feedId=rapid-bus-mrtfeeder，snapshotUid=26716661-a5fe-4016-94d8-e2e36f9e4eb0，vehicleId=VG6491，原始观测继续保存
2026-08-31 00:24:28.333 [mytransitgps-continuous-collector] WARN  c.m.persistence.service.JohorRealtimeQcAnnotator - 检测到Static Route未匹配，feedId=rapid-bus-mrtfeeder，snapshotUid=26716661-a5fe-4016-94d8-e2e36f9e4eb0，vehicleId=VG6493，原始观测继续保存
2026-08-31 00:24:28.333 [mytransitgps-continuous-collector] WARN  c.m.persistence.service.JohorRealtimeQcAnnotator - 检测到Static Trip未匹配，feedId=rapid-bus-mrtfeeder，snapshotUid=26716661-a5fe-4016-94d8-e2e36f9e4eb0，vehicleId=VG6493，原始观测继续保存
2026-08-31 00:24:28.333 [mytransitgps-continuous-collector] WARN  c.m.persistence.service.JohorRealtimeQcAnnotator - 检测到Static Route未匹配，feedId=rapid-bus-mrtfeeder，snapshotUid=26716661-a5fe-4016-94d8-e2e36f9e4eb0，vehicleId=VG6514，原始观测继续保存
2026-08-31 00:24:28.333 [mytransitgps-continuous-collector] WARN  c.m.persistence.service.JohorRealtimeQcAnnotator - 检测到Static Trip未匹配，feedId=rapid-bus-mrtfeeder，snapshotUid=26716661-a5fe-4016-94d8-e2e36f9e4eb0，vehicleId=VG6514，原始观测继续保存
2026-08-31 00:24:28.333 [mytransitgps-continuous-collector] WARN  c.m.persistence.service.JohorRealtimeQcAnnotator - 检测到Static Route未匹配，feedId=rapid-bus-mrtfeeder，snapshotUid=26716661-a5fe-4016-94d8-e2e36f9e4eb0，vehicleId=VG8673，原始观测继续保存
2026-08-31 00:24:28.333 [mytransitgps-continuous-collector] WARN  c.m.persistence.service.JohorRealtimeQcAnnotator - 检测到Static Trip未匹配，feedId=rapid-bus-mrtfeeder，snapshotUid=26716661-a5fe-4016-94d8-e2e36f9e4eb0，vehicleId=VG8673，原始观测继续保存
2026-08-31 00:24:28.333 [mytransitgps-continuous-collector] WARN  c.m.persistence.service.JohorRealtimeQcAnnotator - 检测到Static Route未匹配，feedId=rapid-bus-mrtfeeder，snapshotUid=26716661-a5fe-4016-94d8-e2e36f9e4eb0，vehicleId=VG8703，原始观测继续保存
2026-08-31 00:24:28.333 [mytransitgps-continuous-collector] WARN  c.m.persistence.service.JohorRealtimeQcAnnotator - 检测到Static Trip未匹配，feedId=rapid-bus-mrtfeeder，snapshotUid=26716661-a5fe-4016-94d8-e2e36f9e4eb0，vehicleId=VG8703，原始观测继续保存
2026-08-31 00:24:28.334 [mytransitgps-continuous-collector] WARN  c.m.persistence.service.JohorRealtimeQcAnnotator - 检测到Static Route未匹配，feedId=rapid-bus-mrtfeeder，snapshotUid=26716661-a5fe-4016-94d8-e2e36f9e4eb0，vehicleId=VH1568，原始观测继续保存
2026-08-31 00:24:28.334 [mytransitgps-continuous-collector] WARN  c.m.persistence.service.JohorRealtimeQcAnnotator - 检测到Static Trip未匹配，feedId=rapid-bus-mrtfeeder，snapshotUid=26716661-a5fe-4016-94d8-e2e36f9e4eb0，vehicleId=VH1568，原始观测继续保存
2026-08-31 00:24:28.334 [mytransitgps-continuous-collector] WARN  c.m.persistence.service.JohorRealtimeQcAnnotator - 检测到Static Route未匹配，feedId=rapid-bus-mrtfeeder，snapshotUid=26716661-a5fe-4016-94d8-e2e36f9e4eb0，vehicleId=VH2059，原始观测继续保存
2026-08-31 00:24:28.334 [mytransitgps-continuous-collector] WARN  c.m.persistence.service.JohorRealtimeQcAnnotator - 检测到Static Trip未匹配，feedId=rapid-bus-mrtfeeder，snapshotUid=26716661-a5fe-4016-94d8-e2e36f9e4eb0，vehicleId=VH2059，原始观测继续保存
2026-08-31 00:24:28.334 [mytransitgps-continuous-collector] WARN  c.m.persistence.service.JohorRealtimeQcAnnotator - 检测到Static Route未匹配，feedId=rapid-bus-mrtfeeder，snapshotUid=26716661-a5fe-4016-94d8-e2e36f9e4eb0，vehicleId=VH2490，原始观测继续保存
2026-08-31 00:24:28.334 [mytransitgps-continuous-collector] WARN  c.m.persistence.service.JohorRealtimeQcAnnotator - 检测到Static Trip未匹配，feedId=rapid-bus-mrtfeeder，snapshotUid=26716661-a5fe-4016-94d8-e2e36f9e4eb0，vehicleId=VH2490，原始观测继续保存
2026-08-31 00:24:28.334 [mytransitgps-continuous-collector] WARN  c.m.persistence.service.JohorRealtimeQcAnnotator - 检测到Static Route未匹配，feedId=rapid-bus-mrtfeeder，snapshotUid=26716661-a5fe-4016-94d8-e2e36f9e4eb0，vehicleId=VH2491，原始观测继续保存
2026-08-31 00:24:28.334 [mytransitgps-continuous-collector] WARN  c.m.persistence.service.JohorRealtimeQcAnnotator - 检测到Static Trip未匹配，feedId=rapid-bus-mrtfeeder，snapshotUid=26716661-a5fe-4016-94d8-e2e36f9e4eb0，vehicleId=VH2491，原始观测继续保存
2026-08-31 00:24:28.334 [mytransitgps-continuous-collector] WARN  c.m.persistence.service.JohorRealtimeQcAnnotator - 检测到Static Route未匹配，feedId=rapid-bus-mrtfeeder，snapshotUid=26716661-a5fe-4016-94d8-e2e36f9e4eb0，vehicleId=VH2549，原始观测继续保存
2026-08-31 00:24:28.334 [mytransitgps-continuous-collector] WARN  c.m.persistence.service.JohorRealtimeQcAnnotator - 检测到Static Trip未匹配，feedId=rapid-bus-mrtfeeder，snapshotUid=26716661-a5fe-4016-94d8-e2e36f9e4eb0，vehicleId=VH2549，原始观测继续保存
2026-08-31 00:24:28.334 [mytransitgps-continuous-collector] WARN  c.m.persistence.service.JohorRealtimeQcAnnotator - 检测到Static Route未匹配，feedId=rapid-bus-mrtfeeder，snapshotUid=26716661-a5fe-4016-94d8-e2e36f9e4eb0，vehicleId=VH3593，原始观测继续保存
2026-08-31 00:24:28.334 [mytransitgps-continuous-collector] WARN  c.m.persistence.service.JohorRealtimeQcAnnotator - 检测到Static Trip未匹配，feedId=rapid-bus-mrtfeeder，snapshotUid=26716661-a5fe-4016-94d8-e2e36f9e4eb0，vehicleId=VH3593，原始观测继续保存
2026-08-31 00:24:28.334 [mytransitgps-continuous-collector] WARN  c.m.persistence.service.JohorRealtimeQcAnnotator - 检测到Static Route未匹配，feedId=rapid-bus-mrtfeeder，snapshotUid=26716661-a5fe-4016-94d8-e2e36f9e4eb0，vehicleId=VH4037，原始观测继续保存
2026-08-31 00:24:28.334 [mytransitgps-continuous-collector] WARN  c.m.persistence.service.JohorRealtimeQcAnnotator - 检测到Static Trip未匹配，feedId=rapid-bus-mrtfeeder，snapshotUid=26716661-a5fe-4016-94d8-e2e36f9e4eb0，vehicleId=VH4037，原始观测继续保存
2026-08-31 00:24:28.334 [mytransitgps-continuous-collector] WARN  c.m.persistence.service.JohorRealtimeQcAnnotator - 检测到Static Route未匹配，feedId=rapid-bus-mrtfeeder，snapshotUid=26716661-a5fe-4016-94d8-e2e36f9e4eb0，vehicleId=VH4053，原始观测继续保存
2026-08-31 00:24:28.334 [mytransitgps-continuous-collector] WARN  c.m.persistence.service.JohorRealtimeQcAnnotator - 检测到Static Trip未匹配，feedId=rapid-bus-mrtfeeder，snapshotUid=26716661-a5fe-4016-94d8-e2e36f9e4eb0，vehicleId=VH4053，原始观测继续保存
2026-08-31 00:24:28.334 [mytransitgps-continuous-collector] WARN  c.m.persistence.service.JohorRealtimeQcAnnotator - 检测到Static Route未匹配，feedId=rapid-bus-mrtfeeder，snapshotUid=26716661-a5fe-4016-94d8-e2e36f9e4eb0，vehicleId=VH4189，原始观测继续保存
2026-08-31 00:24:28.334 [mytransitgps-continuous-collector] WARN  c.m.persistence.service.JohorRealtimeQcAnnotator - 检测到Static Trip未匹配，feedId=rapid-bus-mrtfeeder，snapshotUid=26716661-a5fe-4016-94d8-e2e36f9e4eb0，vehicleId=VH4189，原始观测继续保存
2026-08-31 00:24:28.334 [mytransitgps-continuous-collector] WARN  c.m.persistence.service.JohorRealtimeQcAnnotator - 检测到Static Route未匹配，feedId=rapid-bus-mrtfeeder，snapshotUid=26716661-a5fe-4016-94d8-e2e36f9e4eb0，vehicleId=VH4268，原始观测继续保存
2026-08-31 00:24:28.334 [mytransitgps-continuous-collector] WARN  c.m.persistence.service.JohorRealtimeQcAnnotator - 检测到Static Trip未匹配，feedId=rapid-bus-mrtfeeder，snapshotUid=26716661-a5fe-4016-94d8-e2e36f9e4eb0，vehicleId=VH4268，原始观测继续保存
2026-08-31 00:24:28.334 [mytransitgps-continuous-collector] WARN  c.m.persistence.service.JohorRealtimeQcAnnotator - 检测到Static Route未匹配，feedId=rapid-bus-mrtfeeder，snapshotUid=26716661-a5fe-4016-94d8-e2e36f9e4eb0，vehicleId=VH4924，原始观测继续保存
2026-08-31 00:24:28.334 [mytransitgps-continuous-collector] WARN  c.m.persistence.service.JohorRealtimeQcAnnotator - 检测到Static Trip未匹配，feedId=rapid-bus-mrtfeeder，snapshotUid=26716661-a5fe-4016-94d8-e2e36f9e4eb0，vehicleId=VH4924，原始观测继续保存
2026-08-31 00:24:28.334 [mytransitgps-continuous-collector] WARN  c.m.persistence.service.JohorRealtimeQcAnnotator - 检测到Static Route未匹配，feedId=rapid-bus-mrtfeeder，snapshotUid=26716661-a5fe-4016-94d8-e2e36f9e4eb0，vehicleId=VH4985，原始观测继续保存
2026-08-31 00:24:28.334 [mytransitgps-continuous-collector] WARN  c.m.persistence.service.JohorRealtimeQcAnnotator - 检测到Static Trip未匹配，feedId=rapid-bus-mrtfeeder，snapshotUid=26716661-a5fe-4016-94d8-e2e36f9e4eb0，vehicleId=VH4985，原始观测继续保存
2026-08-31 00:24:28.334 [mytransitgps-continuous-collector] WARN  c.m.persistence.service.JohorRealtimeQcAnnotator - 检测到Static Route未匹配，feedId=rapid-bus-mrtfeeder，snapshotUid=26716661-a5fe-4016-94d8-e2e36f9e4eb0，vehicleId=VK2913，原始观测继续保存
2026-08-31 00:24:28.334 [mytransitgps-continuous-collector] WARN  c.m.persistence.service.JohorRealtimeQcAnnotator - 检测到Static Trip未匹配，feedId=rapid-bus-mrtfeeder，snapshotUid=26716661-a5fe-4016-94d8-e2e36f9e4eb0，vehicleId=VK2913，原始观测继续保存
2026-08-31 00:24:28.334 [mytransitgps-continuous-collector] WARN  c.m.persistence.service.JohorRealtimeQcAnnotator - 检测到Static Route未匹配，feedId=rapid-bus-mrtfeeder，snapshotUid=26716661-a5fe-4016-94d8-e2e36f9e4eb0，vehicleId=VK6475，原始观测继续保存
2026-08-31 00:24:28.334 [mytransitgps-continuous-collector] WARN  c.m.persistence.service.JohorRealtimeQcAnnotator - 检测到Static Trip未匹配，feedId=rapid-bus-mrtfeeder，snapshotUid=26716661-a5fe-4016-94d8-e2e36f9e4eb0，vehicleId=VK6475，原始观测继续保存
2026-08-31 00:24:28.334 [mytransitgps-continuous-collector] WARN  c.m.persistence.service.JohorRealtimeQcAnnotator - 检测到Static Route未匹配，feedId=rapid-bus-mrtfeeder，snapshotUid=26716661-a5fe-4016-94d8-e2e36f9e4eb0，vehicleId=VM1879，原始观测继续保存
2026-08-31 00:24:28.334 [mytransitgps-continuous-collector] WARN  c.m.persistence.service.JohorRealtimeQcAnnotator - 检测到Static Trip未匹配，feedId=rapid-bus-mrtfeeder，snapshotUid=26716661-a5fe-4016-94d8-e2e36f9e4eb0，vehicleId=VM1879，原始观测继续保存
2026-08-31 00:24:28.334 [mytransitgps-continuous-collector] WARN  c.m.persistence.service.JohorRealtimeQcAnnotator - 检测到Static Route未匹配，feedId=rapid-bus-mrtfeeder，snapshotUid=26716661-a5fe-4016-94d8-e2e36f9e4eb0，vehicleId=VX2856，原始观测继续保存
2026-08-31 00:24:28.334 [mytransitgps-continuous-collector] WARN  c.m.persistence.service.JohorRealtimeQcAnnotator - 检测到Static Trip未匹配，feedId=rapid-bus-mrtfeeder，snapshotUid=26716661-a5fe-4016-94d8-e2e36f9e4eb0，vehicleId=VX2856，原始观测继续保存
2026-08-31 00:24:28.335 [mytransitgps-continuous-collector] WARN  c.m.persistence.service.JohorRealtimeQcAnnotator - 检测到Static Route未匹配，feedId=rapid-bus-mrtfeeder，snapshotUid=26716661-a5fe-4016-94d8-e2e36f9e4eb0，vehicleId=VX2890，原始观测继续保存
2026-08-31 00:24:28.335 [mytransitgps-continuous-collector] WARN  c.m.persistence.service.JohorRealtimeQcAnnotator - 检测到Static Trip未匹配，feedId=rapid-bus-mrtfeeder，snapshotUid=26716661-a5fe-4016-94d8-e2e36f9e4eb0，vehicleId=VX2890，原始观测继续保存
2026-08-31 00:25:40.315 [mytransitgps-continuous-collector] WARN  c.m.gtfs.service.RealtimeStaticEnrichmentService - Realtime Static补全存在未匹配项，城市=Kuching，feedId=mybas-kuching，routeUnresolved=1，tripUnmatched=1，原始Realtime实体继续保留
2026-08-31 00:25:40.315 [mytransitgps-continuous-collector] WARN  c.m.persistence.service.JohorRealtimeQcAnnotator - 检测到Static Route未匹配，feedId=mybas-kuching，snapshotUid=7644713a-94bb-4edd-9bef-11c87d679a29，vehicleId=MADANI2160，原始观测继续保存
2026-08-31 00:25:40.315 [mytransitgps-continuous-collector] WARN  c.m.persistence.service.JohorRealtimeQcAnnotator - 检测到Static Trip未匹配，feedId=mybas-kuching，snapshotUid=7644713a-94bb-4edd-9bef-11c87d679a29，vehicleId=MADANI2160，原始观测继续保存
2026-08-31 00:26:04.338 [mytransitgps-continuous-collector] WARN  c.m.gtfs.service.RealtimeStaticEnrichmentService - Realtime Static补全存在未匹配项，城市=Kuala Lumpur，feedId=rapid-bus-kl，routeUnresolved=0，tripUnmatched=1，原始Realtime实体继续保留
2026-08-31 00:26:04.338 [mytransitgps-continuous-collector] WARN  c.m.persistence.service.JohorRealtimeQcAnnotator - 检测到Static Trip未匹配，feedId=rapid-bus-kl，snapshotUid=17d77c2a-6e3c-402c-ac90-40ee685b1350，vehicleId=CDH8332，原始观测继续保存
2026-08-31 00:26:28.333 [mytransitgps-continuous-collector] WARN  c.m.gtfs.service.RealtimeStaticEnrichmentService - Realtime Static补全存在未匹配项，城市=Kuala Lumpur，feedId=rapid-bus-mrtfeeder，routeUnresolved=37，tripUnmatched=37，原始Realtime实体继续保留
2026-08-31 00:26:28.333 [mytransitgps-continuous-collector] WARN  c.m.persistence.service.JohorRealtimeQcAnnotator - 检测到Static Route未匹配，feedId=rapid-bus-mrtfeeder，snapshotUid=33faa4b8-fb14-4836-97f2-e2349a03f2f8，vehicleId=VAC5764，原始观测继续保存
2026-08-31 00:26:28.333 [mytransitgps-continuous-collector] WARN  c.m.persistence.service.JohorRealtimeQcAnnotator - 检测到Static Trip未匹配，feedId=rapid-bus-mrtfeeder，snapshotUid=33faa4b8-fb14-4836-97f2-e2349a03f2f8，vehicleId=VAC5764，原始观测继续保存
2026-08-31 00:26:28.333 [mytransitgps-continuous-collector] WARN  c.m.persistence.service.JohorRealtimeQcAnnotator - 检测到Static Route未匹配，feedId=rapid-bus-mrtfeeder，snapshotUid=33faa4b8-fb14-4836-97f2-e2349a03f2f8，vehicleId=VAE7196，原始观测继续保存
2026-08-31 00:26:28.333 [mytransitgps-continuous-collector] WARN  c.m.persistence.service.JohorRealtimeQcAnnotator - 检测到Static Trip未匹配，feedId=rapid-bus-mrtfeeder，snapshotUid=33faa4b8-fb14-4836-97f2-e2349a03f2f8，vehicleId=VAE7196，原始观测继续保存
2026-08-31 00:26:28.333 [mytransitgps-continuous-collector] WARN  c.m.persistence.service.JohorRealtimeQcAnnotator - 检测到Static Route未匹配，feedId=rapid-bus-mrtfeeder，snapshotUid=33faa4b8-fb14-4836-97f2-e2349a03f2f8，vehicleId=VAF5480，原始观测继续保存
2026-08-31 00:26:28.333 [mytransitgps-continuous-collector] WARN  c.m.persistence.service.JohorRealtimeQcAnnotator - 检测到Static Trip未匹配，feedId=rapid-bus-mrtfeeder，snapshotUid=33faa4b8-fb14-4836-97f2-e2349a03f2f8，vehicleId=VAF5480，原始观测继续保存
2026-08-31 00:26:28.333 [mytransitgps-continuous-collector] WARN  c.m.persistence.service.JohorRealtimeQcAnnotator - 检测到Static Route未匹配，feedId=rapid-bus-mrtfeeder，snapshotUid=33faa4b8-fb14-4836-97f2-e2349a03f2f8，vehicleId=VAF5766，原始观测继续保存
2026-08-31 00:26:28.333 [mytransitgps-continuous-collector] WARN  c.m.persistence.service.JohorRealtimeQcAnnotator - 检测到Static Trip未匹配，feedId=rapid-bus-mrtfeeder，snapshotUid=33faa4b8-fb14-4836-97f2-e2349a03f2f8，vehicleId=VAF5766，原始观测继续保存
2026-08-31 00:26:28.333 [mytransitgps-continuous-collector] WARN  c.m.persistence.service.JohorRealtimeQcAnnotator - 检测到Static Route未匹配，feedId=rapid-bus-mrtfeeder，snapshotUid=33faa4b8-fb14-4836-97f2-e2349a03f2f8，vehicleId=VAF5780，原始观测继续保存
2026-08-31 00:26:28.333 [mytransitgps-continuous-collector] WARN  c.m.persistence.service.JohorRealtimeQcAnnotator - 检测到Static Trip未匹配，feedId=rapid-bus-mrtfeeder，snapshotUid=33faa4b8-fb14-4836-97f2-e2349a03f2f8，vehicleId=VAF5780，原始观测继续保存
2026-08-31 00:26:28.333 [mytransitgps-continuous-collector] WARN  c.m.persistence.service.JohorRealtimeQcAnnotator - 检测到Static Route未匹配，feedId=rapid-bus-mrtfeeder，snapshotUid=33faa4b8-fb14-4836-97f2-e2349a03f2f8，vehicleId=VAF6417，原始观测继续保存
2026-08-31 00:26:28.333 [mytransitgps-continuous-collector] WARN  c.m.persistence.service.JohorRealtimeQcAnnotator - 检测到Static Trip未匹配，feedId=rapid-bus-mrtfeeder，snapshotUid=33faa4b8-fb14-4836-97f2-e2349a03f2f8，vehicleId=VAF6417，原始观测继续保存
2026-08-31 00:26:28.333 [mytransitgps-continuous-collector] WARN  c.m.persistence.service.JohorRealtimeQcAnnotator - 检测到Static Route未匹配，feedId=rapid-bus-mrtfeeder，snapshotUid=33faa4b8-fb14-4836-97f2-e2349a03f2f8，vehicleId=VAF7159，原始观测继续保存
2026-08-31 00:26:28.333 [mytransitgps-continuous-collector] WARN  c.m.persistence.service.JohorRealtimeQcAnnotator - 检测到Static Trip未匹配，feedId=rapid-bus-mrtfeeder，snapshotUid=33faa4b8-fb14-4836-97f2-e2349a03f2f8，vehicleId=VAF7159，原始观测继续保存
2026-08-31 00:26:28.333 [mytransitgps-continuous-collector] WARN  c.m.persistence.service.JohorRealtimeQcAnnotator - 检测到Static Route未匹配，feedId=rapid-bus-mrtfeeder，snapshotUid=33faa4b8-fb14-4836-97f2-e2349a03f2f8，vehicleId=VAG4711，原始观测继续保存
2026-08-31 00:26:28.333 [mytransitgps-continuous-collector] WARN  c.m.persistence.service.JohorRealtimeQcAnnotator - 检测到Static Trip未匹配，feedId=rapid-bus-mrtfeeder，snapshotUid=33faa4b8-fb14-4836-97f2-e2349a03f2f8，vehicleId=VAG4711，原始观测继续保存
2026-08-31 00:26:28.333 [mytransitgps-continuous-collector] WARN  c.m.persistence.service.JohorRealtimeQcAnnotator - 检测到Static Route未匹配，feedId=rapid-bus-mrtfeeder，snapshotUid=33faa4b8-fb14-4836-97f2-e2349a03f2f8，vehicleId=VAG4880，原始观测继续保存
2026-08-31 00:26:28.333 [mytransitgps-continuous-collector] WARN  c.m.persistence.service.JohorRealtimeQcAnnotator - 检测到Static Trip未匹配，feedId=rapid-bus-mrtfeeder，snapshotUid=33faa4b8-fb14-4836-97f2-e2349a03f2f8，vehicleId=VAG4880，原始观测继续保存
2026-08-31 00:26:28.333 [mytransitgps-continuous-collector] WARN  c.m.persistence.service.JohorRealtimeQcAnnotator - 检测到Static Route未匹配，feedId=rapid-bus-mrtfeeder，snapshotUid=33faa4b8-fb14-4836-97f2-e2349a03f2f8，vehicleId=VAG8049，原始观测继续保存
2026-08-31 00:26:28.334 [mytransitgps-continuous-collector] WARN  c.m.persistence.service.JohorRealtimeQcAnnotator - 检测到Static Trip未匹配，feedId=rapid-bus-mrtfeeder，snapshotUid=33faa4b8-fb14-4836-97f2-e2349a03f2f8，vehicleId=VAG8049，原始观测继续保存
2026-08-31 00:26:28.334 [mytransitgps-continuous-collector] WARN  c.m.persistence.service.JohorRealtimeQcAnnotator - 检测到Static Route未匹配，feedId=rapid-bus-mrtfeeder，snapshotUid=33faa4b8-fb14-4836-97f2-e2349a03f2f8，vehicleId=VAG8054，原始观测继续保存
2026-08-31 00:26:28.334 [mytransitgps-continuous-collector] WARN  c.m.persistence.service.JohorRealtimeQcAnnotator - 检测到Static Trip未匹配，feedId=rapid-bus-mrtfeeder，snapshotUid=33faa4b8-fb14-4836-97f2-e2349a03f2f8，vehicleId=VAG8054，原始观测继续保存
2026-08-31 00:26:28.334 [mytransitgps-continuous-collector] WARN  c.m.persistence.service.JohorRealtimeQcAnnotator - 检测到Static Route未匹配，feedId=rapid-bus-mrtfeeder，snapshotUid=33faa4b8-fb14-4836-97f2-e2349a03f2f8，vehicleId=VAG8541，原始观测继续保存
2026-08-31 00:26:28.334 [mytransitgps-continuous-collector] WARN  c.m.persistence.service.JohorRealtimeQcAnnotator - 检测到Static Trip未匹配，feedId=rapid-bus-mrtfeeder，snapshotUid=33faa4b8-fb14-4836-97f2-e2349a03f2f8，vehicleId=VAG8541，原始观测继续保存
2026-08-31 00:26:28.334 [mytransitgps-continuous-collector] WARN  c.m.persistence.service.JohorRealtimeQcAnnotator - 检测到Static Route未匹配，feedId=rapid-bus-mrtfeeder，snapshotUid=33faa4b8-fb14-4836-97f2-e2349a03f2f8，vehicleId=VAH9045，原始观测继续保存
2026-08-31 00:26:28.334 [mytransitgps-continuous-collector] WARN  c.m.persistence.service.JohorRealtimeQcAnnotator - 检测到Static Trip未匹配，feedId=rapid-bus-mrtfeeder，snapshotUid=33faa4b8-fb14-4836-97f2-e2349a03f2f8，vehicleId=VAH9045，原始观测继续保存
2026-08-31 00:26:28.334 [mytransitgps-continuous-collector] WARN  c.m.persistence.service.JohorRealtimeQcAnnotator - 检测到Static Route未匹配，feedId=rapid-bus-mrtfeeder，snapshotUid=33faa4b8-fb14-4836-97f2-e2349a03f2f8，vehicleId=VAJ1514，原始观测继续保存
2026-08-31 00:26:28.334 [mytransitgps-continuous-collector] WARN  c.m.persistence.service.JohorRealtimeQcAnnotator - 检测到Static Trip未匹配，feedId=rapid-bus-mrtfeeder，snapshotUid=33faa4b8-fb14-4836-97f2-e2349a03f2f8，vehicleId=VAJ1514，原始观测继续保存
2026-08-31 00:26:28.334 [mytransitgps-continuous-collector] WARN  c.m.persistence.service.JohorRealtimeQcAnnotator - 检测到Static Route未匹配，feedId=rapid-bus-mrtfeeder，snapshotUid=33faa4b8-fb14-4836-97f2-e2349a03f2f8，vehicleId=VAK1014，原始观测继续保存
2026-08-31 00:26:28.334 [mytransitgps-continuous-collector] WARN  c.m.persistence.service.JohorRealtimeQcAnnotator - 检测到Static Trip未匹配，feedId=rapid-bus-mrtfeeder，snapshotUid=33faa4b8-fb14-4836-97f2-e2349a03f2f8，vehicleId=VAK1014，原始观测继续保存
2026-08-31 00:26:28.334 [mytransitgps-continuous-collector] WARN  c.m.persistence.service.JohorRealtimeQcAnnotator - 检测到Static Route未匹配，feedId=rapid-bus-mrtfeeder，snapshotUid=33faa4b8-fb14-4836-97f2-e2349a03f2f8，vehicleId=VAL4552，原始观测继续保存
2026-08-31 00:26:28.334 [mytransitgps-continuous-collector] WARN  c.m.persistence.service.JohorRealtimeQcAnnotator - 检测到Static Trip未匹配，feedId=rapid-bus-mrtfeeder，snapshotUid=33faa4b8-fb14-4836-97f2-e2349a03f2f8，vehicleId=VAL4552，原始观测继续保存
2026-08-31 00:26:28.334 [mytransitgps-continuous-collector] WARN  c.m.persistence.service.JohorRealtimeQcAnnotator - 检测到Future Timestamp，feedId=rapid-bus-mrtfeeder，snapshotUid=33faa4b8-fb14-4836-97f2-e2349a03f2f8，vehicleId=VAL4552，vehicleTime=1886017556，原始时间戳继续保存
2026-08-31 00:26:28.334 [mytransitgps-continuous-collector] WARN  c.m.persistence.service.JohorRealtimeQcAnnotator - 检测到Static Route未匹配，feedId=rapid-bus-mrtfeeder，snapshotUid=33faa4b8-fb14-4836-97f2-e2349a03f2f8，vehicleId=VG6491，原始观测继续保存
2026-08-31 00:26:28.334 [mytransitgps-continuous-collector] WARN  c.m.persistence.service.JohorRealtimeQcAnnotator - 检测到Static Trip未匹配，feedId=rapid-bus-mrtfeeder，snapshotUid=33faa4b8-fb14-4836-97f2-e2349a03f2f8，vehicleId=VG6491，原始观测继续保存
2026-08-31 00:26:28.334 [mytransitgps-continuous-collector] WARN  c.m.persistence.service.JohorRealtimeQcAnnotator - 检测到Static Route未匹配，feedId=rapid-bus-mrtfeeder，snapshotUid=33faa4b8-fb14-4836-97f2-e2349a03f2f8，vehicleId=VG6493，原始观测继续保存
2026-08-31 00:26:28.334 [mytransitgps-continuous-collector] WARN  c.m.persistence.service.JohorRealtimeQcAnnotator - 检测到Static Trip未匹配，feedId=rapid-bus-mrtfeeder，snapshotUid=33faa4b8-fb14-4836-97f2-e2349a03f2f8，vehicleId=VG6493，原始观测继续保存
2026-08-31 00:26:28.334 [mytransitgps-continuous-collector] WARN  c.m.persistence.service.JohorRealtimeQcAnnotator - 检测到Static Route未匹配，feedId=rapid-bus-mrtfeeder，snapshotUid=33faa4b8-fb14-4836-97f2-e2349a03f2f8，vehicleId=VG6514，原始观测继续保存
2026-08-31 00:26:28.334 [mytransitgps-continuous-collector] WARN  c.m.persistence.service.JohorRealtimeQcAnnotator - 检测到Static Trip未匹配，feedId=rapid-bus-mrtfeeder，snapshotUid=33faa4b8-fb14-4836-97f2-e2349a03f2f8，vehicleId=VG6514，原始观测继续保存
2026-08-31 00:26:28.334 [mytransitgps-continuous-collector] WARN  c.m.persistence.service.JohorRealtimeQcAnnotator - 检测到Static Route未匹配，feedId=rapid-bus-mrtfeeder，snapshotUid=33faa4b8-fb14-4836-97f2-e2349a03f2f8，vehicleId=VG8673，原始观测继续保存
2026-08-31 00:26:28.334 [mytransitgps-continuous-collector] WARN  c.m.persistence.service.JohorRealtimeQcAnnotator - 检测到Static Trip未匹配，feedId=rapid-bus-mrtfeeder，snapshotUid=33faa4b8-fb14-4836-97f2-e2349a03f2f8，vehicleId=VG8673，原始观测继续保存
2026-08-31 00:26:28.334 [mytransitgps-continuous-collector] WARN  c.m.persistence.service.JohorRealtimeQcAnnotator - 检测到Static Route未匹配，feedId=rapid-bus-mrtfeeder，snapshotUid=33faa4b8-fb14-4836-97f2-e2349a03f2f8，vehicleId=VH1568，原始观测继续保存
2026-08-31 00:26:28.334 [mytransitgps-continuous-collector] WARN  c.m.persistence.service.JohorRealtimeQcAnnotator - 检测到Static Trip未匹配，feedId=rapid-bus-mrtfeeder，snapshotUid=33faa4b8-fb14-4836-97f2-e2349a03f2f8，vehicleId=VH1568，原始观测继续保存
2026-08-31 00:26:28.334 [mytransitgps-continuous-collector] WARN  c.m.persistence.service.JohorRealtimeQcAnnotator - 检测到Static Route未匹配，feedId=rapid-bus-mrtfeeder，snapshotUid=33faa4b8-fb14-4836-97f2-e2349a03f2f8，vehicleId=VH2059，原始观测继续保存
2026-08-31 00:26:28.334 [mytransitgps-continuous-collector] WARN  c.m.persistence.service.JohorRealtimeQcAnnotator - 检测到Static Trip未匹配，feedId=rapid-bus-mrtfeeder，snapshotUid=33faa4b8-fb14-4836-97f2-e2349a03f2f8，vehicleId=VH2059，原始观测继续保存
2026-08-31 00:26:28.334 [mytransitgps-continuous-collector] WARN  c.m.persistence.service.JohorRealtimeQcAnnotator - 检测到Static Route未匹配，feedId=rapid-bus-mrtfeeder，snapshotUid=33faa4b8-fb14-4836-97f2-e2349a03f2f8，vehicleId=VH2490，原始观测继续保存
2026-08-31 00:26:28.334 [mytransitgps-continuous-collector] WARN  c.m.persistence.service.JohorRealtimeQcAnnotator - 检测到Static Trip未匹配，feedId=rapid-bus-mrtfeeder，snapshotUid=33faa4b8-fb14-4836-97f2-e2349a03f2f8，vehicleId=VH2490，原始观测继续保存
2026-08-31 00:26:28.334 [mytransitgps-continuous-collector] WARN  c.m.persistence.service.JohorRealtimeQcAnnotator - 检测到Static Route未匹配，feedId=rapid-bus-mrtfeeder，snapshotUid=33faa4b8-fb14-4836-97f2-e2349a03f2f8，vehicleId=VH2491，原始观测继续保存
2026-08-31 00:26:28.334 [mytransitgps-continuous-collector] WARN  c.m.persistence.service.JohorRealtimeQcAnnotator - 检测到Static Trip未匹配，feedId=rapid-bus-mrtfeeder，snapshotUid=33faa4b8-fb14-4836-97f2-e2349a03f2f8，vehicleId=VH2491，原始观测继续保存
2026-08-31 00:26:28.334 [mytransitgps-continuous-collector] WARN  c.m.persistence.service.JohorRealtimeQcAnnotator - 检测到Static Route未匹配，feedId=rapid-bus-mrtfeeder，snapshotUid=33faa4b8-fb14-4836-97f2-e2349a03f2f8，vehicleId=VH2494，原始观测继续保存
2026-08-31 00:26:28.334 [mytransitgps-continuous-collector] WARN  c.m.persistence.service.JohorRealtimeQcAnnotator - 检测到Static Trip未匹配，feedId=rapid-bus-mrtfeeder，snapshotUid=33faa4b8-fb14-4836-97f2-e2349a03f2f8，vehicleId=VH2494，原始观测继续保存
2026-08-31 00:26:28.334 [mytransitgps-continuous-collector] WARN  c.m.persistence.service.JohorRealtimeQcAnnotator - 检测到Static Route未匹配，feedId=rapid-bus-mrtfeeder，snapshotUid=33faa4b8-fb14-4836-97f2-e2349a03f2f8，vehicleId=VH2549，原始观测继续保存
2026-08-31 00:26:28.334 [mytransitgps-continuous-collector] WARN  c.m.persistence.service.JohorRealtimeQcAnnotator - 检测到Static Trip未匹配，feedId=rapid-bus-mrtfeeder，snapshotUid=33faa4b8-fb14-4836-97f2-e2349a03f2f8，vehicleId=VH2549，原始观测继续保存
2026-08-31 00:26:28.334 [mytransitgps-continuous-collector] WARN  c.m.persistence.service.JohorRealtimeQcAnnotator - 检测到Static Route未匹配，feedId=rapid-bus-mrtfeeder，snapshotUid=33faa4b8-fb14-4836-97f2-e2349a03f2f8，vehicleId=VH3593，原始观测继续保存
2026-08-31 00:26:28.334 [mytransitgps-continuous-collector] WARN  c.m.persistence.service.JohorRealtimeQcAnnotator - 检测到Static Trip未匹配，feedId=rapid-bus-mrtfeeder，snapshotUid=33faa4b8-fb14-4836-97f2-e2349a03f2f8，vehicleId=VH3593，原始观测继续保存
2026-08-31 00:26:28.334 [mytransitgps-continuous-collector] WARN  c.m.persistence.service.JohorRealtimeQcAnnotator - 检测到Static Route未匹配，feedId=rapid-bus-mrtfeeder，snapshotUid=33faa4b8-fb14-4836-97f2-e2349a03f2f8，vehicleId=VH4037，原始观测继续保存
2026-08-31 00:26:28.334 [mytransitgps-continuous-collector] WARN  c.m.persistence.service.JohorRealtimeQcAnnotator - 检测到Static Trip未匹配，feedId=rapid-bus-mrtfeeder，snapshotUid=33faa4b8-fb14-4836-97f2-e2349a03f2f8，vehicleId=VH4037，原始观测继续保存
2026-08-31 00:26:28.334 [mytransitgps-continuous-collector] WARN  c.m.persistence.service.JohorRealtimeQcAnnotator - 检测到Static Route未匹配，feedId=rapid-bus-mrtfeeder，snapshotUid=33faa4b8-fb14-4836-97f2-e2349a03f2f8，vehicleId=VH4053，原始观测继续保存
2026-08-31 00:26:28.334 [mytransitgps-continuous-collector] WARN  c.m.persistence.service.JohorRealtimeQcAnnotator - 检测到Static Trip未匹配，feedId=rapid-bus-mrtfeeder，snapshotUid=33faa4b8-fb14-4836-97f2-e2349a03f2f8，vehicleId=VH4053，原始观测继续保存
2026-08-31 00:26:28.334 [mytransitgps-continuous-collector] WARN  c.m.persistence.service.JohorRealtimeQcAnnotator - 检测到Static Route未匹配，feedId=rapid-bus-mrtfeeder，snapshotUid=33faa4b8-fb14-4836-97f2-e2349a03f2f8，vehicleId=VH4189，原始观测继续保存
2026-08-31 00:26:28.334 [mytransitgps-continuous-collector] WARN  c.m.persistence.service.JohorRealtimeQcAnnotator - 检测到Static Trip未匹配，feedId=rapid-bus-mrtfeeder，snapshotUid=33faa4b8-fb14-4836-97f2-e2349a03f2f8，vehicleId=VH4189，原始观测继续保存
2026-08-31 00:26:28.334 [mytransitgps-continuous-collector] WARN  c.m.persistence.service.JohorRealtimeQcAnnotator - 检测到Static Route未匹配，feedId=rapid-bus-mrtfeeder，snapshotUid=33faa4b8-fb14-4836-97f2-e2349a03f2f8，vehicleId=VH4268，原始观测继续保存
2026-08-31 00:26:28.334 [mytransitgps-continuous-collector] WARN  c.m.persistence.service.JohorRealtimeQcAnnotator - 检测到Static Trip未匹配，feedId=rapid-bus-mrtfeeder，snapshotUid=33faa4b8-fb14-4836-97f2-e2349a03f2f8，vehicleId=VH4268，原始观测继续保存
2026-08-31 00:26:28.334 [mytransitgps-continuous-collector] WARN  c.m.persistence.service.JohorRealtimeQcAnnotator - 检测到Static Route未匹配，feedId=rapid-bus-mrtfeeder，snapshotUid=33faa4b8-fb14-4836-97f2-e2349a03f2f8，vehicleId=VH4924，原始观测继续保存
2026-08-31 00:26:28.334 [mytransitgps-continuous-collector] WARN  c.m.persistence.service.JohorRealtimeQcAnnotator - 检测到Static Trip未匹配，feedId=rapid-bus-mrtfeeder，snapshotUid=33faa4b8-fb14-4836-97f2-e2349a03f2f8，vehicleId=VH4924，原始观测继续保存
2026-08-31 00:26:28.334 [mytransitgps-continuous-collector] WARN  c.m.persistence.service.JohorRealtimeQcAnnotator - 检测到Static Route未匹配，feedId=rapid-bus-mrtfeeder，snapshotUid=33faa4b8-fb14-4836-97f2-e2349a03f2f8，vehicleId=VH4985，原始观测继续保存
2026-08-31 00:26:28.334 [mytransitgps-continuous-collector] WARN  c.m.persistence.service.JohorRealtimeQcAnnotator - 检测到Static Trip未匹配，feedId=rapid-bus-mrtfeeder，snapshotUid=33faa4b8-fb14-4836-97f2-e2349a03f2f8，vehicleId=VH4985，原始观测继续保存
2026-08-31 00:26:28.334 [mytransitgps-continuous-collector] WARN  c.m.persistence.service.JohorRealtimeQcAnnotator - 检测到Static Route未匹配，feedId=rapid-bus-mrtfeeder，snapshotUid=33faa4b8-fb14-4836-97f2-e2349a03f2f8，vehicleId=VK2913，原始观测继续保存
2026-08-31 00:26:28.334 [mytransitgps-continuous-collector] WARN  c.m.persistence.service.JohorRealtimeQcAnnotator - 检测到Static Trip未匹配，feedId=rapid-bus-mrtfeeder，snapshotUid=33faa4b8-fb14-4836-97f2-e2349a03f2f8，vehicleId=VK2913，原始观测继续保存
2026-08-31 00:26:28.334 [mytransitgps-continuous-collector] WARN  c.m.persistence.service.JohorRealtimeQcAnnotator - 检测到Static Route未匹配，feedId=rapid-bus-mrtfeeder，snapshotUid=33faa4b8-fb14-4836-97f2-e2349a03f2f8，vehicleId=VK6475，原始观测继续保存
2026-08-31 00:26:28.334 [mytransitgps-continuous-collector] WARN  c.m.persistence.service.JohorRealtimeQcAnnotator - 检测到Static Trip未匹配，feedId=rapid-bus-mrtfeeder，snapshotUid=33faa4b8-fb14-4836-97f2-e2349a03f2f8，vehicleId=VK6475，原始观测继续保存
2026-08-31 00:26:28.334 [mytransitgps-continuous-collector] WARN  c.m.persistence.service.JohorRealtimeQcAnnotator - 检测到Static Route未匹配，feedId=rapid-bus-mrtfeeder，snapshotUid=33faa4b8-fb14-4836-97f2-e2349a03f2f8，vehicleId=VM1879，原始观测继续保存
2026-08-31 00:26:28.334 [mytransitgps-continuous-collector] WARN  c.m.persistence.service.JohorRealtimeQcAnnotator - 检测到Static Trip未匹配，feedId=rapid-bus-mrtfeeder，snapshotUid=33faa4b8-fb14-4836-97f2-e2349a03f2f8，vehicleId=VM1879，原始观测继续保存
2026-08-31 00:26:28.335 [mytransitgps-continuous-collector] WARN  c.m.persistence.service.JohorRealtimeQcAnnotator - 检测到Static Route未匹配，feedId=rapid-bus-mrtfeeder，snapshotUid=33faa4b8-fb14-4836-97f2-e2349a03f2f8，vehicleId=VX2856，原始观测继续保存
2026-08-31 00:26:28.335 [mytransitgps-continuous-collector] WARN  c.m.persistence.service.JohorRealtimeQcAnnotator - 检测到Static Trip未匹配，feedId=rapid-bus-mrtfeeder，snapshotUid=33faa4b8-fb14-4836-97f2-e2349a03f2f8，vehicleId=VX2856，原始观测继续保存
2026-08-31 00:27:40.305 [mytransitgps-continuous-collector] WARN  c.m.gtfs.service.RealtimeStaticEnrichmentService - Realtime Static补全存在未匹配项，城市=Kuching，feedId=mybas-kuching，routeUnresolved=1，tripUnmatched=1，原始Realtime实体继续保留
2026-08-31 00:27:40.305 [mytransitgps-continuous-collector] WARN  c.m.persistence.service.JohorRealtimeQcAnnotator - 检测到Static Route未匹配，feedId=mybas-kuching，snapshotUid=c3580f70-3d2b-41b7-bab5-fe61d8873f04，vehicleId=MADANI2160，原始观测继续保存
2026-08-31 00:27:40.306 [mytransitgps-continuous-collector] WARN  c.m.persistence.service.JohorRealtimeQcAnnotator - 检测到Static Trip未匹配，feedId=mybas-kuching，snapshotUid=c3580f70-3d2b-41b7-bab5-fe61d8873f04，vehicleId=MADANI2160，原始观测继续保存
2026-08-31 00:28:04.344 [mytransitgps-continuous-collector] WARN  c.m.gtfs.service.RealtimeStaticEnrichmentService - Realtime Static补全存在未匹配项，城市=Kuala Lumpur，feedId=rapid-bus-kl，routeUnresolved=0，tripUnmatched=1，原始Realtime实体继续保留
2026-08-31 00:28:04.344 [mytransitgps-continuous-collector] WARN  c.m.persistence.service.JohorRealtimeQcAnnotator - 检测到Static Trip未匹配，feedId=rapid-bus-kl，snapshotUid=de15ac08-3034-4027-bbdb-12e5b79e0e1c，vehicleId=CDH8332，原始观测继续保存
2026-08-31 00:28:28.335 [mytransitgps-continuous-collector] WARN  c.m.gtfs.service.RealtimeStaticEnrichmentService - Realtime Static补全存在未匹配项，城市=Kuala Lumpur，feedId=rapid-bus-mrtfeeder，routeUnresolved=42，tripUnmatched=42，原始Realtime实体继续保留
2026-08-31 00:28:28.335 [mytransitgps-continuous-collector] WARN  c.m.persistence.service.JohorRealtimeQcAnnotator - 检测到Static Route未匹配，feedId=rapid-bus-mrtfeeder，snapshotUid=516a559a-6166-4cff-bb00-b37d250c5111，vehicleId=VAC5764，原始观测继续保存
2026-08-31 00:28:28.335 [mytransitgps-continuous-collector] WARN  c.m.persistence.service.JohorRealtimeQcAnnotator - 检测到Static Trip未匹配，feedId=rapid-bus-mrtfeeder，snapshotUid=516a559a-6166-4cff-bb00-b37d250c5111，vehicleId=VAC5764，原始观测继续保存
2026-08-31 00:28:28.335 [mytransitgps-continuous-collector] WARN  c.m.persistence.service.JohorRealtimeQcAnnotator - 检测到Static Route未匹配，feedId=rapid-bus-mrtfeeder，snapshotUid=516a559a-6166-4cff-bb00-b37d250c5111，vehicleId=VAC5773，原始观测继续保存
2026-08-31 00:28:28.335 [mytransitgps-continuous-collector] WARN  c.m.persistence.service.JohorRealtimeQcAnnotator - 检测到Static Trip未匹配，feedId=rapid-bus-mrtfeeder，snapshotUid=516a559a-6166-4cff-bb00-b37d250c5111，vehicleId=VAC5773，原始观测继续保存
2026-08-31 00:28:28.335 [mytransitgps-continuous-collector] WARN  c.m.persistence.service.JohorRealtimeQcAnnotator - 检测到Static Route未匹配，feedId=rapid-bus-mrtfeeder，snapshotUid=516a559a-6166-4cff-bb00-b37d250c5111，vehicleId=VAE7196，原始观测继续保存
2026-08-31 00:28:28.335 [mytransitgps-continuous-collector] WARN  c.m.persistence.service.JohorRealtimeQcAnnotator - 检测到Static Trip未匹配，feedId=rapid-bus-mrtfeeder，snapshotUid=516a559a-6166-4cff-bb00-b37d250c5111，vehicleId=VAE7196，原始观测继续保存
2026-08-31 00:28:28.335 [mytransitgps-continuous-collector] WARN  c.m.persistence.service.JohorRealtimeQcAnnotator - 检测到Static Route未匹配，feedId=rapid-bus-mrtfeeder，snapshotUid=516a559a-6166-4cff-bb00-b37d250c5111，vehicleId=VAF5480，原始观测继续保存
2026-08-31 00:28:28.335 [mytransitgps-continuous-collector] WARN  c.m.persistence.service.JohorRealtimeQcAnnotator - 检测到Static Trip未匹配，feedId=rapid-bus-mrtfeeder，snapshotUid=516a559a-6166-4cff-bb00-b37d250c5111，vehicleId=VAF5480，原始观测继续保存
2026-08-31 00:28:28.335 [mytransitgps-continuous-collector] WARN  c.m.persistence.service.JohorRealtimeQcAnnotator - 检测到Static Route未匹配，feedId=rapid-bus-mrtfeeder，snapshotUid=516a559a-6166-4cff-bb00-b37d250c5111，vehicleId=VAF5766，原始观测继续保存
2026-08-31 00:28:28.335 [mytransitgps-continuous-collector] WARN  c.m.persistence.service.JohorRealtimeQcAnnotator - 检测到Static Trip未匹配，feedId=rapid-bus-mrtfeeder，snapshotUid=516a559a-6166-4cff-bb00-b37d250c5111，vehicleId=VAF5766，原始观测继续保存
2026-08-31 00:28:28.335 [mytransitgps-continuous-collector] WARN  c.m.persistence.service.JohorRealtimeQcAnnotator - 检测到Static Route未匹配，feedId=rapid-bus-mrtfeeder，snapshotUid=516a559a-6166-4cff-bb00-b37d250c5111，vehicleId=VAF5780，原始观测继续保存
2026-08-31 00:28:28.335 [mytransitgps-continuous-collector] WARN  c.m.persistence.service.JohorRealtimeQcAnnotator - 检测到Static Trip未匹配，feedId=rapid-bus-mrtfeeder，snapshotUid=516a559a-6166-4cff-bb00-b37d250c5111，vehicleId=VAF5780，原始观测继续保存
2026-08-31 00:28:28.335 [mytransitgps-continuous-collector] WARN  c.m.persistence.service.JohorRealtimeQcAnnotator - 检测到Static Route未匹配，feedId=rapid-bus-mrtfeeder，snapshotUid=516a559a-6166-4cff-bb00-b37d250c5111，vehicleId=VAF6417，原始观测继续保存
2026-08-31 00:28:28.335 [mytransitgps-continuous-collector] WARN  c.m.persistence.service.JohorRealtimeQcAnnotator - 检测到Static Trip未匹配，feedId=rapid-bus-mrtfeeder，snapshotUid=516a559a-6166-4cff-bb00-b37d250c5111，vehicleId=VAF6417，原始观测继续保存
2026-08-31 00:28:28.335 [mytransitgps-continuous-collector] WARN  c.m.persistence.service.JohorRealtimeQcAnnotator - 检测到Static Route未匹配，feedId=rapid-bus-mrtfeeder，snapshotUid=516a559a-6166-4cff-bb00-b37d250c5111，vehicleId=VAF7159，原始观测继续保存
2026-08-31 00:28:28.335 [mytransitgps-continuous-collector] WARN  c.m.persistence.service.JohorRealtimeQcAnnotator - 检测到Static Trip未匹配，feedId=rapid-bus-mrtfeeder，snapshotUid=516a559a-6166-4cff-bb00-b37d250c5111，vehicleId=VAF7159，原始观测继续保存
2026-08-31 00:28:28.336 [mytransitgps-continuous-collector] WARN  c.m.persistence.service.JohorRealtimeQcAnnotator - 检测到Static Route未匹配，feedId=rapid-bus-mrtfeeder，snapshotUid=516a559a-6166-4cff-bb00-b37d250c5111，vehicleId=VAG4711，原始观测继续保存
2026-08-31 00:28:28.336 [mytransitgps-continuous-collector] WARN  c.m.persistence.service.JohorRealtimeQcAnnotator - 检测到Static Trip未匹配，feedId=rapid-bus-mrtfeeder，snapshotUid=516a559a-6166-4cff-bb00-b37d250c5111，vehicleId=VAG4711，原始观测继续保存
2026-08-31 00:28:28.336 [mytransitgps-continuous-collector] WARN  c.m.persistence.service.JohorRealtimeQcAnnotator - 检测到Static Route未匹配，feedId=rapid-bus-mrtfeeder，snapshotUid=516a559a-6166-4cff-bb00-b37d250c5111，vehicleId=VAG4725，原始观测继续保存
2026-08-31 00:28:28.336 [mytransitgps-continuous-collector] WARN  c.m.persistence.service.JohorRealtimeQcAnnotator - 检测到Static Trip未匹配，feedId=rapid-bus-mrtfeeder，snapshotUid=516a559a-6166-4cff-bb00-b37d250c5111，vehicleId=VAG4725，原始观测继续保存
2026-08-31 00:28:28.336 [mytransitgps-continuous-collector] WARN  c.m.persistence.service.JohorRealtimeQcAnnotator - 检测到Static Route未匹配，feedId=rapid-bus-mrtfeeder，snapshotUid=516a559a-6166-4cff-bb00-b37d250c5111，vehicleId=VAG4880，原始观测继续保存
2026-08-31 00:28:28.336 [mytransitgps-continuous-collector] WARN  c.m.persistence.service.JohorRealtimeQcAnnotator - 检测到Static Trip未匹配，feedId=rapid-bus-mrtfeeder，snapshotUid=516a559a-6166-4cff-bb00-b37d250c5111，vehicleId=VAG4880，原始观测继续保存
2026-08-31 00:28:28.336 [mytransitgps-continuous-collector] WARN  c.m.persistence.service.JohorRealtimeQcAnnotator - 检测到Static Route未匹配，feedId=rapid-bus-mrtfeeder，snapshotUid=516a559a-6166-4cff-bb00-b37d250c5111，vehicleId=VAG8049，原始观测继续保存
2026-08-31 00:28:28.336 [mytransitgps-continuous-collector] WARN  c.m.persistence.service.JohorRealtimeQcAnnotator - 检测到Static Trip未匹配，feedId=rapid-bus-mrtfeeder，snapshotUid=516a559a-6166-4cff-bb00-b37d250c5111，vehicleId=VAG8049，原始观测继续保存
2026-08-31 00:28:28.336 [mytransitgps-continuous-collector] WARN  c.m.persistence.service.JohorRealtimeQcAnnotator - 检测到Static Route未匹配，feedId=rapid-bus-mrtfeeder，snapshotUid=516a559a-6166-4cff-bb00-b37d250c5111，vehicleId=VAG8054，原始观测继续保存
2026-08-31 00:28:28.336 [mytransitgps-continuous-collector] WARN  c.m.persistence.service.JohorRealtimeQcAnnotator - 检测到Static Trip未匹配，feedId=rapid-bus-mrtfeeder，snapshotUid=516a559a-6166-4cff-bb00-b37d250c5111，vehicleId=VAG8054，原始观测继续保存
2026-08-31 00:28:28.336 [mytransitgps-continuous-collector] WARN  c.m.persistence.service.JohorRealtimeQcAnnotator - 检测到Static Route未匹配，feedId=rapid-bus-mrtfeeder，snapshotUid=516a559a-6166-4cff-bb00-b37d250c5111，vehicleId=VAG8541，原始观测继续保存
2026-08-31 00:28:28.336 [mytransitgps-continuous-collector] WARN  c.m.persistence.service.JohorRealtimeQcAnnotator - 检测到Static Trip未匹配，feedId=rapid-bus-mrtfeeder，snapshotUid=516a559a-6166-4cff-bb00-b37d250c5111，vehicleId=VAG8541，原始观测继续保存
2026-08-31 00:28:28.336 [mytransitgps-continuous-collector] WARN  c.m.persistence.service.JohorRealtimeQcAnnotator - 检测到Static Route未匹配，feedId=rapid-bus-mrtfeeder，snapshotUid=516a559a-6166-4cff-bb00-b37d250c5111，vehicleId=VAJ1514，原始观测继续保存
2026-08-31 00:28:28.336 [mytransitgps-continuous-collector] WARN  c.m.persistence.service.JohorRealtimeQcAnnotator - 检测到Static Trip未匹配，feedId=rapid-bus-mrtfeeder，snapshotUid=516a559a-6166-4cff-bb00-b37d250c5111，vehicleId=VAJ1514，原始观测继续保存
2026-08-31 00:28:28.336 [mytransitgps-continuous-collector] WARN  c.m.persistence.service.JohorRealtimeQcAnnotator - 检测到Static Route未匹配，feedId=rapid-bus-mrtfeeder，snapshotUid=516a559a-6166-4cff-bb00-b37d250c5111，vehicleId=VAK1014，原始观测继续保存
2026-08-31 00:28:28.336 [mytransitgps-continuous-collector] WARN  c.m.persistence.service.JohorRealtimeQcAnnotator - 检测到Static Trip未匹配，feedId=rapid-bus-mrtfeeder，snapshotUid=516a559a-6166-4cff-bb00-b37d250c5111，vehicleId=VAK1014，原始观测继续保存
2026-08-31 00:28:28.336 [mytransitgps-continuous-collector] WARN  c.m.persistence.service.JohorRealtimeQcAnnotator - 检测到Static Route未匹配，feedId=rapid-bus-mrtfeeder，snapshotUid=516a559a-6166-4cff-bb00-b37d250c5111，vehicleId=VAK1034，原始观测继续保存
2026-08-31 00:28:28.336 [mytransitgps-continuous-collector] WARN  c.m.persistence.service.JohorRealtimeQcAnnotator - 检测到Static Trip未匹配，feedId=rapid-bus-mrtfeeder，snapshotUid=516a559a-6166-4cff-bb00-b37d250c5111，vehicleId=VAK1034，原始观测继续保存
2026-08-31 00:28:28.336 [mytransitgps-continuous-collector] WARN  c.m.persistence.service.JohorRealtimeQcAnnotator - 检测到Static Route未匹配，feedId=rapid-bus-mrtfeeder，snapshotUid=516a559a-6166-4cff-bb00-b37d250c5111，vehicleId=VAL4552，原始观测继续保存
2026-08-31 00:28:28.337 [mytransitgps-continuous-collector] WARN  c.m.persistence.service.JohorRealtimeQcAnnotator - 检测到Static Trip未匹配，feedId=rapid-bus-mrtfeeder，snapshotUid=516a559a-6166-4cff-bb00-b37d250c5111，vehicleId=VAL4552，原始观测继续保存
2026-08-31 00:28:28.337 [mytransitgps-continuous-collector] WARN  c.m.persistence.service.JohorRealtimeQcAnnotator - 检测到Future Timestamp，feedId=rapid-bus-mrtfeeder，snapshotUid=516a559a-6166-4cff-bb00-b37d250c5111，vehicleId=VAL4552，vehicleTime=1886017556，原始时间戳继续保存
2026-08-31 00:28:28.337 [mytransitgps-continuous-collector] WARN  c.m.persistence.service.JohorRealtimeQcAnnotator - 检测到Static Route未匹配，feedId=rapid-bus-mrtfeeder，snapshotUid=516a559a-6166-4cff-bb00-b37d250c5111，vehicleId=VG6491，原始观测继续保存
2026-08-31 00:28:28.337 [mytransitgps-continuous-collector] WARN  c.m.persistence.service.JohorRealtimeQcAnnotator - 检测到Static Trip未匹配，feedId=rapid-bus-mrtfeeder，snapshotUid=516a559a-6166-4cff-bb00-b37d250c5111，vehicleId=VG6491，原始观测继续保存
2026-08-31 00:28:28.337 [mytransitgps-continuous-collector] WARN  c.m.persistence.service.JohorRealtimeQcAnnotator - 检测到Static Route未匹配，feedId=rapid-bus-mrtfeeder，snapshotUid=516a559a-6166-4cff-bb00-b37d250c5111，vehicleId=VG6493，原始观测继续保存
2026-08-31 00:28:28.337 [mytransitgps-continuous-collector] WARN  c.m.persistence.service.JohorRealtimeQcAnnotator - 检测到Static Trip未匹配，feedId=rapid-bus-mrtfeeder，snapshotUid=516a559a-6166-4cff-bb00-b37d250c5111，vehicleId=VG6493，原始观测继续保存
2026-08-31 00:28:28.337 [mytransitgps-continuous-collector] WARN  c.m.persistence.service.JohorRealtimeQcAnnotator - 检测到Static Route未匹配，feedId=rapid-bus-mrtfeeder，snapshotUid=516a559a-6166-4cff-bb00-b37d250c5111，vehicleId=VG6514，原始观测继续保存
2026-08-31 00:28:28.337 [mytransitgps-continuous-collector] WARN  c.m.persistence.service.JohorRealtimeQcAnnotator - 检测到Static Trip未匹配，feedId=rapid-bus-mrtfeeder，snapshotUid=516a559a-6166-4cff-bb00-b37d250c5111，vehicleId=VG6514，原始观测继续保存
2026-08-31 00:28:28.337 [mytransitgps-continuous-collector] WARN  c.m.persistence.service.JohorRealtimeQcAnnotator - 检测到Static Route未匹配，feedId=rapid-bus-mrtfeeder，snapshotUid=516a559a-6166-4cff-bb00-b37d250c5111，vehicleId=VG6529，原始观测继续保存
2026-08-31 00:28:28.337 [mytransitgps-continuous-collector] WARN  c.m.persistence.service.JohorRealtimeQcAnnotator - 检测到Static Trip未匹配，feedId=rapid-bus-mrtfeeder，snapshotUid=516a559a-6166-4cff-bb00-b37d250c5111，vehicleId=VG6529，原始观测继续保存
2026-08-31 00:28:28.337 [mytransitgps-continuous-collector] WARN  c.m.persistence.service.JohorRealtimeQcAnnotator - 检测到Static Route未匹配，feedId=rapid-bus-mrtfeeder，snapshotUid=516a559a-6166-4cff-bb00-b37d250c5111，vehicleId=VG8673，原始观测继续保存
2026-08-31 00:28:28.337 [mytransitgps-continuous-collector] WARN  c.m.persistence.service.JohorRealtimeQcAnnotator - 检测到Static Trip未匹配，feedId=rapid-bus-mrtfeeder，snapshotUid=516a559a-6166-4cff-bb00-b37d250c5111，vehicleId=VG8673，原始观测继续保存
2026-08-31 00:28:28.337 [mytransitgps-continuous-collector] WARN  c.m.persistence.service.JohorRealtimeQcAnnotator - 检测到Static Route未匹配，feedId=rapid-bus-mrtfeeder，snapshotUid=516a559a-6166-4cff-bb00-b37d250c5111，vehicleId=VH1568，原始观测继续保存
2026-08-31 00:28:28.337 [mytransitgps-continuous-collector] WARN  c.m.persistence.service.JohorRealtimeQcAnnotator - 检测到Static Trip未匹配，feedId=rapid-bus-mrtfeeder，snapshotUid=516a559a-6166-4cff-bb00-b37d250c5111，vehicleId=VH1568，原始观测继续保存
2026-08-31 00:28:28.337 [mytransitgps-continuous-collector] WARN  c.m.persistence.service.JohorRealtimeQcAnnotator - 检测到Static Route未匹配，feedId=rapid-bus-mrtfeeder，snapshotUid=516a559a-6166-4cff-bb00-b37d250c5111，vehicleId=VH2059，原始观测继续保存
2026-08-31 00:28:28.337 [mytransitgps-continuous-collector] WARN  c.m.persistence.service.JohorRealtimeQcAnnotator - 检测到Static Trip未匹配，feedId=rapid-bus-mrtfeeder，snapshotUid=516a559a-6166-4cff-bb00-b37d250c5111，vehicleId=VH2059，原始观测继续保存
2026-08-31 00:28:28.337 [mytransitgps-continuous-collector] WARN  c.m.persistence.service.JohorRealtimeQcAnnotator - 检测到Static Route未匹配，feedId=rapid-bus-mrtfeeder，snapshotUid=516a559a-6166-4cff-bb00-b37d250c5111，vehicleId=VH2490，原始观测继续保存
2026-08-31 00:28:28.337 [mytransitgps-continuous-collector] WARN  c.m.persistence.service.JohorRealtimeQcAnnotator - 检测到Static Trip未匹配，feedId=rapid-bus-mrtfeeder，snapshotUid=516a559a-6166-4cff-bb00-b37d250c5111，vehicleId=VH2490，原始观测继续保存
2026-08-31 00:28:28.337 [mytransitgps-continuous-collector] WARN  c.m.persistence.service.JohorRealtimeQcAnnotator - 检测到Static Route未匹配，feedId=rapid-bus-mrtfeeder，snapshotUid=516a559a-6166-4cff-bb00-b37d250c5111，vehicleId=VH2491，原始观测继续保存
2026-08-31 00:28:28.337 [mytransitgps-continuous-collector] WARN  c.m.persistence.service.JohorRealtimeQcAnnotator - 检测到Static Trip未匹配，feedId=rapid-bus-mrtfeeder，snapshotUid=516a559a-6166-4cff-bb00-b37d250c5111，vehicleId=VH2491，原始观测继续保存
2026-08-31 00:28:28.337 [mytransitgps-continuous-collector] WARN  c.m.persistence.service.JohorRealtimeQcAnnotator - 检测到Static Route未匹配，feedId=rapid-bus-mrtfeeder，snapshotUid=516a559a-6166-4cff-bb00-b37d250c5111，vehicleId=VH2494，原始观测继续保存
2026-08-31 00:28:28.337 [mytransitgps-continuous-collector] WARN  c.m.persistence.service.JohorRealtimeQcAnnotator - 检测到Static Trip未匹配，feedId=rapid-bus-mrtfeeder，snapshotUid=516a559a-6166-4cff-bb00-b37d250c5111，vehicleId=VH2494，原始观测继续保存
2026-08-31 00:28:28.337 [mytransitgps-continuous-collector] WARN  c.m.persistence.service.JohorRealtimeQcAnnotator - 检测到Static Route未匹配，feedId=rapid-bus-mrtfeeder，snapshotUid=516a559a-6166-4cff-bb00-b37d250c5111，vehicleId=VH2549，原始观测继续保存
2026-08-31 00:28:28.337 [mytransitgps-continuous-collector] WARN  c.m.persistence.service.JohorRealtimeQcAnnotator - 检测到Static Trip未匹配，feedId=rapid-bus-mrtfeeder，snapshotUid=516a559a-6166-4cff-bb00-b37d250c5111，vehicleId=VH2549，原始观测继续保存
2026-08-31 00:28:28.337 [mytransitgps-continuous-collector] WARN  c.m.persistence.service.JohorRealtimeQcAnnotator - 检测到Static Route未匹配，feedId=rapid-bus-mrtfeeder，snapshotUid=516a559a-6166-4cff-bb00-b37d250c5111，vehicleId=VH3593，原始观测继续保存
2026-08-31 00:28:28.337 [mytransitgps-continuous-collector] WARN  c.m.persistence.service.JohorRealtimeQcAnnotator - 检测到Static Trip未匹配，feedId=rapid-bus-mrtfeeder，snapshotUid=516a559a-6166-4cff-bb00-b37d250c5111，vehicleId=VH3593，原始观测继续保存
2026-08-31 00:28:28.337 [mytransitgps-continuous-collector] WARN  c.m.persistence.service.JohorRealtimeQcAnnotator - 检测到Static Route未匹配，feedId=rapid-bus-mrtfeeder，snapshotUid=516a559a-6166-4cff-bb00-b37d250c5111，vehicleId=VH4037，原始观测继续保存
2026-08-31 00:28:28.337 [mytransitgps-continuous-collector] WARN  c.m.persistence.service.JohorRealtimeQcAnnotator - 检测到Static Trip未匹配，feedId=rapid-bus-mrtfeeder，snapshotUid=516a559a-6166-4cff-bb00-b37d250c5111，vehicleId=VH4037，原始观测继续保存
2026-08-31 00:28:28.337 [mytransitgps-continuous-collector] WARN  c.m.persistence.service.JohorRealtimeQcAnnotator - 检测到Static Route未匹配，feedId=rapid-bus-mrtfeeder，snapshotUid=516a559a-6166-4cff-bb00-b37d250c5111，vehicleId=VH4053，原始观测继续保存
2026-08-31 00:28:28.337 [mytransitgps-continuous-collector] WARN  c.m.persistence.service.JohorRealtimeQcAnnotator - 检测到Static Trip未匹配，feedId=rapid-bus-mrtfeeder，snapshotUid=516a559a-6166-4cff-bb00-b37d250c5111，vehicleId=VH4053，原始观测继续保存
2026-08-31 00:28:28.337 [mytransitgps-continuous-collector] WARN  c.m.persistence.service.JohorRealtimeQcAnnotator - 检测到Static Route未匹配，feedId=rapid-bus-mrtfeeder，snapshotUid=516a559a-6166-4cff-bb00-b37d250c5111，vehicleId=VH4108，原始观测继续保存
2026-08-31 00:28:28.337 [mytransitgps-continuous-collector] WARN  c.m.persistence.service.JohorRealtimeQcAnnotator - 检测到Static Trip未匹配，feedId=rapid-bus-mrtfeeder，snapshotUid=516a559a-6166-4cff-bb00-b37d250c5111，vehicleId=VH4108，原始观测继续保存
2026-08-31 00:28:28.338 [mytransitgps-continuous-collector] WARN  c.m.persistence.service.JohorRealtimeQcAnnotator - 检测到Static Route未匹配，feedId=rapid-bus-mrtfeeder，snapshotUid=516a559a-6166-4cff-bb00-b37d250c5111，vehicleId=VH4189，原始观测继续保存
2026-08-31 00:28:28.338 [mytransitgps-continuous-collector] WARN  c.m.persistence.service.JohorRealtimeQcAnnotator - 检测到Static Trip未匹配，feedId=rapid-bus-mrtfeeder，snapshotUid=516a559a-6166-4cff-bb00-b37d250c5111，vehicleId=VH4189，原始观测继续保存
2026-08-31 00:28:28.338 [mytransitgps-continuous-collector] WARN  c.m.persistence.service.JohorRealtimeQcAnnotator - 检测到Static Route未匹配，feedId=rapid-bus-mrtfeeder，snapshotUid=516a559a-6166-4cff-bb00-b37d250c5111，vehicleId=VH4268，原始观测继续保存
2026-08-31 00:28:28.338 [mytransitgps-continuous-collector] WARN  c.m.persistence.service.JohorRealtimeQcAnnotator - 检测到Static Trip未匹配，feedId=rapid-bus-mrtfeeder，snapshotUid=516a559a-6166-4cff-bb00-b37d250c5111，vehicleId=VH4268，原始观测继续保存
2026-08-31 00:28:28.338 [mytransitgps-continuous-collector] WARN  c.m.persistence.service.JohorRealtimeQcAnnotator - 检测到Static Route未匹配，feedId=rapid-bus-mrtfeeder，snapshotUid=516a559a-6166-4cff-bb00-b37d250c5111，vehicleId=VH4924，原始观测继续保存
2026-08-31 00:28:28.338 [mytransitgps-continuous-collector] WARN  c.m.persistence.service.JohorRealtimeQcAnnotator - 检测到Static Trip未匹配，feedId=rapid-bus-mrtfeeder，snapshotUid=516a559a-6166-4cff-bb00-b37d250c5111，vehicleId=VH4924，原始观测继续保存
2026-08-31 00:28:28.338 [mytransitgps-continuous-collector] WARN  c.m.persistence.service.JohorRealtimeQcAnnotator - 检测到Static Route未匹配，feedId=rapid-bus-mrtfeeder，snapshotUid=516a559a-6166-4cff-bb00-b37d250c5111，vehicleId=VH4930，原始观测继续保存
2026-08-31 00:28:28.338 [mytransitgps-continuous-collector] WARN  c.m.persistence.service.JohorRealtimeQcAnnotator - 检测到Static Trip未匹配，feedId=rapid-bus-mrtfeeder，snapshotUid=516a559a-6166-4cff-bb00-b37d250c5111，vehicleId=VH4930，原始观测继续保存
2026-08-31 00:28:28.338 [mytransitgps-continuous-collector] WARN  c.m.persistence.service.JohorRealtimeQcAnnotator - 检测到Static Route未匹配，feedId=rapid-bus-mrtfeeder，snapshotUid=516a559a-6166-4cff-bb00-b37d250c5111，vehicleId=VH4985，原始观测继续保存
2026-08-31 00:28:28.338 [mytransitgps-continuous-collector] WARN  c.m.persistence.service.JohorRealtimeQcAnnotator - 检测到Static Trip未匹配，feedId=rapid-bus-mrtfeeder，snapshotUid=516a559a-6166-4cff-bb00-b37d250c5111，vehicleId=VH4985，原始观测继续保存
2026-08-31 00:28:28.338 [mytransitgps-continuous-collector] WARN  c.m.persistence.service.JohorRealtimeQcAnnotator - 检测到Static Route未匹配，feedId=rapid-bus-mrtfeeder，snapshotUid=516a559a-6166-4cff-bb00-b37d250c5111，vehicleId=VK2684，原始观测继续保存
2026-08-31 00:28:28.338 [mytransitgps-continuous-collector] WARN  c.m.persistence.service.JohorRealtimeQcAnnotator - 检测到Static Trip未匹配，feedId=rapid-bus-mrtfeeder，snapshotUid=516a559a-6166-4cff-bb00-b37d250c5111，vehicleId=VK2684，原始观测继续保存
2026-08-31 00:28:28.338 [mytransitgps-continuous-collector] WARN  c.m.persistence.service.JohorRealtimeQcAnnotator - 检测到Static Route未匹配，feedId=rapid-bus-mrtfeeder，snapshotUid=516a559a-6166-4cff-bb00-b37d250c5111，vehicleId=VK6475，原始观测继续保存
2026-08-31 00:28:28.338 [mytransitgps-continuous-collector] WARN  c.m.persistence.service.JohorRealtimeQcAnnotator - 检测到Static Trip未匹配，feedId=rapid-bus-mrtfeeder，snapshotUid=516a559a-6166-4cff-bb00-b37d250c5111，vehicleId=VK6475，原始观测继续保存
2026-08-31 00:28:28.338 [mytransitgps-continuous-collector] WARN  c.m.persistence.service.JohorRealtimeQcAnnotator - 检测到Static Route未匹配，feedId=rapid-bus-mrtfeeder，snapshotUid=516a559a-6166-4cff-bb00-b37d250c5111，vehicleId=VM1879，原始观测继续保存
2026-08-31 00:28:28.338 [mytransitgps-continuous-collector] WARN  c.m.persistence.service.JohorRealtimeQcAnnotator - 检测到Static Trip未匹配，feedId=rapid-bus-mrtfeeder，snapshotUid=516a559a-6166-4cff-bb00-b37d250c5111，vehicleId=VM1879，原始观测继续保存
2026-08-31 00:28:28.338 [mytransitgps-continuous-collector] WARN  c.m.persistence.service.JohorRealtimeQcAnnotator - 检测到Static Route未匹配，feedId=rapid-bus-mrtfeeder，snapshotUid=516a559a-6166-4cff-bb00-b37d250c5111，vehicleId=VX2856，原始观测继续保存
2026-08-31 00:28:28.338 [mytransitgps-continuous-collector] WARN  c.m.persistence.service.JohorRealtimeQcAnnotator - 检测到Static Trip未匹配，feedId=rapid-bus-mrtfeeder，snapshotUid=516a559a-6166-4cff-bb00-b37d250c5111，vehicleId=VX2856，原始观测继续保存
2026-08-31 00:29:40.301 [mytransitgps-continuous-collector] WARN  c.m.gtfs.service.RealtimeStaticEnrichmentService - Realtime Static补全存在未匹配项，城市=Kuching，feedId=mybas-kuching，routeUnresolved=1，tripUnmatched=1，原始Realtime实体继续保留
2026-08-31 00:29:40.301 [mytransitgps-continuous-collector] WARN  c.m.persistence.service.JohorRealtimeQcAnnotator - 检测到Static Route未匹配，feedId=mybas-kuching，snapshotUid=0dc1f7c8-32bd-450e-934f-4025665c7457，vehicleId=MADANI2160，原始观测继续保存
2026-08-31 00:29:40.301 [mytransitgps-continuous-collector] WARN  c.m.persistence.service.JohorRealtimeQcAnnotator - 检测到Static Trip未匹配，feedId=mybas-kuching，snapshotUid=0dc1f7c8-32bd-450e-934f-4025665c7457，vehicleId=MADANI2160，原始观测继续保存
2026-08-31 00:30:04.543 [mytransitgps-continuous-collector] WARN  c.m.gtfs.service.RealtimeStaticEnrichmentService - Realtime Static补全存在未匹配项，城市=Kuala Lumpur，feedId=rapid-bus-kl，routeUnresolved=0，tripUnmatched=1，原始Realtime实体继续保留
2026-08-31 00:30:04.543 [mytransitgps-continuous-collector] WARN  c.m.persistence.service.JohorRealtimeQcAnnotator - 检测到Static Trip未匹配，feedId=rapid-bus-kl，snapshotUid=42e54341-2fe8-4176-8e46-2264a476cbf6，vehicleId=CDH8332，原始观测继续保存
2026-08-31 00:30:12.430 [scheduling-1] WARN  c.m.m.ciq.collector.CiqTrafficSpeedCollector - CIQ API01 [N09] Raw完整快照已完成，但数据库链未完成，runUid=2feaa4dd-0a65-4e8c-ad33-3fa489443d5c，pages=288，rawRecords=143787，dbErrorCode=DATABASE_WRITE_FAILED，dbErrorMessage=class java.lang.Integer cannot be cast to class java.lang.Short (java.lang.Integer and java.lang.Short are in module java.base of loader 'bootstrap')
2026-08-31 00:30:12.430 [scheduling-1] WARN  c.m.platform.collection.CollectionExecutor - 交通数据采集未成功，module=CIQ，collector=CIQ_TRAFFIC_SPEED，runUid=2feaa4dd-0a65-4e8c-ad33-3fa489443d5c，status=PARTIAL_SUCCESS，errorCode=DATABASE_WRITE_FAILED，message=class java.lang.Integer cannot be cast to class java.lang.Short (java.lang.Integer and java.lang.Short are in module java.base of loader 'bootstrap')
2026-08-31 00:30:28.339 [mytransitgps-continuous-collector] WARN  c.m.gtfs.service.RealtimeStaticEnrichmentService - Realtime Static补全存在未匹配项，城市=Kuala Lumpur，feedId=rapid-bus-mrtfeeder，routeUnresolved=45，tripUnmatched=45，原始Realtime实体继续保留
2026-08-31 00:30:28.339 [mytransitgps-continuous-collector] WARN  c.m.persistence.service.JohorRealtimeQcAnnotator - 检测到Static Route未匹配，feedId=rapid-bus-mrtfeeder，snapshotUid=42a63229-f3ca-4079-828a-4f75e3acdffc，vehicleId=VAC5764，原始观测继续保存
2026-08-31 00:30:28.339 [mytransitgps-continuous-collector] WARN  c.m.persistence.service.JohorRealtimeQcAnnotator - 检测到Static Trip未匹配，feedId=rapid-bus-mrtfeeder，snapshotUid=42a63229-f3ca-4079-828a-4f75e3acdffc，vehicleId=VAC5764，原始观测继续保存
2026-08-31 00:30:28.339 [mytransitgps-continuous-collector] WARN  c.m.persistence.service.JohorRealtimeQcAnnotator - 检测到Static Route未匹配，feedId=rapid-bus-mrtfeeder，snapshotUid=42a63229-f3ca-4079-828a-4f75e3acdffc，vehicleId=VAC5773，原始观测继续保存
2026-08-31 00:30:28.339 [mytransitgps-continuous-collector] WARN  c.m.persistence.service.JohorRealtimeQcAnnotator - 检测到Static Trip未匹配，feedId=rapid-bus-mrtfeeder，snapshotUid=42a63229-f3ca-4079-828a-4f75e3acdffc，vehicleId=VAC5773，原始观测继续保存
2026-08-31 00:30:28.339 [mytransitgps-continuous-collector] WARN  c.m.persistence.service.JohorRealtimeQcAnnotator - 检测到Static Route未匹配，feedId=rapid-bus-mrtfeeder，snapshotUid=42a63229-f3ca-4079-828a-4f75e3acdffc，vehicleId=VAE7038，原始观测继续保存
2026-08-31 00:30:28.339 [mytransitgps-continuous-collector] WARN  c.m.persistence.service.JohorRealtimeQcAnnotator - 检测到Static Trip未匹配，feedId=rapid-bus-mrtfeeder，snapshotUid=42a63229-f3ca-4079-828a-4f75e3acdffc，vehicleId=VAE7038，原始观测继续保存
2026-08-31 00:30:28.339 [mytransitgps-continuous-collector] WARN  c.m.persistence.service.JohorRealtimeQcAnnotator - 检测到Static Route未匹配，feedId=rapid-bus-mrtfeeder，snapshotUid=42a63229-f3ca-4079-828a-4f75e3acdffc，vehicleId=VAE7196，原始观测继续保存
2026-08-31 00:30:28.339 [mytransitgps-continuous-collector] WARN  c.m.persistence.service.JohorRealtimeQcAnnotator - 检测到Static Trip未匹配，feedId=rapid-bus-mrtfeeder，snapshotUid=42a63229-f3ca-4079-828a-4f75e3acdffc，vehicleId=VAE7196，原始观测继续保存
2026-08-31 00:30:28.339 [mytransitgps-continuous-collector] WARN  c.m.persistence.service.JohorRealtimeQcAnnotator - 检测到Static Route未匹配，feedId=rapid-bus-mrtfeeder，snapshotUid=42a63229-f3ca-4079-828a-4f75e3acdffc，vehicleId=VAE7593，原始观测继续保存
2026-08-31 00:30:28.339 [mytransitgps-continuous-collector] WARN  c.m.persistence.service.JohorRealtimeQcAnnotator - 检测到Static Trip未匹配，feedId=rapid-bus-mrtfeeder，snapshotUid=42a63229-f3ca-4079-828a-4f75e3acdffc，vehicleId=VAE7593，原始观测继续保存
2026-08-31 00:30:28.339 [mytransitgps-continuous-collector] WARN  c.m.persistence.service.JohorRealtimeQcAnnotator - 检测到Static Route未匹配，feedId=rapid-bus-mrtfeeder，snapshotUid=42a63229-f3ca-4079-828a-4f75e3acdffc，vehicleId=VAF5480，原始观测继续保存
2026-08-31 00:30:28.339 [mytransitgps-continuous-collector] WARN  c.m.persistence.service.JohorRealtimeQcAnnotator - 检测到Static Trip未匹配，feedId=rapid-bus-mrtfeeder，snapshotUid=42a63229-f3ca-4079-828a-4f75e3acdffc，vehicleId=VAF5480，原始观测继续保存
2026-08-31 00:30:28.339 [mytransitgps-continuous-collector] WARN  c.m.persistence.service.JohorRealtimeQcAnnotator - 检测到Static Route未匹配，feedId=rapid-bus-mrtfeeder，snapshotUid=42a63229-f3ca-4079-828a-4f75e3acdffc，vehicleId=VAF5766，原始观测继续保存
2026-08-31 00:30:28.339 [mytransitgps-continuous-collector] WARN  c.m.persistence.service.JohorRealtimeQcAnnotator - 检测到Static Trip未匹配，feedId=rapid-bus-mrtfeeder，snapshotUid=42a63229-f3ca-4079-828a-4f75e3acdffc，vehicleId=VAF5766，原始观测继续保存
2026-08-31 00:30:28.339 [mytransitgps-continuous-collector] WARN  c.m.persistence.service.JohorRealtimeQcAnnotator - 检测到Static Route未匹配，feedId=rapid-bus-mrtfeeder，snapshotUid=42a63229-f3ca-4079-828a-4f75e3acdffc，vehicleId=VAF5780，原始观测继续保存
2026-08-31 00:30:28.339 [mytransitgps-continuous-collector] WARN  c.m.persistence.service.JohorRealtimeQcAnnotator - 检测到Static Trip未匹配，feedId=rapid-bus-mrtfeeder，snapshotUid=42a63229-f3ca-4079-828a-4f75e3acdffc，vehicleId=VAF5780，原始观测继续保存
2026-08-31 00:30:28.339 [mytransitgps-continuous-collector] WARN  c.m.persistence.service.JohorRealtimeQcAnnotator - 检测到Static Route未匹配，feedId=rapid-bus-mrtfeeder，snapshotUid=42a63229-f3ca-4079-828a-4f75e3acdffc，vehicleId=VAF6417，原始观测继续保存
2026-08-31 00:30:28.339 [mytransitgps-continuous-collector] WARN  c.m.persistence.service.JohorRealtimeQcAnnotator - 检测到Static Trip未匹配，feedId=rapid-bus-mrtfeeder，snapshotUid=42a63229-f3ca-4079-828a-4f75e3acdffc，vehicleId=VAF6417，原始观测继续保存
2026-08-31 00:30:28.339 [mytransitgps-continuous-collector] WARN  c.m.persistence.service.JohorRealtimeQcAnnotator - 检测到Static Route未匹配，feedId=rapid-bus-mrtfeeder，snapshotUid=42a63229-f3ca-4079-828a-4f75e3acdffc，vehicleId=VAF7159，原始观测继续保存
2026-08-31 00:30:28.339 [mytransitgps-continuous-collector] WARN  c.m.persistence.service.JohorRealtimeQcAnnotator - 检测到Static Trip未匹配，feedId=rapid-bus-mrtfeeder，snapshotUid=42a63229-f3ca-4079-828a-4f75e3acdffc，vehicleId=VAF7159，原始观测继续保存
2026-08-31 00:30:28.339 [mytransitgps-continuous-collector] WARN  c.m.persistence.service.JohorRealtimeQcAnnotator - 检测到Static Route未匹配，feedId=rapid-bus-mrtfeeder，snapshotUid=42a63229-f3ca-4079-828a-4f75e3acdffc，vehicleId=VAG4711，原始观测继续保存
2026-08-31 00:30:28.339 [mytransitgps-continuous-collector] WARN  c.m.persistence.service.JohorRealtimeQcAnnotator - 检测到Static Trip未匹配，feedId=rapid-bus-mrtfeeder，snapshotUid=42a63229-f3ca-4079-828a-4f75e3acdffc，vehicleId=VAG4711，原始观测继续保存
2026-08-31 00:30:28.339 [mytransitgps-continuous-collector] WARN  c.m.persistence.service.JohorRealtimeQcAnnotator - 检测到Static Route未匹配，feedId=rapid-bus-mrtfeeder，snapshotUid=42a63229-f3ca-4079-828a-4f75e3acdffc，vehicleId=VAG4725，原始观测继续保存
2026-08-31 00:30:28.339 [mytransitgps-continuous-collector] WARN  c.m.persistence.service.JohorRealtimeQcAnnotator - 检测到Static Trip未匹配，feedId=rapid-bus-mrtfeeder，snapshotUid=42a63229-f3ca-4079-828a-4f75e3acdffc，vehicleId=VAG4725，原始观测继续保存
2026-08-31 00:30:28.339 [mytransitgps-continuous-collector] WARN  c.m.persistence.service.JohorRealtimeQcAnnotator - 检测到Static Route未匹配，feedId=rapid-bus-mrtfeeder，snapshotUid=42a63229-f3ca-4079-828a-4f75e3acdffc，vehicleId=VAG4880，原始观测继续保存
2026-08-31 00:30:28.339 [mytransitgps-continuous-collector] WARN  c.m.persistence.service.JohorRealtimeQcAnnotator - 检测到Static Trip未匹配，feedId=rapid-bus-mrtfeeder，snapshotUid=42a63229-f3ca-4079-828a-4f75e3acdffc，vehicleId=VAG4880，原始观测继续保存
2026-08-31 00:30:28.339 [mytransitgps-continuous-collector] WARN  c.m.persistence.service.JohorRealtimeQcAnnotator - 检测到Static Route未匹配，feedId=rapid-bus-mrtfeeder，snapshotUid=42a63229-f3ca-4079-828a-4f75e3acdffc，vehicleId=VAG8049，原始观测继续保存
2026-08-31 00:30:28.339 [mytransitgps-continuous-collector] WARN  c.m.persistence.service.JohorRealtimeQcAnnotator - 检测到Static Trip未匹配，feedId=rapid-bus-mrtfeeder，snapshotUid=42a63229-f3ca-4079-828a-4f75e3acdffc，vehicleId=VAG8049，原始观测继续保存
2026-08-31 00:30:28.339 [mytransitgps-continuous-collector] WARN  c.m.persistence.service.JohorRealtimeQcAnnotator - 检测到Static Route未匹配，feedId=rapid-bus-mrtfeeder，snapshotUid=42a63229-f3ca-4079-828a-4f75e3acdffc，vehicleId=VAG8054，原始观测继续保存
2026-08-31 00:30:28.339 [mytransitgps-continuous-collector] WARN  c.m.persistence.service.JohorRealtimeQcAnnotator - 检测到Static Trip未匹配，feedId=rapid-bus-mrtfeeder，snapshotUid=42a63229-f3ca-4079-828a-4f75e3acdffc，vehicleId=VAG8054，原始观测继续保存
2026-08-31 00:30:28.339 [mytransitgps-continuous-collector] WARN  c.m.persistence.service.JohorRealtimeQcAnnotator - 检测到Static Route未匹配，feedId=rapid-bus-mrtfeeder，snapshotUid=42a63229-f3ca-4079-828a-4f75e3acdffc，vehicleId=VAG8541，原始观测继续保存
2026-08-31 00:30:28.339 [mytransitgps-continuous-collector] WARN  c.m.persistence.service.JohorRealtimeQcAnnotator - 检测到Static Trip未匹配，feedId=rapid-bus-mrtfeeder，snapshotUid=42a63229-f3ca-4079-828a-4f75e3acdffc，vehicleId=VAG8541，原始观测继续保存
2026-08-31 00:30:28.340 [mytransitgps-continuous-collector] WARN  c.m.persistence.service.JohorRealtimeQcAnnotator - 检测到Static Route未匹配，feedId=rapid-bus-mrtfeeder，snapshotUid=42a63229-f3ca-4079-828a-4f75e3acdffc，vehicleId=VAJ1514，原始观测继续保存
2026-08-31 00:30:28.340 [mytransitgps-continuous-collector] WARN  c.m.persistence.service.JohorRealtimeQcAnnotator - 检测到Static Trip未匹配，feedId=rapid-bus-mrtfeeder，snapshotUid=42a63229-f3ca-4079-828a-4f75e3acdffc，vehicleId=VAJ1514，原始观测继续保存
2026-08-31 00:30:28.340 [mytransitgps-continuous-collector] WARN  c.m.persistence.service.JohorRealtimeQcAnnotator - 检测到Static Route未匹配，feedId=rapid-bus-mrtfeeder，snapshotUid=42a63229-f3ca-4079-828a-4f75e3acdffc，vehicleId=VAJ2854，原始观测继续保存
2026-08-31 00:30:28.340 [mytransitgps-continuous-collector] WARN  c.m.persistence.service.JohorRealtimeQcAnnotator - 检测到Static Trip未匹配，feedId=rapid-bus-mrtfeeder，snapshotUid=42a63229-f3ca-4079-828a-4f75e3acdffc，vehicleId=VAJ2854，原始观测继续保存
2026-08-31 00:30:28.340 [mytransitgps-continuous-collector] WARN  c.m.persistence.service.JohorRealtimeQcAnnotator - 检测到Static Route未匹配，feedId=rapid-bus-mrtfeeder，snapshotUid=42a63229-f3ca-4079-828a-4f75e3acdffc，vehicleId=VAK1014，原始观测继续保存
2026-08-31 00:30:28.340 [mytransitgps-continuous-collector] WARN  c.m.persistence.service.JohorRealtimeQcAnnotator - 检测到Static Trip未匹配，feedId=rapid-bus-mrtfeeder，snapshotUid=42a63229-f3ca-4079-828a-4f75e3acdffc，vehicleId=VAK1014，原始观测继续保存
2026-08-31 00:30:28.340 [mytransitgps-continuous-collector] WARN  c.m.persistence.service.JohorRealtimeQcAnnotator - 检测到Static Route未匹配，feedId=rapid-bus-mrtfeeder，snapshotUid=42a63229-f3ca-4079-828a-4f75e3acdffc，vehicleId=VAK1034，原始观测继续保存
2026-08-31 00:30:28.340 [mytransitgps-continuous-collector] WARN  c.m.persistence.service.JohorRealtimeQcAnnotator - 检测到Static Trip未匹配，feedId=rapid-bus-mrtfeeder，snapshotUid=42a63229-f3ca-4079-828a-4f75e3acdffc，vehicleId=VAK1034，原始观测继续保存
2026-08-31 00:30:28.340 [mytransitgps-continuous-collector] WARN  c.m.persistence.service.JohorRealtimeQcAnnotator - 检测到Static Route未匹配，feedId=rapid-bus-mrtfeeder，snapshotUid=42a63229-f3ca-4079-828a-4f75e3acdffc，vehicleId=VAL4552，原始观测继续保存
2026-08-31 00:30:28.340 [mytransitgps-continuous-collector] WARN  c.m.persistence.service.JohorRealtimeQcAnnotator - 检测到Static Trip未匹配，feedId=rapid-bus-mrtfeeder，snapshotUid=42a63229-f3ca-4079-828a-4f75e3acdffc，vehicleId=VAL4552，原始观测继续保存
2026-08-31 00:30:28.340 [mytransitgps-continuous-collector] WARN  c.m.persistence.service.JohorRealtimeQcAnnotator - 检测到Future Timestamp，feedId=rapid-bus-mrtfeeder，snapshotUid=42a63229-f3ca-4079-828a-4f75e3acdffc，vehicleId=VAL4552，vehicleTime=1886017556，原始时间戳继续保存
2026-08-31 00:30:28.340 [mytransitgps-continuous-collector] WARN  c.m.persistence.service.JohorRealtimeQcAnnotator - 检测到Static Route未匹配，feedId=rapid-bus-mrtfeeder，snapshotUid=42a63229-f3ca-4079-828a-4f75e3acdffc，vehicleId=VG6477，原始观测继续保存
2026-08-31 00:30:28.340 [mytransitgps-continuous-collector] WARN  c.m.persistence.service.JohorRealtimeQcAnnotator - 检测到Static Trip未匹配，feedId=rapid-bus-mrtfeeder，snapshotUid=42a63229-f3ca-4079-828a-4f75e3acdffc，vehicleId=VG6477，原始观测继续保存
2026-08-31 00:30:28.340 [mytransitgps-continuous-collector] WARN  c.m.persistence.service.JohorRealtimeQcAnnotator - 检测到Static Route未匹配，feedId=rapid-bus-mrtfeeder，snapshotUid=42a63229-f3ca-4079-828a-4f75e3acdffc，vehicleId=VG6491，原始观测继续保存
2026-08-31 00:30:28.340 [mytransitgps-continuous-collector] WARN  c.m.persistence.service.JohorRealtimeQcAnnotator - 检测到Static Trip未匹配，feedId=rapid-bus-mrtfeeder，snapshotUid=42a63229-f3ca-4079-828a-4f75e3acdffc，vehicleId=VG6491，原始观测继续保存
2026-08-31 00:30:28.340 [mytransitgps-continuous-collector] WARN  c.m.persistence.service.JohorRealtimeQcAnnotator - 检测到Static Route未匹配，feedId=rapid-bus-mrtfeeder，snapshotUid=42a63229-f3ca-4079-828a-4f75e3acdffc，vehicleId=VG6493，原始观测继续保存
2026-08-31 00:30:28.340 [mytransitgps-continuous-collector] WARN  c.m.persistence.service.JohorRealtimeQcAnnotator - 检测到Static Trip未匹配，feedId=rapid-bus-mrtfeeder，snapshotUid=42a63229-f3ca-4079-828a-4f75e3acdffc，vehicleId=VG6493，原始观测继续保存
2026-08-31 00:30:28.340 [mytransitgps-continuous-collector] WARN  c.m.persistence.service.JohorRealtimeQcAnnotator - 检测到Static Route未匹配，feedId=rapid-bus-mrtfeeder，snapshotUid=42a63229-f3ca-4079-828a-4f75e3acdffc，vehicleId=VG6529，原始观测继续保存
2026-08-31 00:30:28.340 [mytransitgps-continuous-collector] WARN  c.m.persistence.service.JohorRealtimeQcAnnotator - 检测到Static Trip未匹配，feedId=rapid-bus-mrtfeeder，snapshotUid=42a63229-f3ca-4079-828a-4f75e3acdffc，vehicleId=VG6529，原始观测继续保存
2026-08-31 00:30:28.340 [mytransitgps-continuous-collector] WARN  c.m.persistence.service.JohorRealtimeQcAnnotator - 检测到Static Route未匹配，feedId=rapid-bus-mrtfeeder，snapshotUid=42a63229-f3ca-4079-828a-4f75e3acdffc，vehicleId=VG8673，原始观测继续保存
2026-08-31 00:30:28.340 [mytransitgps-continuous-collector] WARN  c.m.persistence.service.JohorRealtimeQcAnnotator - 检测到Static Trip未匹配，feedId=rapid-bus-mrtfeeder，snapshotUid=42a63229-f3ca-4079-828a-4f75e3acdffc，vehicleId=VG8673，原始观测继续保存
2026-08-31 00:30:28.340 [mytransitgps-continuous-collector] WARN  c.m.persistence.service.JohorRealtimeQcAnnotator - 检测到Static Route未匹配，feedId=rapid-bus-mrtfeeder，snapshotUid=42a63229-f3ca-4079-828a-4f75e3acdffc，vehicleId=VG8742，原始观测继续保存
2026-08-31 00:30:28.340 [mytransitgps-continuous-collector] WARN  c.m.persistence.service.JohorRealtimeQcAnnotator - 检测到Static Trip未匹配，feedId=rapid-bus-mrtfeeder，snapshotUid=42a63229-f3ca-4079-828a-4f75e3acdffc，vehicleId=VG8742，原始观测继续保存
2026-08-31 00:30:28.340 [mytransitgps-continuous-collector] WARN  c.m.persistence.service.JohorRealtimeQcAnnotator - 检测到Static Route未匹配，feedId=rapid-bus-mrtfeeder，snapshotUid=42a63229-f3ca-4079-828a-4f75e3acdffc，vehicleId=VH1382，原始观测继续保存
2026-08-31 00:30:28.340 [mytransitgps-continuous-collector] WARN  c.m.persistence.service.JohorRealtimeQcAnnotator - 检测到Static Trip未匹配，feedId=rapid-bus-mrtfeeder，snapshotUid=42a63229-f3ca-4079-828a-4f75e3acdffc，vehicleId=VH1382，原始观测继续保存
2026-08-31 00:30:28.340 [mytransitgps-continuous-collector] WARN  c.m.persistence.service.JohorRealtimeQcAnnotator - 检测到Static Route未匹配，feedId=rapid-bus-mrtfeeder，snapshotUid=42a63229-f3ca-4079-828a-4f75e3acdffc，vehicleId=VH1568，原始观测继续保存
2026-08-31 00:30:28.340 [mytransitgps-continuous-collector] WARN  c.m.persistence.service.JohorRealtimeQcAnnotator - 检测到Static Trip未匹配，feedId=rapid-bus-mrtfeeder，snapshotUid=42a63229-f3ca-4079-828a-4f75e3acdffc，vehicleId=VH1568，原始观测继续保存
2026-08-31 00:30:28.340 [mytransitgps-continuous-collector] WARN  c.m.persistence.service.JohorRealtimeQcAnnotator - 检测到Static Route未匹配，feedId=rapid-bus-mrtfeeder，snapshotUid=42a63229-f3ca-4079-828a-4f75e3acdffc，vehicleId=VH2059，原始观测继续保存
2026-08-31 00:30:28.340 [mytransitgps-continuous-collector] WARN  c.m.persistence.service.JohorRealtimeQcAnnotator - 检测到Static Trip未匹配，feedId=rapid-bus-mrtfeeder，snapshotUid=42a63229-f3ca-4079-828a-4f75e3acdffc，vehicleId=VH2059，原始观测继续保存
2026-08-31 00:30:28.340 [mytransitgps-continuous-collector] WARN  c.m.persistence.service.JohorRealtimeQcAnnotator - 检测到Static Route未匹配，feedId=rapid-bus-mrtfeeder，snapshotUid=42a63229-f3ca-4079-828a-4f75e3acdffc，vehicleId=VH2490，原始观测继续保存
2026-08-31 00:30:28.340 [mytransitgps-continuous-collector] WARN  c.m.persistence.service.JohorRealtimeQcAnnotator - 检测到Static Trip未匹配，feedId=rapid-bus-mrtfeeder，snapshotUid=42a63229-f3ca-4079-828a-4f75e3acdffc，vehicleId=VH2490，原始观测继续保存
2026-08-31 00:30:28.340 [mytransitgps-continuous-collector] WARN  c.m.persistence.service.JohorRealtimeQcAnnotator - 检测到Static Route未匹配，feedId=rapid-bus-mrtfeeder，snapshotUid=42a63229-f3ca-4079-828a-4f75e3acdffc，vehicleId=VH2491，原始观测继续保存
2026-08-31 00:30:28.340 [mytransitgps-continuous-collector] WARN  c.m.persistence.service.JohorRealtimeQcAnnotator - 检测到Static Trip未匹配，feedId=rapid-bus-mrtfeeder，snapshotUid=42a63229-f3ca-4079-828a-4f75e3acdffc，vehicleId=VH2491，原始观测继续保存
2026-08-31 00:30:28.340 [mytransitgps-continuous-collector] WARN  c.m.persistence.service.JohorRealtimeQcAnnotator - 检测到Static Route未匹配，feedId=rapid-bus-mrtfeeder，snapshotUid=42a63229-f3ca-4079-828a-4f75e3acdffc，vehicleId=VH2494，原始观测继续保存
2026-08-31 00:30:28.340 [mytransitgps-continuous-collector] WARN  c.m.persistence.service.JohorRealtimeQcAnnotator - 检测到Static Trip未匹配，feedId=rapid-bus-mrtfeeder，snapshotUid=42a63229-f3ca-4079-828a-4f75e3acdffc，vehicleId=VH2494，原始观测继续保存
2026-08-31 00:30:28.340 [mytransitgps-continuous-collector] WARN  c.m.persistence.service.JohorRealtimeQcAnnotator - 检测到Static Route未匹配，feedId=rapid-bus-mrtfeeder，snapshotUid=42a63229-f3ca-4079-828a-4f75e3acdffc，vehicleId=VH2549，原始观测继续保存
2026-08-31 00:30:28.340 [mytransitgps-continuous-collector] WARN  c.m.persistence.service.JohorRealtimeQcAnnotator - 检测到Static Trip未匹配，feedId=rapid-bus-mrtfeeder，snapshotUid=42a63229-f3ca-4079-828a-4f75e3acdffc，vehicleId=VH2549，原始观测继续保存
2026-08-31 00:30:28.340 [mytransitgps-continuous-collector] WARN  c.m.persistence.service.JohorRealtimeQcAnnotator - 检测到Static Route未匹配，feedId=rapid-bus-mrtfeeder，snapshotUid=42a63229-f3ca-4079-828a-4f75e3acdffc，vehicleId=VH4037，原始观测继续保存
2026-08-31 00:30:28.340 [mytransitgps-continuous-collector] WARN  c.m.persistence.service.JohorRealtimeQcAnnotator - 检测到Static Trip未匹配，feedId=rapid-bus-mrtfeeder，snapshotUid=42a63229-f3ca-4079-828a-4f75e3acdffc，vehicleId=VH4037，原始观测继续保存
2026-08-31 00:30:28.340 [mytransitgps-continuous-collector] WARN  c.m.persistence.service.JohorRealtimeQcAnnotator - 检测到Static Route未匹配，feedId=rapid-bus-mrtfeeder，snapshotUid=42a63229-f3ca-4079-828a-4f75e3acdffc，vehicleId=VH4053，原始观测继续保存
2026-08-31 00:30:28.340 [mytransitgps-continuous-collector] WARN  c.m.persistence.service.JohorRealtimeQcAnnotator - 检测到Static Trip未匹配，feedId=rapid-bus-mrtfeeder，snapshotUid=42a63229-f3ca-4079-828a-4f75e3acdffc，vehicleId=VH4053，原始观测继续保存
2026-08-31 00:30:28.341 [mytransitgps-continuous-collector] WARN  c.m.persistence.service.JohorRealtimeQcAnnotator - 检测到Static Route未匹配，feedId=rapid-bus-mrtfeeder，snapshotUid=42a63229-f3ca-4079-828a-4f75e3acdffc，vehicleId=VH4108，原始观测继续保存
2026-08-31 00:30:28.341 [mytransitgps-continuous-collector] WARN  c.m.persistence.service.JohorRealtimeQcAnnotator - 检测到Static Trip未匹配，feedId=rapid-bus-mrtfeeder，snapshotUid=42a63229-f3ca-4079-828a-4f75e3acdffc，vehicleId=VH4108，原始观测继续保存
2026-08-31 00:30:28.341 [mytransitgps-continuous-collector] WARN  c.m.persistence.service.JohorRealtimeQcAnnotator - 检测到Static Route未匹配，feedId=rapid-bus-mrtfeeder，snapshotUid=42a63229-f3ca-4079-828a-4f75e3acdffc，vehicleId=VH4189，原始观测继续保存
2026-08-31 00:30:28.341 [mytransitgps-continuous-collector] WARN  c.m.persistence.service.JohorRealtimeQcAnnotator - 检测到Static Trip未匹配，feedId=rapid-bus-mrtfeeder，snapshotUid=42a63229-f3ca-4079-828a-4f75e3acdffc，vehicleId=VH4189，原始观测继续保存
2026-08-31 00:30:28.341 [mytransitgps-continuous-collector] WARN  c.m.persistence.service.JohorRealtimeQcAnnotator - 检测到Static Route未匹配，feedId=rapid-bus-mrtfeeder，snapshotUid=42a63229-f3ca-4079-828a-4f75e3acdffc，vehicleId=VH4268，原始观测继续保存
2026-08-31 00:30:28.341 [mytransitgps-continuous-collector] WARN  c.m.persistence.service.JohorRealtimeQcAnnotator - 检测到Static Trip未匹配，feedId=rapid-bus-mrtfeeder，snapshotUid=42a63229-f3ca-4079-828a-4f75e3acdffc，vehicleId=VH4268，原始观测继续保存
2026-08-31 00:30:28.341 [mytransitgps-continuous-collector] WARN  c.m.persistence.service.JohorRealtimeQcAnnotator - 检测到Static Route未匹配，feedId=rapid-bus-mrtfeeder，snapshotUid=42a63229-f3ca-4079-828a-4f75e3acdffc，vehicleId=VH4924，原始观测继续保存
2026-08-31 00:30:28.341 [mytransitgps-continuous-collector] WARN  c.m.persistence.service.JohorRealtimeQcAnnotator - 检测到Static Trip未匹配，feedId=rapid-bus-mrtfeeder，snapshotUid=42a63229-f3ca-4079-828a-4f75e3acdffc，vehicleId=VH4924，原始观测继续保存
2026-08-31 00:30:28.341 [mytransitgps-continuous-collector] WARN  c.m.persistence.service.JohorRealtimeQcAnnotator - 检测到Static Route未匹配，feedId=rapid-bus-mrtfeeder，snapshotUid=42a63229-f3ca-4079-828a-4f75e3acdffc，vehicleId=VH4930，原始观测继续保存
2026-08-31 00:30:28.341 [mytransitgps-continuous-collector] WARN  c.m.persistence.service.JohorRealtimeQcAnnotator - 检测到Static Trip未匹配，feedId=rapid-bus-mrtfeeder，snapshotUid=42a63229-f3ca-4079-828a-4f75e3acdffc，vehicleId=VH4930，原始观测继续保存
2026-08-31 00:30:28.341 [mytransitgps-continuous-collector] WARN  c.m.persistence.service.JohorRealtimeQcAnnotator - 检测到Static Route未匹配，feedId=rapid-bus-mrtfeeder，snapshotUid=42a63229-f3ca-4079-828a-4f75e3acdffc，vehicleId=VH4985，原始观测继续保存
2026-08-31 00:30:28.341 [mytransitgps-continuous-collector] WARN  c.m.persistence.service.JohorRealtimeQcAnnotator - 检测到Static Trip未匹配，feedId=rapid-bus-mrtfeeder，snapshotUid=42a63229-f3ca-4079-828a-4f75e3acdffc，vehicleId=VH4985，原始观测继续保存
2026-08-31 00:30:28.341 [mytransitgps-continuous-collector] WARN  c.m.persistence.service.JohorRealtimeQcAnnotator - 检测到Static Route未匹配，feedId=rapid-bus-mrtfeeder，snapshotUid=42a63229-f3ca-4079-828a-4f75e3acdffc，vehicleId=VK2684，原始观测继续保存
2026-08-31 00:30:28.341 [mytransitgps-continuous-collector] WARN  c.m.persistence.service.JohorRealtimeQcAnnotator - 检测到Static Trip未匹配，feedId=rapid-bus-mrtfeeder，snapshotUid=42a63229-f3ca-4079-828a-4f75e3acdffc，vehicleId=VK2684，原始观测继续保存
2026-08-31 00:30:28.341 [mytransitgps-continuous-collector] WARN  c.m.persistence.service.JohorRealtimeQcAnnotator - 检测到Static Route未匹配，feedId=rapid-bus-mrtfeeder，snapshotUid=42a63229-f3ca-4079-828a-4f75e3acdffc，vehicleId=VK6475，原始观测继续保存
2026-08-31 00:30:28.341 [mytransitgps-continuous-collector] WARN  c.m.persistence.service.JohorRealtimeQcAnnotator - 检测到Static Trip未匹配，feedId=rapid-bus-mrtfeeder，snapshotUid=42a63229-f3ca-4079-828a-4f75e3acdffc，vehicleId=VK6475，原始观测继续保存
2026-08-31 00:30:28.341 [mytransitgps-continuous-collector] WARN  c.m.persistence.service.JohorRealtimeQcAnnotator - 检测到Static Route未匹配，feedId=rapid-bus-mrtfeeder，snapshotUid=42a63229-f3ca-4079-828a-4f75e3acdffc，vehicleId=VX2856，原始观测继续保存
2026-08-31 00:30:28.341 [mytransitgps-continuous-collector] WARN  c.m.persistence.service.JohorRealtimeQcAnnotator - 检测到Static Trip未匹配，feedId=rapid-bus-mrtfeeder，snapshotUid=42a63229-f3ca-4079-828a-4f75e3acdffc，vehicleId=VX2856，原始观测继续保存
2026-08-31 00:31:40.306 [mytransitgps-continuous-collector] WARN  c.m.gtfs.service.RealtimeStaticEnrichmentService - Realtime Static补全存在未匹配项，城市=Kuching，feedId=mybas-kuching，routeUnresolved=1，tripUnmatched=1，原始Realtime实体继续保留
2026-08-31 00:31:40.306 [mytransitgps-continuous-collector] WARN  c.m.persistence.service.JohorRealtimeQcAnnotator - 检测到Static Route未匹配，feedId=mybas-kuching，snapshotUid=8d9e5744-2c2b-43cd-808b-35df6ed4ba86，vehicleId=MADANI2160，原始观测继续保存
2026-08-31 00:31:40.306 [mytransitgps-continuous-collector] WARN  c.m.persistence.service.JohorRealtimeQcAnnotator - 检测到Static Trip未匹配，feedId=mybas-kuching，snapshotUid=8d9e5744-2c2b-43cd-808b-35df6ed4ba86，vehicleId=MADANI2160，原始观测继续保存
2026-08-31 00:32:04.332 [mytransitgps-continuous-collector] WARN  c.m.gtfs.service.RealtimeStaticEnrichmentService - Realtime Static补全存在未匹配项，城市=Kuala Lumpur，feedId=rapid-bus-kl，routeUnresolved=0，tripUnmatched=1，原始Realtime实体继续保留
2026-08-31 00:32:04.332 [mytransitgps-continuous-collector] WARN  c.m.persistence.service.JohorRealtimeQcAnnotator - 检测到Static Trip未匹配，feedId=rapid-bus-kl，snapshotUid=b09ffb1e-f193-47de-87a5-496a5152d17d，vehicleId=CDH8332，原始观测继续保存
2026-08-31 00:32:28.340 [mytransitgps-continuous-collector] WARN  c.m.gtfs.service.RealtimeStaticEnrichmentService - Realtime Static补全存在未匹配项，城市=Kuala Lumpur，feedId=rapid-bus-mrtfeeder，routeUnresolved=47，tripUnmatched=47，原始Realtime实体继续保留
2026-08-31 00:32:28.340 [mytransitgps-continuous-collector] WARN  c.m.persistence.service.JohorRealtimeQcAnnotator - 检测到Static Route未匹配，feedId=rapid-bus-mrtfeeder，snapshotUid=a5908629-4d0a-4097-ab41-f8099867ba5f，vehicleId=VAC5764，原始观测继续保存
2026-08-31 00:32:28.340 [mytransitgps-continuous-collector] WARN  c.m.persistence.service.JohorRealtimeQcAnnotator - 检测到Static Trip未匹配，feedId=rapid-bus-mrtfeeder，snapshotUid=a5908629-4d0a-4097-ab41-f8099867ba5f，vehicleId=VAC5764，原始观测继续保存
2026-08-31 00:32:28.340 [mytransitgps-continuous-collector] WARN  c.m.persistence.service.JohorRealtimeQcAnnotator - 检测到Static Route未匹配，feedId=rapid-bus-mrtfeeder，snapshotUid=a5908629-4d0a-4097-ab41-f8099867ba5f，vehicleId=VAC5773，原始观测继续保存
2026-08-31 00:32:28.340 [mytransitgps-continuous-collector] WARN  c.m.persistence.service.JohorRealtimeQcAnnotator - 检测到Static Trip未匹配，feedId=rapid-bus-mrtfeeder，snapshotUid=a5908629-4d0a-4097-ab41-f8099867ba5f，vehicleId=VAC5773，原始观测继续保存
2026-08-31 00:32:28.340 [mytransitgps-continuous-collector] WARN  c.m.persistence.service.JohorRealtimeQcAnnotator - 检测到Static Route未匹配，feedId=rapid-bus-mrtfeeder，snapshotUid=a5908629-4d0a-4097-ab41-f8099867ba5f，vehicleId=VAE7038，原始观测继续保存
2026-08-31 00:32:28.340 [mytransitgps-continuous-collector] WARN  c.m.persistence.service.JohorRealtimeQcAnnotator - 检测到Static Trip未匹配，feedId=rapid-bus-mrtfeeder，snapshotUid=a5908629-4d0a-4097-ab41-f8099867ba5f，vehicleId=VAE7038，原始观测继续保存
2026-08-31 00:32:28.340 [mytransitgps-continuous-collector] WARN  c.m.persistence.service.JohorRealtimeQcAnnotator - 检测到Static Route未匹配，feedId=rapid-bus-mrtfeeder，snapshotUid=a5908629-4d0a-4097-ab41-f8099867ba5f，vehicleId=VAE7196，原始观测继续保存
2026-08-31 00:32:28.340 [mytransitgps-continuous-collector] WARN  c.m.persistence.service.JohorRealtimeQcAnnotator - 检测到Static Trip未匹配，feedId=rapid-bus-mrtfeeder，snapshotUid=a5908629-4d0a-4097-ab41-f8099867ba5f，vehicleId=VAE7196，原始观测继续保存
2026-08-31 00:32:28.340 [mytransitgps-continuous-collector] WARN  c.m.persistence.service.JohorRealtimeQcAnnotator - 检测到Static Route未匹配，feedId=rapid-bus-mrtfeeder，snapshotUid=a5908629-4d0a-4097-ab41-f8099867ba5f，vehicleId=VAE7593，原始观测继续保存
2026-08-31 00:32:28.340 [mytransitgps-continuous-collector] WARN  c.m.persistence.service.JohorRealtimeQcAnnotator - 检测到Static Trip未匹配，feedId=rapid-bus-mrtfeeder，snapshotUid=a5908629-4d0a-4097-ab41-f8099867ba5f，vehicleId=VAE7593，原始观测继续保存
2026-08-31 00:32:28.340 [mytransitgps-continuous-collector] WARN  c.m.persistence.service.JohorRealtimeQcAnnotator - 检测到Static Route未匹配，feedId=rapid-bus-mrtfeeder，snapshotUid=a5908629-4d0a-4097-ab41-f8099867ba5f，vehicleId=VAF5439，原始观测继续保存
2026-08-31 00:32:28.340 [mytransitgps-continuous-collector] WARN  c.m.persistence.service.JohorRealtimeQcAnnotator - 检测到Static Trip未匹配，feedId=rapid-bus-mrtfeeder，snapshotUid=a5908629-4d0a-4097-ab41-f8099867ba5f，vehicleId=VAF5439，原始观测继续保存
2026-08-31 00:32:28.340 [mytransitgps-continuous-collector] WARN  c.m.persistence.service.JohorRealtimeQcAnnotator - 检测到Static Route未匹配，feedId=rapid-bus-mrtfeeder，snapshotUid=a5908629-4d0a-4097-ab41-f8099867ba5f，vehicleId=VAF5480，原始观测继续保存
2026-08-31 00:32:28.340 [mytransitgps-continuous-collector] WARN  c.m.persistence.service.JohorRealtimeQcAnnotator - 检测到Static Trip未匹配，feedId=rapid-bus-mrtfeeder，snapshotUid=a5908629-4d0a-4097-ab41-f8099867ba5f，vehicleId=VAF5480，原始观测继续保存
2026-08-31 00:32:28.340 [mytransitgps-continuous-collector] WARN  c.m.persistence.service.JohorRealtimeQcAnnotator - 检测到Static Route未匹配，feedId=rapid-bus-mrtfeeder，snapshotUid=a5908629-4d0a-4097-ab41-f8099867ba5f，vehicleId=VAF5766，原始观测继续保存
2026-08-31 00:32:28.340 [mytransitgps-continuous-collector] WARN  c.m.persistence.service.JohorRealtimeQcAnnotator - 检测到Static Trip未匹配，feedId=rapid-bus-mrtfeeder，snapshotUid=a5908629-4d0a-4097-ab41-f8099867ba5f，vehicleId=VAF5766，原始观测继续保存
2026-08-31 00:32:28.340 [mytransitgps-continuous-collector] WARN  c.m.persistence.service.JohorRealtimeQcAnnotator - 检测到Static Route未匹配，feedId=rapid-bus-mrtfeeder，snapshotUid=a5908629-4d0a-4097-ab41-f8099867ba5f，vehicleId=VAF5780，原始观测继续保存
2026-08-31 00:32:28.340 [mytransitgps-continuous-collector] WARN  c.m.persistence.service.JohorRealtimeQcAnnotator - 检测到Static Trip未匹配，feedId=rapid-bus-mrtfeeder，snapshotUid=a5908629-4d0a-4097-ab41-f8099867ba5f，vehicleId=VAF5780，原始观测继续保存
2026-08-31 00:32:28.340 [mytransitgps-continuous-collector] WARN  c.m.persistence.service.JohorRealtimeQcAnnotator - 检测到车辆位置异常，feedId=rapid-bus-mrtfeeder，snapshotUid=a5908629-4d0a-4097-ab41-f8099867ba5f，vehicleId=VAF5780，status=ZERO_ZERO_POSITION，原始经纬度继续保存
2026-08-31 00:32:28.340 [mytransitgps-continuous-collector] WARN  c.m.persistence.service.JohorRealtimeQcAnnotator - 检测到Static Route未匹配，feedId=rapid-bus-mrtfeeder，snapshotUid=a5908629-4d0a-4097-ab41-f8099867ba5f，vehicleId=VAF7159，原始观测继续保存
2026-08-31 00:32:28.340 [mytransitgps-continuous-collector] WARN  c.m.persistence.service.JohorRealtimeQcAnnotator - 检测到Static Trip未匹配，feedId=rapid-bus-mrtfeeder，snapshotUid=a5908629-4d0a-4097-ab41-f8099867ba5f，vehicleId=VAF7159，原始观测继续保存
2026-08-31 00:32:28.340 [mytransitgps-continuous-collector] WARN  c.m.persistence.service.JohorRealtimeQcAnnotator - 检测到Static Route未匹配，feedId=rapid-bus-mrtfeeder，snapshotUid=a5908629-4d0a-4097-ab41-f8099867ba5f，vehicleId=VAG4711，原始观测继续保存
2026-08-31 00:32:28.341 [mytransitgps-continuous-collector] WARN  c.m.persistence.service.JohorRealtimeQcAnnotator - 检测到Static Trip未匹配，feedId=rapid-bus-mrtfeeder，snapshotUid=a5908629-4d0a-4097-ab41-f8099867ba5f，vehicleId=VAG4711，原始观测继续保存
2026-08-31 00:32:28.341 [mytransitgps-continuous-collector] WARN  c.m.persistence.service.JohorRealtimeQcAnnotator - 检测到Static Route未匹配，feedId=rapid-bus-mrtfeeder，snapshotUid=a5908629-4d0a-4097-ab41-f8099867ba5f，vehicleId=VAG4725，原始观测继续保存
2026-08-31 00:32:28.341 [mytransitgps-continuous-collector] WARN  c.m.persistence.service.JohorRealtimeQcAnnotator - 检测到Static Trip未匹配，feedId=rapid-bus-mrtfeeder，snapshotUid=a5908629-4d0a-4097-ab41-f8099867ba5f，vehicleId=VAG4725，原始观测继续保存
2026-08-31 00:32:28.341 [mytransitgps-continuous-collector] WARN  c.m.persistence.service.JohorRealtimeQcAnnotator - 检测到Static Route未匹配，feedId=rapid-bus-mrtfeeder，snapshotUid=a5908629-4d0a-4097-ab41-f8099867ba5f，vehicleId=VAG4880，原始观测继续保存
2026-08-31 00:32:28.341 [mytransitgps-continuous-collector] WARN  c.m.persistence.service.JohorRealtimeQcAnnotator - 检测到Static Trip未匹配，feedId=rapid-bus-mrtfeeder，snapshotUid=a5908629-4d0a-4097-ab41-f8099867ba5f，vehicleId=VAG4880，原始观测继续保存
2026-08-31 00:32:28.341 [mytransitgps-continuous-collector] WARN  c.m.persistence.service.JohorRealtimeQcAnnotator - 检测到Static Route未匹配，feedId=rapid-bus-mrtfeeder，snapshotUid=a5908629-4d0a-4097-ab41-f8099867ba5f，vehicleId=VAG8049，原始观测继续保存
2026-08-31 00:32:28.341 [mytransitgps-continuous-collector] WARN  c.m.persistence.service.JohorRealtimeQcAnnotator - 检测到Static Trip未匹配，feedId=rapid-bus-mrtfeeder，snapshotUid=a5908629-4d0a-4097-ab41-f8099867ba5f，vehicleId=VAG8049，原始观测继续保存
2026-08-31 00:32:28.341 [mytransitgps-continuous-collector] WARN  c.m.persistence.service.JohorRealtimeQcAnnotator - 检测到Static Route未匹配，feedId=rapid-bus-mrtfeeder，snapshotUid=a5908629-4d0a-4097-ab41-f8099867ba5f，vehicleId=VAG8054，原始观测继续保存
2026-08-31 00:32:28.341 [mytransitgps-continuous-collector] WARN  c.m.persistence.service.JohorRealtimeQcAnnotator - 检测到Static Trip未匹配，feedId=rapid-bus-mrtfeeder，snapshotUid=a5908629-4d0a-4097-ab41-f8099867ba5f，vehicleId=VAG8054，原始观测继续保存
2026-08-31 00:32:28.341 [mytransitgps-continuous-collector] WARN  c.m.persistence.service.JohorRealtimeQcAnnotator - 检测到Static Route未匹配，feedId=rapid-bus-mrtfeeder，snapshotUid=a5908629-4d0a-4097-ab41-f8099867ba5f，vehicleId=VAG8541，原始观测继续保存
2026-08-31 00:32:28.341 [mytransitgps-continuous-collector] WARN  c.m.persistence.service.JohorRealtimeQcAnnotator - 检测到Static Trip未匹配，feedId=rapid-bus-mrtfeeder，snapshotUid=a5908629-4d0a-4097-ab41-f8099867ba5f，vehicleId=VAG8541，原始观测继续保存
2026-08-31 00:32:28.341 [mytransitgps-continuous-collector] WARN  c.m.persistence.service.JohorRealtimeQcAnnotator - 检测到Static Route未匹配，feedId=rapid-bus-mrtfeeder，snapshotUid=a5908629-4d0a-4097-ab41-f8099867ba5f，vehicleId=VAJ1514，原始观测继续保存
2026-08-31 00:32:28.341 [mytransitgps-continuous-collector] WARN  c.m.persistence.service.JohorRealtimeQcAnnotator - 检测到Static Trip未匹配，feedId=rapid-bus-mrtfeeder，snapshotUid=a5908629-4d0a-4097-ab41-f8099867ba5f，vehicleId=VAJ1514，原始观测继续保存
2026-08-31 00:32:28.341 [mytransitgps-continuous-collector] WARN  c.m.persistence.service.JohorRealtimeQcAnnotator - 检测到Static Route未匹配，feedId=rapid-bus-mrtfeeder，snapshotUid=a5908629-4d0a-4097-ab41-f8099867ba5f，vehicleId=VAJ2854，原始观测继续保存
2026-08-31 00:32:28.341 [mytransitgps-continuous-collector] WARN  c.m.persistence.service.JohorRealtimeQcAnnotator - 检测到Static Trip未匹配，feedId=rapid-bus-mrtfeeder，snapshotUid=a5908629-4d0a-4097-ab41-f8099867ba5f，vehicleId=VAJ2854，原始观测继续保存
2026-08-31 00:32:28.341 [mytransitgps-continuous-collector] WARN  c.m.persistence.service.JohorRealtimeQcAnnotator - 检测到Static Route未匹配，feedId=rapid-bus-mrtfeeder，snapshotUid=a5908629-4d0a-4097-ab41-f8099867ba5f，vehicleId=VAK1014，原始观测继续保存
2026-08-31 00:32:28.341 [mytransitgps-continuous-collector] WARN  c.m.persistence.service.JohorRealtimeQcAnnotator - 检测到Static Trip未匹配，feedId=rapid-bus-mrtfeeder，snapshotUid=a5908629-4d0a-4097-ab41-f8099867ba5f，vehicleId=VAK1014，原始观测继续保存
2026-08-31 00:32:28.341 [mytransitgps-continuous-collector] WARN  c.m.persistence.service.JohorRealtimeQcAnnotator - 检测到Static Route未匹配，feedId=rapid-bus-mrtfeeder，snapshotUid=a5908629-4d0a-4097-ab41-f8099867ba5f，vehicleId=VAK1034，原始观测继续保存
2026-08-31 00:32:28.341 [mytransitgps-continuous-collector] WARN  c.m.persistence.service.JohorRealtimeQcAnnotator - 检测到Static Trip未匹配，feedId=rapid-bus-mrtfeeder，snapshotUid=a5908629-4d0a-4097-ab41-f8099867ba5f，vehicleId=VAK1034，原始观测继续保存
2026-08-31 00:32:28.341 [mytransitgps-continuous-collector] WARN  c.m.persistence.service.JohorRealtimeQcAnnotator - 检测到Static Route未匹配，feedId=rapid-bus-mrtfeeder，snapshotUid=a5908629-4d0a-4097-ab41-f8099867ba5f，vehicleId=VAL4552，原始观测继续保存
2026-08-31 00:32:28.341 [mytransitgps-continuous-collector] WARN  c.m.persistence.service.JohorRealtimeQcAnnotator - 检测到Static Trip未匹配，feedId=rapid-bus-mrtfeeder，snapshotUid=a5908629-4d0a-4097-ab41-f8099867ba5f，vehicleId=VAL4552，原始观测继续保存
2026-08-31 00:32:28.341 [mytransitgps-continuous-collector] WARN  c.m.persistence.service.JohorRealtimeQcAnnotator - 检测到Future Timestamp，feedId=rapid-bus-mrtfeeder，snapshotUid=a5908629-4d0a-4097-ab41-f8099867ba5f，vehicleId=VAL4552，vehicleTime=1886017556，原始时间戳继续保存
2026-08-31 00:32:28.341 [mytransitgps-continuous-collector] WARN  c.m.persistence.service.JohorRealtimeQcAnnotator - 检测到Static Route未匹配，feedId=rapid-bus-mrtfeeder，snapshotUid=a5908629-4d0a-4097-ab41-f8099867ba5f，vehicleId=VG6477，原始观测继续保存
2026-08-31 00:32:28.341 [mytransitgps-continuous-collector] WARN  c.m.persistence.service.JohorRealtimeQcAnnotator - 检测到Static Trip未匹配，feedId=rapid-bus-mrtfeeder，snapshotUid=a5908629-4d0a-4097-ab41-f8099867ba5f，vehicleId=VG6477，原始观测继续保存
2026-08-31 00:32:28.341 [mytransitgps-continuous-collector] WARN  c.m.persistence.service.JohorRealtimeQcAnnotator - 检测到Static Route未匹配，feedId=rapid-bus-mrtfeeder，snapshotUid=a5908629-4d0a-4097-ab41-f8099867ba5f，vehicleId=VG6491，原始观测继续保存
2026-08-31 00:32:28.341 [mytransitgps-continuous-collector] WARN  c.m.persistence.service.JohorRealtimeQcAnnotator - 检测到Static Trip未匹配，feedId=rapid-bus-mrtfeeder，snapshotUid=a5908629-4d0a-4097-ab41-f8099867ba5f，vehicleId=VG6491，原始观测继续保存
2026-08-31 00:32:28.341 [mytransitgps-continuous-collector] WARN  c.m.persistence.service.JohorRealtimeQcAnnotator - 检测到Static Route未匹配，feedId=rapid-bus-mrtfeeder，snapshotUid=a5908629-4d0a-4097-ab41-f8099867ba5f，vehicleId=VG6493，原始观测继续保存
2026-08-31 00:32:28.341 [mytransitgps-continuous-collector] WARN  c.m.persistence.service.JohorRealtimeQcAnnotator - 检测到Static Trip未匹配，feedId=rapid-bus-mrtfeeder，snapshotUid=a5908629-4d0a-4097-ab41-f8099867ba5f，vehicleId=VG6493，原始观测继续保存
2026-08-31 00:32:28.341 [mytransitgps-continuous-collector] WARN  c.m.persistence.service.JohorRealtimeQcAnnotator - 检测到Static Route未匹配，feedId=rapid-bus-mrtfeeder，snapshotUid=a5908629-4d0a-4097-ab41-f8099867ba5f，vehicleId=VG6529，原始观测继续保存
2026-08-31 00:32:28.341 [mytransitgps-continuous-collector] WARN  c.m.persistence.service.JohorRealtimeQcAnnotator - 检测到Static Trip未匹配，feedId=rapid-bus-mrtfeeder，snapshotUid=a5908629-4d0a-4097-ab41-f8099867ba5f，vehicleId=VG6529，原始观测继续保存
2026-08-31 00:32:28.341 [mytransitgps-continuous-collector] WARN  c.m.persistence.service.JohorRealtimeQcAnnotator - 检测到Static Route未匹配，feedId=rapid-bus-mrtfeeder，snapshotUid=a5908629-4d0a-4097-ab41-f8099867ba5f，vehicleId=VG8673，原始观测继续保存
2026-08-31 00:32:28.341 [mytransitgps-continuous-collector] WARN  c.m.persistence.service.JohorRealtimeQcAnnotator - 检测到Static Trip未匹配，feedId=rapid-bus-mrtfeeder，snapshotUid=a5908629-4d0a-4097-ab41-f8099867ba5f，vehicleId=VG8673，原始观测继续保存
2026-08-31 00:32:28.341 [mytransitgps-continuous-collector] WARN  c.m.persistence.service.JohorRealtimeQcAnnotator - 检测到Static Route未匹配，feedId=rapid-bus-mrtfeeder，snapshotUid=a5908629-4d0a-4097-ab41-f8099867ba5f，vehicleId=VG8742，原始观测继续保存
2026-08-31 00:32:28.341 [mytransitgps-continuous-collector] WARN  c.m.persistence.service.JohorRealtimeQcAnnotator - 检测到Static Trip未匹配，feedId=rapid-bus-mrtfeeder，snapshotUid=a5908629-4d0a-4097-ab41-f8099867ba5f，vehicleId=VG8742，原始观测继续保存
2026-08-31 00:32:28.341 [mytransitgps-continuous-collector] WARN  c.m.persistence.service.JohorRealtimeQcAnnotator - 检测到Static Route未匹配，feedId=rapid-bus-mrtfeeder，snapshotUid=a5908629-4d0a-4097-ab41-f8099867ba5f，vehicleId=VG8934，原始观测继续保存
2026-08-31 00:32:28.341 [mytransitgps-continuous-collector] WARN  c.m.persistence.service.JohorRealtimeQcAnnotator - 检测到Static Trip未匹配，feedId=rapid-bus-mrtfeeder，snapshotUid=a5908629-4d0a-4097-ab41-f8099867ba5f，vehicleId=VG8934，原始观测继续保存
2026-08-31 00:32:28.341 [mytransitgps-continuous-collector] WARN  c.m.persistence.service.JohorRealtimeQcAnnotator - 检测到Static Route未匹配，feedId=rapid-bus-mrtfeeder，snapshotUid=a5908629-4d0a-4097-ab41-f8099867ba5f，vehicleId=VH1382，原始观测继续保存
2026-08-31 00:32:28.341 [mytransitgps-continuous-collector] WARN  c.m.persistence.service.JohorRealtimeQcAnnotator - 检测到Static Trip未匹配，feedId=rapid-bus-mrtfeeder，snapshotUid=a5908629-4d0a-4097-ab41-f8099867ba5f，vehicleId=VH1382，原始观测继续保存
2026-08-31 00:32:28.341 [mytransitgps-continuous-collector] WARN  c.m.persistence.service.JohorRealtimeQcAnnotator - 检测到Static Route未匹配，feedId=rapid-bus-mrtfeeder，snapshotUid=a5908629-4d0a-4097-ab41-f8099867ba5f，vehicleId=VH1568，原始观测继续保存
2026-08-31 00:32:28.341 [mytransitgps-continuous-collector] WARN  c.m.persistence.service.JohorRealtimeQcAnnotator - 检测到Static Trip未匹配，feedId=rapid-bus-mrtfeeder，snapshotUid=a5908629-4d0a-4097-ab41-f8099867ba5f，vehicleId=VH1568，原始观测继续保存
2026-08-31 00:32:28.341 [mytransitgps-continuous-collector] WARN  c.m.persistence.service.JohorRealtimeQcAnnotator - 检测到Static Route未匹配，feedId=rapid-bus-mrtfeeder，snapshotUid=a5908629-4d0a-4097-ab41-f8099867ba5f，vehicleId=VH2491，原始观测继续保存
2026-08-31 00:32:28.341 [mytransitgps-continuous-collector] WARN  c.m.persistence.service.JohorRealtimeQcAnnotator - 检测到Static Trip未匹配，feedId=rapid-bus-mrtfeeder，snapshotUid=a5908629-4d0a-4097-ab41-f8099867ba5f，vehicleId=VH2491，原始观测继续保存
2026-08-31 00:32:28.341 [mytransitgps-continuous-collector] WARN  c.m.persistence.service.JohorRealtimeQcAnnotator - 检测到Static Route未匹配，feedId=rapid-bus-mrtfeeder，snapshotUid=a5908629-4d0a-4097-ab41-f8099867ba5f，vehicleId=VH2494，原始观测继续保存
2026-08-31 00:32:28.341 [mytransitgps-continuous-collector] WARN  c.m.persistence.service.JohorRealtimeQcAnnotator - 检测到Static Trip未匹配，feedId=rapid-bus-mrtfeeder，snapshotUid=a5908629-4d0a-4097-ab41-f8099867ba5f，vehicleId=VH2494，原始观测继续保存
2026-08-31 00:32:28.341 [mytransitgps-continuous-collector] WARN  c.m.persistence.service.JohorRealtimeQcAnnotator - 检测到Static Route未匹配，feedId=rapid-bus-mrtfeeder，snapshotUid=a5908629-4d0a-4097-ab41-f8099867ba5f，vehicleId=VH2549，原始观测继续保存
2026-08-31 00:32:28.341 [mytransitgps-continuous-collector] WARN  c.m.persistence.service.JohorRealtimeQcAnnotator - 检测到Static Trip未匹配，feedId=rapid-bus-mrtfeeder，snapshotUid=a5908629-4d0a-4097-ab41-f8099867ba5f，vehicleId=VH2549，原始观测继续保存
2026-08-31 00:32:28.341 [mytransitgps-continuous-collector] WARN  c.m.persistence.service.JohorRealtimeQcAnnotator - 检测到Static Route未匹配，feedId=rapid-bus-mrtfeeder，snapshotUid=a5908629-4d0a-4097-ab41-f8099867ba5f，vehicleId=VH4037，原始观测继续保存
2026-08-31 00:32:28.341 [mytransitgps-continuous-collector] WARN  c.m.persistence.service.JohorRealtimeQcAnnotator - 检测到Static Trip未匹配，feedId=rapid-bus-mrtfeeder，snapshotUid=a5908629-4d0a-4097-ab41-f8099867ba5f，vehicleId=VH4037，原始观测继续保存
2026-08-31 00:32:28.341 [mytransitgps-continuous-collector] WARN  c.m.persistence.service.JohorRealtimeQcAnnotator - 检测到Static Route未匹配，feedId=rapid-bus-mrtfeeder，snapshotUid=a5908629-4d0a-4097-ab41-f8099867ba5f，vehicleId=VH4053，原始观测继续保存
2026-08-31 00:32:28.341 [mytransitgps-continuous-collector] WARN  c.m.persistence.service.JohorRealtimeQcAnnotator - 检测到Static Trip未匹配，feedId=rapid-bus-mrtfeeder，snapshotUid=a5908629-4d0a-4097-ab41-f8099867ba5f，vehicleId=VH4053，原始观测继续保存
2026-08-31 00:32:28.341 [mytransitgps-continuous-collector] WARN  c.m.persistence.service.JohorRealtimeQcAnnotator - 检测到Static Route未匹配，feedId=rapid-bus-mrtfeeder，snapshotUid=a5908629-4d0a-4097-ab41-f8099867ba5f，vehicleId=VH4086，原始观测继续保存
2026-08-31 00:32:28.341 [mytransitgps-continuous-collector] WARN  c.m.persistence.service.JohorRealtimeQcAnnotator - 检测到Static Trip未匹配，feedId=rapid-bus-mrtfeeder，snapshotUid=a5908629-4d0a-4097-ab41-f8099867ba5f，vehicleId=VH4086，原始观测继续保存
2026-08-31 00:32:28.341 [mytransitgps-continuous-collector] WARN  c.m.persistence.service.JohorRealtimeQcAnnotator - 检测到Static Route未匹配，feedId=rapid-bus-mrtfeeder，snapshotUid=a5908629-4d0a-4097-ab41-f8099867ba5f，vehicleId=VH4108，原始观测继续保存
2026-08-31 00:32:28.341 [mytransitgps-continuous-collector] WARN  c.m.persistence.service.JohorRealtimeQcAnnotator - 检测到Static Trip未匹配，feedId=rapid-bus-mrtfeeder，snapshotUid=a5908629-4d0a-4097-ab41-f8099867ba5f，vehicleId=VH4108，原始观测继续保存
2026-08-31 00:32:28.342 [mytransitgps-continuous-collector] WARN  c.m.persistence.service.JohorRealtimeQcAnnotator - 检测到Static Route未匹配，feedId=rapid-bus-mrtfeeder，snapshotUid=a5908629-4d0a-4097-ab41-f8099867ba5f，vehicleId=VH4189，原始观测继续保存
2026-08-31 00:32:28.342 [mytransitgps-continuous-collector] WARN  c.m.persistence.service.JohorRealtimeQcAnnotator - 检测到Static Trip未匹配，feedId=rapid-bus-mrtfeeder，snapshotUid=a5908629-4d0a-4097-ab41-f8099867ba5f，vehicleId=VH4189，原始观测继续保存
2026-08-31 00:32:28.342 [mytransitgps-continuous-collector] WARN  c.m.persistence.service.JohorRealtimeQcAnnotator - 检测到Static Route未匹配，feedId=rapid-bus-mrtfeeder，snapshotUid=a5908629-4d0a-4097-ab41-f8099867ba5f，vehicleId=VH4268，原始观测继续保存
2026-08-31 00:32:28.342 [mytransitgps-continuous-collector] WARN  c.m.persistence.service.JohorRealtimeQcAnnotator - 检测到Static Trip未匹配，feedId=rapid-bus-mrtfeeder，snapshotUid=a5908629-4d0a-4097-ab41-f8099867ba5f，vehicleId=VH4268，原始观测继续保存
2026-08-31 00:32:28.342 [mytransitgps-continuous-collector] WARN  c.m.persistence.service.JohorRealtimeQcAnnotator - 检测到Static Route未匹配，feedId=rapid-bus-mrtfeeder，snapshotUid=a5908629-4d0a-4097-ab41-f8099867ba5f，vehicleId=VH4318，原始观测继续保存
2026-08-31 00:32:28.342 [mytransitgps-continuous-collector] WARN  c.m.persistence.service.JohorRealtimeQcAnnotator - 检测到Static Trip未匹配，feedId=rapid-bus-mrtfeeder，snapshotUid=a5908629-4d0a-4097-ab41-f8099867ba5f，vehicleId=VH4318，原始观测继续保存
2026-08-31 00:32:28.342 [mytransitgps-continuous-collector] WARN  c.m.persistence.service.JohorRealtimeQcAnnotator - 检测到Static Route未匹配，feedId=rapid-bus-mrtfeeder，snapshotUid=a5908629-4d0a-4097-ab41-f8099867ba5f，vehicleId=VH4577，原始观测继续保存
2026-08-31 00:32:28.342 [mytransitgps-continuous-collector] WARN  c.m.persistence.service.JohorRealtimeQcAnnotator - 检测到Static Trip未匹配，feedId=rapid-bus-mrtfeeder，snapshotUid=a5908629-4d0a-4097-ab41-f8099867ba5f，vehicleId=VH4577，原始观测继续保存
2026-08-31 00:32:28.342 [mytransitgps-continuous-collector] WARN  c.m.persistence.service.JohorRealtimeQcAnnotator - 检测到车辆位置异常，feedId=rapid-bus-mrtfeeder，snapshotUid=a5908629-4d0a-4097-ab41-f8099867ba5f，vehicleId=VH4577，status=ZERO_ZERO_POSITION，原始经纬度继续保存
2026-08-31 00:32:28.342 [mytransitgps-continuous-collector] WARN  c.m.persistence.service.JohorRealtimeQcAnnotator - 检测到Static Route未匹配，feedId=rapid-bus-mrtfeeder，snapshotUid=a5908629-4d0a-4097-ab41-f8099867ba5f，vehicleId=VH4924，原始观测继续保存
2026-08-31 00:32:28.342 [mytransitgps-continuous-collector] WARN  c.m.persistence.service.JohorRealtimeQcAnnotator - 检测到Static Trip未匹配，feedId=rapid-bus-mrtfeeder，snapshotUid=a5908629-4d0a-4097-ab41-f8099867ba5f，vehicleId=VH4924，原始观测继续保存
2026-08-31 00:32:28.342 [mytransitgps-continuous-collector] WARN  c.m.persistence.service.JohorRealtimeQcAnnotator - 检测到Static Route未匹配，feedId=rapid-bus-mrtfeeder，snapshotUid=a5908629-4d0a-4097-ab41-f8099867ba5f，vehicleId=VH4930，原始观测继续保存
2026-08-31 00:32:28.342 [mytransitgps-continuous-collector] WARN  c.m.persistence.service.JohorRealtimeQcAnnotator - 检测到Static Trip未匹配，feedId=rapid-bus-mrtfeeder，snapshotUid=a5908629-4d0a-4097-ab41-f8099867ba5f，vehicleId=VH4930，原始观测继续保存
2026-08-31 00:32:28.342 [mytransitgps-continuous-collector] WARN  c.m.persistence.service.JohorRealtimeQcAnnotator - 检测到Static Route未匹配，feedId=rapid-bus-mrtfeeder，snapshotUid=a5908629-4d0a-4097-ab41-f8099867ba5f，vehicleId=VH4985，原始观测继续保存
2026-08-31 00:32:28.342 [mytransitgps-continuous-collector] WARN  c.m.persistence.service.JohorRealtimeQcAnnotator - 检测到Static Trip未匹配，feedId=rapid-bus-mrtfeeder，snapshotUid=a5908629-4d0a-4097-ab41-f8099867ba5f，vehicleId=VH4985，原始观测继续保存
2026-08-31 00:32:28.342 [mytransitgps-continuous-collector] WARN  c.m.persistence.service.JohorRealtimeQcAnnotator - 检测到Static Route未匹配，feedId=rapid-bus-mrtfeeder，snapshotUid=a5908629-4d0a-4097-ab41-f8099867ba5f，vehicleId=VK2684，原始观测继续保存
2026-08-31 00:32:28.342 [mytransitgps-continuous-collector] WARN  c.m.persistence.service.JohorRealtimeQcAnnotator - 检测到Static Trip未匹配，feedId=rapid-bus-mrtfeeder，snapshotUid=a5908629-4d0a-4097-ab41-f8099867ba5f，vehicleId=VK2684，原始观测继续保存
2026-08-31 00:32:28.342 [mytransitgps-continuous-collector] WARN  c.m.persistence.service.JohorRealtimeQcAnnotator - 检测到Static Route未匹配，feedId=rapid-bus-mrtfeeder，snapshotUid=a5908629-4d0a-4097-ab41-f8099867ba5f，vehicleId=VK6475，原始观测继续保存
2026-08-31 00:32:28.342 [mytransitgps-continuous-collector] WARN  c.m.persistence.service.JohorRealtimeQcAnnotator - 检测到Static Trip未匹配，feedId=rapid-bus-mrtfeeder，snapshotUid=a5908629-4d0a-4097-ab41-f8099867ba5f，vehicleId=VK6475，原始观测继续保存
2026-08-31 00:32:28.342 [mytransitgps-continuous-collector] WARN  c.m.persistence.service.JohorRealtimeQcAnnotator - 检测到Static Route未匹配，feedId=rapid-bus-mrtfeeder，snapshotUid=a5908629-4d0a-4097-ab41-f8099867ba5f，vehicleId=VX2856，原始观测继续保存
2026-08-31 00:32:28.342 [mytransitgps-continuous-collector] WARN  c.m.persistence.service.JohorRealtimeQcAnnotator - 检测到Static Trip未匹配，feedId=rapid-bus-mrtfeeder，snapshotUid=a5908629-4d0a-4097-ab41-f8099867ba5f，vehicleId=VX2856，原始观测继续保存
2026-08-31 00:33:40.318 [mytransitgps-continuous-collector] WARN  c.m.gtfs.service.RealtimeStaticEnrichmentService - Realtime Static补全存在未匹配项，城市=Kuching，feedId=mybas-kuching，routeUnresolved=1，tripUnmatched=1，原始Realtime实体继续保留
2026-08-31 00:33:40.318 [mytransitgps-continuous-collector] WARN  c.m.persistence.service.JohorRealtimeQcAnnotator - 检测到Static Route未匹配，feedId=mybas-kuching，snapshotUid=d3a1eafd-5d31-4aac-9d7a-4b5b4175c201，vehicleId=MADANI2160，原始观测继续保存
2026-08-31 00:33:40.318 [mytransitgps-continuous-collector] WARN  c.m.persistence.service.JohorRealtimeQcAnnotator - 检测到Static Trip未匹配，feedId=mybas-kuching，snapshotUid=d3a1eafd-5d31-4aac-9d7a-4b5b4175c201，vehicleId=MADANI2160，原始观测继续保存
2026-08-31 00:34:04.335 [mytransitgps-continuous-collector] WARN  c.m.gtfs.service.RealtimeStaticEnrichmentService - Realtime Static补全存在未匹配项，城市=Kuala Lumpur，feedId=rapid-bus-kl，routeUnresolved=0，tripUnmatched=1，原始Realtime实体继续保留
2026-08-31 00:34:04.335 [mytransitgps-continuous-collector] WARN  c.m.persistence.service.JohorRealtimeQcAnnotator - 检测到Static Trip未匹配，feedId=rapid-bus-kl，snapshotUid=bf5f2d92-b23b-4a11-b299-24ee4500971e，vehicleId=CDH8332，原始观测继续保存
2026-08-31 00:34:28.334 [mytransitgps-continuous-collector] WARN  c.m.gtfs.service.RealtimeStaticEnrichmentService - Realtime Static补全存在未匹配项，城市=Kuala Lumpur，feedId=rapid-bus-mrtfeeder，routeUnresolved=47，tripUnmatched=47，原始Realtime实体继续保留
2026-08-31 00:34:28.334 [mytransitgps-continuous-collector] WARN  c.m.persistence.service.JohorRealtimeQcAnnotator - 检测到Static Route未匹配，feedId=rapid-bus-mrtfeeder，snapshotUid=63308df2-8e71-4a54-acd8-813865b9ce4a，vehicleId=VAC5764，原始观测继续保存
2026-08-31 00:34:28.334 [mytransitgps-continuous-collector] WARN  c.m.persistence.service.JohorRealtimeQcAnnotator - 检测到Static Trip未匹配，feedId=rapid-bus-mrtfeeder，snapshotUid=63308df2-8e71-4a54-acd8-813865b9ce4a，vehicleId=VAC5764，原始观测继续保存
2026-08-31 00:34:28.334 [mytransitgps-continuous-collector] WARN  c.m.persistence.service.JohorRealtimeQcAnnotator - 检测到Static Route未匹配，feedId=rapid-bus-mrtfeeder，snapshotUid=63308df2-8e71-4a54-acd8-813865b9ce4a，vehicleId=VAC5773，原始观测继续保存
2026-08-31 00:34:28.334 [mytransitgps-continuous-collector] WARN  c.m.persistence.service.JohorRealtimeQcAnnotator - 检测到Static Trip未匹配，feedId=rapid-bus-mrtfeeder，snapshotUid=63308df2-8e71-4a54-acd8-813865b9ce4a，vehicleId=VAC5773，原始观测继续保存
2026-08-31 00:34:28.334 [mytransitgps-continuous-collector] WARN  c.m.persistence.service.JohorRealtimeQcAnnotator - 检测到Static Route未匹配，feedId=rapid-bus-mrtfeeder，snapshotUid=63308df2-8e71-4a54-acd8-813865b9ce4a，vehicleId=VAE7038，原始观测继续保存
2026-08-31 00:34:28.334 [mytransitgps-continuous-collector] WARN  c.m.persistence.service.JohorRealtimeQcAnnotator - 检测到Static Trip未匹配，feedId=rapid-bus-mrtfeeder，snapshotUid=63308df2-8e71-4a54-acd8-813865b9ce4a，vehicleId=VAE7038，原始观测继续保存
2026-08-31 00:34:28.334 [mytransitgps-continuous-collector] WARN  c.m.persistence.service.JohorRealtimeQcAnnotator - 检测到Static Route未匹配，feedId=rapid-bus-mrtfeeder，snapshotUid=63308df2-8e71-4a54-acd8-813865b9ce4a，vehicleId=VAE7196，原始观测继续保存
2026-08-31 00:34:28.334 [mytransitgps-continuous-collector] WARN  c.m.persistence.service.JohorRealtimeQcAnnotator - 检测到Static Trip未匹配，feedId=rapid-bus-mrtfeeder，snapshotUid=63308df2-8e71-4a54-acd8-813865b9ce4a，vehicleId=VAE7196，原始观测继续保存
2026-08-31 00:34:28.334 [mytransitgps-continuous-collector] WARN  c.m.persistence.service.JohorRealtimeQcAnnotator - 检测到Static Route未匹配，feedId=rapid-bus-mrtfeeder，snapshotUid=63308df2-8e71-4a54-acd8-813865b9ce4a，vehicleId=VAE7593，原始观测继续保存
2026-08-31 00:34:28.334 [mytransitgps-continuous-collector] WARN  c.m.persistence.service.JohorRealtimeQcAnnotator - 检测到Static Trip未匹配，feedId=rapid-bus-mrtfeeder，snapshotUid=63308df2-8e71-4a54-acd8-813865b9ce4a，vehicleId=VAE7593，原始观测继续保存
2026-08-31 00:34:28.334 [mytransitgps-continuous-collector] WARN  c.m.persistence.service.JohorRealtimeQcAnnotator - 检测到Static Route未匹配，feedId=rapid-bus-mrtfeeder，snapshotUid=63308df2-8e71-4a54-acd8-813865b9ce4a，vehicleId=VAF5439，原始观测继续保存
2026-08-31 00:34:28.334 [mytransitgps-continuous-collector] WARN  c.m.persistence.service.JohorRealtimeQcAnnotator - 检测到Static Trip未匹配，feedId=rapid-bus-mrtfeeder，snapshotUid=63308df2-8e71-4a54-acd8-813865b9ce4a，vehicleId=VAF5439，原始观测继续保存
2026-08-31 00:34:28.334 [mytransitgps-continuous-collector] WARN  c.m.persistence.service.JohorRealtimeQcAnnotator - 检测到Static Route未匹配，feedId=rapid-bus-mrtfeeder，snapshotUid=63308df2-8e71-4a54-acd8-813865b9ce4a，vehicleId=VAF5480，原始观测继续保存
2026-08-31 00:34:28.334 [mytransitgps-continuous-collector] WARN  c.m.persistence.service.JohorRealtimeQcAnnotator - 检测到Static Trip未匹配，feedId=rapid-bus-mrtfeeder，snapshotUid=63308df2-8e71-4a54-acd8-813865b9ce4a，vehicleId=VAF5480，原始观测继续保存
2026-08-31 00:34:28.334 [mytransitgps-continuous-collector] WARN  c.m.persistence.service.JohorRealtimeQcAnnotator - 检测到Static Route未匹配，feedId=rapid-bus-mrtfeeder，snapshotUid=63308df2-8e71-4a54-acd8-813865b9ce4a，vehicleId=VAF5766，原始观测继续保存
2026-08-31 00:34:28.334 [mytransitgps-continuous-collector] WARN  c.m.persistence.service.JohorRealtimeQcAnnotator - 检测到Static Trip未匹配，feedId=rapid-bus-mrtfeeder，snapshotUid=63308df2-8e71-4a54-acd8-813865b9ce4a，vehicleId=VAF5766，原始观测继续保存
2026-08-31 00:34:28.334 [mytransitgps-continuous-collector] WARN  c.m.persistence.service.JohorRealtimeQcAnnotator - 检测到Static Route未匹配，feedId=rapid-bus-mrtfeeder，snapshotUid=63308df2-8e71-4a54-acd8-813865b9ce4a，vehicleId=VAF5780，原始观测继续保存
2026-08-31 00:34:28.334 [mytransitgps-continuous-collector] WARN  c.m.persistence.service.JohorRealtimeQcAnnotator - 检测到Static Trip未匹配，feedId=rapid-bus-mrtfeeder，snapshotUid=63308df2-8e71-4a54-acd8-813865b9ce4a，vehicleId=VAF5780，原始观测继续保存
2026-08-31 00:34:28.334 [mytransitgps-continuous-collector] WARN  c.m.persistence.service.JohorRealtimeQcAnnotator - 检测到车辆位置异常，feedId=rapid-bus-mrtfeeder，snapshotUid=63308df2-8e71-4a54-acd8-813865b9ce4a，vehicleId=VAF5780，status=ZERO_ZERO_POSITION，原始经纬度继续保存
2026-08-31 00:34:28.334 [mytransitgps-continuous-collector] WARN  c.m.persistence.service.JohorRealtimeQcAnnotator - 检测到Static Route未匹配，feedId=rapid-bus-mrtfeeder，snapshotUid=63308df2-8e71-4a54-acd8-813865b9ce4a，vehicleId=VAF7159，原始观测继续保存
2026-08-31 00:34:28.334 [mytransitgps-continuous-collector] WARN  c.m.persistence.service.JohorRealtimeQcAnnotator - 检测到Static Trip未匹配，feedId=rapid-bus-mrtfeeder，snapshotUid=63308df2-8e71-4a54-acd8-813865b9ce4a，vehicleId=VAF7159，原始观测继续保存
2026-08-31 00:34:28.334 [mytransitgps-continuous-collector] WARN  c.m.persistence.service.JohorRealtimeQcAnnotator - 检测到Static Route未匹配，feedId=rapid-bus-mrtfeeder，snapshotUid=63308df2-8e71-4a54-acd8-813865b9ce4a，vehicleId=VAG4711，原始观测继续保存
2026-08-31 00:34:28.334 [mytransitgps-continuous-collector] WARN  c.m.persistence.service.JohorRealtimeQcAnnotator - 检测到Static Trip未匹配，feedId=rapid-bus-mrtfeeder，snapshotUid=63308df2-8e71-4a54-acd8-813865b9ce4a，vehicleId=VAG4711，原始观测继续保存
2026-08-31 00:34:28.334 [mytransitgps-continuous-collector] WARN  c.m.persistence.service.JohorRealtimeQcAnnotator - 检测到Static Route未匹配，feedId=rapid-bus-mrtfeeder，snapshotUid=63308df2-8e71-4a54-acd8-813865b9ce4a，vehicleId=VAG4725，原始观测继续保存
2026-08-31 00:34:28.334 [mytransitgps-continuous-collector] WARN  c.m.persistence.service.JohorRealtimeQcAnnotator - 检测到Static Trip未匹配，feedId=rapid-bus-mrtfeeder，snapshotUid=63308df2-8e71-4a54-acd8-813865b9ce4a，vehicleId=VAG4725，原始观测继续保存
2026-08-31 00:34:28.335 [mytransitgps-continuous-collector] WARN  c.m.persistence.service.JohorRealtimeQcAnnotator - 检测到Static Route未匹配，feedId=rapid-bus-mrtfeeder，snapshotUid=63308df2-8e71-4a54-acd8-813865b9ce4a，vehicleId=VAG4880，原始观测继续保存
2026-08-31 00:34:28.335 [mytransitgps-continuous-collector] WARN  c.m.persistence.service.JohorRealtimeQcAnnotator - 检测到Static Trip未匹配，feedId=rapid-bus-mrtfeeder，snapshotUid=63308df2-8e71-4a54-acd8-813865b9ce4a，vehicleId=VAG4880，原始观测继续保存
2026-08-31 00:34:28.335 [mytransitgps-continuous-collector] WARN  c.m.persistence.service.JohorRealtimeQcAnnotator - 检测到Static Route未匹配，feedId=rapid-bus-mrtfeeder，snapshotUid=63308df2-8e71-4a54-acd8-813865b9ce4a，vehicleId=VAG8049，原始观测继续保存
2026-08-31 00:34:28.335 [mytransitgps-continuous-collector] WARN  c.m.persistence.service.JohorRealtimeQcAnnotator - 检测到Static Trip未匹配，feedId=rapid-bus-mrtfeeder，snapshotUid=63308df2-8e71-4a54-acd8-813865b9ce4a，vehicleId=VAG8049，原始观测继续保存
2026-08-31 00:34:28.335 [mytransitgps-continuous-collector] WARN  c.m.persistence.service.JohorRealtimeQcAnnotator - 检测到Static Route未匹配，feedId=rapid-bus-mrtfeeder，snapshotUid=63308df2-8e71-4a54-acd8-813865b9ce4a，vehicleId=VAG8054，原始观测继续保存
2026-08-31 00:34:28.335 [mytransitgps-continuous-collector] WARN  c.m.persistence.service.JohorRealtimeQcAnnotator - 检测到Static Trip未匹配，feedId=rapid-bus-mrtfeeder，snapshotUid=63308df2-8e71-4a54-acd8-813865b9ce4a，vehicleId=VAG8054，原始观测继续保存
2026-08-31 00:34:28.335 [mytransitgps-continuous-collector] WARN  c.m.persistence.service.JohorRealtimeQcAnnotator - 检测到Static Route未匹配，feedId=rapid-bus-mrtfeeder，snapshotUid=63308df2-8e71-4a54-acd8-813865b9ce4a，vehicleId=VAG8541，原始观测继续保存
2026-08-31 00:34:28.335 [mytransitgps-continuous-collector] WARN  c.m.persistence.service.JohorRealtimeQcAnnotator - 检测到Static Trip未匹配，feedId=rapid-bus-mrtfeeder，snapshotUid=63308df2-8e71-4a54-acd8-813865b9ce4a，vehicleId=VAG8541，原始观测继续保存
2026-08-31 00:34:28.335 [mytransitgps-continuous-collector] WARN  c.m.persistence.service.JohorRealtimeQcAnnotator - 检测到Static Route未匹配，feedId=rapid-bus-mrtfeeder，snapshotUid=63308df2-8e71-4a54-acd8-813865b9ce4a，vehicleId=VAJ1514，原始观测继续保存
2026-08-31 00:34:28.335 [mytransitgps-continuous-collector] WARN  c.m.persistence.service.JohorRealtimeQcAnnotator - 检测到Static Trip未匹配，feedId=rapid-bus-mrtfeeder，snapshotUid=63308df2-8e71-4a54-acd8-813865b9ce4a，vehicleId=VAJ1514，原始观测继续保存
2026-08-31 00:34:28.335 [mytransitgps-continuous-collector] WARN  c.m.persistence.service.JohorRealtimeQcAnnotator - 检测到Static Route未匹配，feedId=rapid-bus-mrtfeeder，snapshotUid=63308df2-8e71-4a54-acd8-813865b9ce4a，vehicleId=VAJ2854，原始观测继续保存
2026-08-31 00:34:28.335 [mytransitgps-continuous-collector] WARN  c.m.persistence.service.JohorRealtimeQcAnnotator - 检测到Static Trip未匹配，feedId=rapid-bus-mrtfeeder，snapshotUid=63308df2-8e71-4a54-acd8-813865b9ce4a，vehicleId=VAJ2854，原始观测继续保存
2026-08-31 00:34:28.335 [mytransitgps-continuous-collector] WARN  c.m.persistence.service.JohorRealtimeQcAnnotator - 检测到Static Route未匹配，feedId=rapid-bus-mrtfeeder，snapshotUid=63308df2-8e71-4a54-acd8-813865b9ce4a，vehicleId=VAK1014，原始观测继续保存
2026-08-31 00:34:28.335 [mytransitgps-continuous-collector] WARN  c.m.persistence.service.JohorRealtimeQcAnnotator - 检测到Static Trip未匹配，feedId=rapid-bus-mrtfeeder，snapshotUid=63308df2-8e71-4a54-acd8-813865b9ce4a，vehicleId=VAK1014，原始观测继续保存
2026-08-31 00:34:28.335 [mytransitgps-continuous-collector] WARN  c.m.persistence.service.JohorRealtimeQcAnnotator - 检测到Static Route未匹配，feedId=rapid-bus-mrtfeeder，snapshotUid=63308df2-8e71-4a54-acd8-813865b9ce4a，vehicleId=VAK1034，原始观测继续保存
2026-08-31 00:34:28.335 [mytransitgps-continuous-collector] WARN  c.m.persistence.service.JohorRealtimeQcAnnotator - 检测到Static Trip未匹配，feedId=rapid-bus-mrtfeeder，snapshotUid=63308df2-8e71-4a54-acd8-813865b9ce4a，vehicleId=VAK1034，原始观测继续保存
2026-08-31 00:34:28.335 [mytransitgps-continuous-collector] WARN  c.m.persistence.service.JohorRealtimeQcAnnotator - 检测到Static Route未匹配，feedId=rapid-bus-mrtfeeder，snapshotUid=63308df2-8e71-4a54-acd8-813865b9ce4a，vehicleId=VAL4552，原始观测继续保存
2026-08-31 00:34:28.335 [mytransitgps-continuous-collector] WARN  c.m.persistence.service.JohorRealtimeQcAnnotator - 检测到Static Trip未匹配，feedId=rapid-bus-mrtfeeder，snapshotUid=63308df2-8e71-4a54-acd8-813865b9ce4a，vehicleId=VAL4552，原始观测继续保存
2026-08-31 00:34:28.335 [mytransitgps-continuous-collector] WARN  c.m.persistence.service.JohorRealtimeQcAnnotator - 检测到Future Timestamp，feedId=rapid-bus-mrtfeeder，snapshotUid=63308df2-8e71-4a54-acd8-813865b9ce4a，vehicleId=VAL4552，vehicleTime=1886017556，原始时间戳继续保存
2026-08-31 00:34:28.335 [mytransitgps-continuous-collector] WARN  c.m.persistence.service.JohorRealtimeQcAnnotator - 检测到Static Route未匹配，feedId=rapid-bus-mrtfeeder，snapshotUid=63308df2-8e71-4a54-acd8-813865b9ce4a，vehicleId=VG6477，原始观测继续保存
2026-08-31 00:34:28.335 [mytransitgps-continuous-collector] WARN  c.m.persistence.service.JohorRealtimeQcAnnotator - 检测到Static Trip未匹配，feedId=rapid-bus-mrtfeeder，snapshotUid=63308df2-8e71-4a54-acd8-813865b9ce4a，vehicleId=VG6477，原始观测继续保存
2026-08-31 00:34:28.336 [mytransitgps-continuous-collector] WARN  c.m.persistence.service.JohorRealtimeQcAnnotator - 检测到Static Route未匹配，feedId=rapid-bus-mrtfeeder，snapshotUid=63308df2-8e71-4a54-acd8-813865b9ce4a，vehicleId=VG6491，原始观测继续保存
2026-08-31 00:34:28.336 [mytransitgps-continuous-collector] WARN  c.m.persistence.service.JohorRealtimeQcAnnotator - 检测到Static Trip未匹配，feedId=rapid-bus-mrtfeeder，snapshotUid=63308df2-8e71-4a54-acd8-813865b9ce4a，vehicleId=VG6491，原始观测继续保存
2026-08-31 00:34:28.336 [mytransitgps-continuous-collector] WARN  c.m.persistence.service.JohorRealtimeQcAnnotator - 检测到Static Route未匹配，feedId=rapid-bus-mrtfeeder，snapshotUid=63308df2-8e71-4a54-acd8-813865b9ce4a，vehicleId=VG6493，原始观测继续保存
2026-08-31 00:34:28.336 [mytransitgps-continuous-collector] WARN  c.m.persistence.service.JohorRealtimeQcAnnotator - 检测到Static Trip未匹配，feedId=rapid-bus-mrtfeeder，snapshotUid=63308df2-8e71-4a54-acd8-813865b9ce4a，vehicleId=VG6493，原始观测继续保存
2026-08-31 00:34:28.336 [mytransitgps-continuous-collector] WARN  c.m.persistence.service.JohorRealtimeQcAnnotator - 检测到Static Route未匹配，feedId=rapid-bus-mrtfeeder，snapshotUid=63308df2-8e71-4a54-acd8-813865b9ce4a，vehicleId=VG6529，原始观测继续保存
2026-08-31 00:34:28.336 [mytransitgps-continuous-collector] WARN  c.m.persistence.service.JohorRealtimeQcAnnotator - 检测到Static Trip未匹配，feedId=rapid-bus-mrtfeeder，snapshotUid=63308df2-8e71-4a54-acd8-813865b9ce4a，vehicleId=VG6529，原始观测继续保存
2026-08-31 00:34:28.336 [mytransitgps-continuous-collector] WARN  c.m.persistence.service.JohorRealtimeQcAnnotator - 检测到Static Route未匹配，feedId=rapid-bus-mrtfeeder，snapshotUid=63308df2-8e71-4a54-acd8-813865b9ce4a，vehicleId=VG8673，原始观测继续保存
2026-08-31 00:34:28.336 [mytransitgps-continuous-collector] WARN  c.m.persistence.service.JohorRealtimeQcAnnotator - 检测到Static Trip未匹配，feedId=rapid-bus-mrtfeeder，snapshotUid=63308df2-8e71-4a54-acd8-813865b9ce4a，vehicleId=VG8673，原始观测继续保存
2026-08-31 00:34:28.336 [mytransitgps-continuous-collector] WARN  c.m.persistence.service.JohorRealtimeQcAnnotator - 检测到Static Route未匹配，feedId=rapid-bus-mrtfeeder，snapshotUid=63308df2-8e71-4a54-acd8-813865b9ce4a，vehicleId=VG8742，原始观测继续保存
2026-08-31 00:34:28.336 [mytransitgps-continuous-collector] WARN  c.m.persistence.service.JohorRealtimeQcAnnotator - 检测到Static Trip未匹配，feedId=rapid-bus-mrtfeeder，snapshotUid=63308df2-8e71-4a54-acd8-813865b9ce4a，vehicleId=VG8742，原始观测继续保存
2026-08-31 00:34:28.336 [mytransitgps-continuous-collector] WARN  c.m.persistence.service.JohorRealtimeQcAnnotator - 检测到Static Route未匹配，feedId=rapid-bus-mrtfeeder，snapshotUid=63308df2-8e71-4a54-acd8-813865b9ce4a，vehicleId=VG8934，原始观测继续保存
2026-08-31 00:34:28.336 [mytransitgps-continuous-collector] WARN  c.m.persistence.service.JohorRealtimeQcAnnotator - 检测到Static Trip未匹配，feedId=rapid-bus-mrtfeeder，snapshotUid=63308df2-8e71-4a54-acd8-813865b9ce4a，vehicleId=VG8934，原始观测继续保存
2026-08-31 00:34:28.336 [mytransitgps-continuous-collector] WARN  c.m.persistence.service.JohorRealtimeQcAnnotator - 检测到Static Route未匹配，feedId=rapid-bus-mrtfeeder，snapshotUid=63308df2-8e71-4a54-acd8-813865b9ce4a，vehicleId=VH1382，原始观测继续保存
2026-08-31 00:34:28.336 [mytransitgps-continuous-collector] WARN  c.m.persistence.service.JohorRealtimeQcAnnotator - 检测到Static Trip未匹配，feedId=rapid-bus-mrtfeeder，snapshotUid=63308df2-8e71-4a54-acd8-813865b9ce4a，vehicleId=VH1382，原始观测继续保存
2026-08-31 00:34:28.336 [mytransitgps-continuous-collector] WARN  c.m.persistence.service.JohorRealtimeQcAnnotator - 检测到Static Route未匹配，feedId=rapid-bus-mrtfeeder，snapshotUid=63308df2-8e71-4a54-acd8-813865b9ce4a，vehicleId=VH1568，原始观测继续保存
2026-08-31 00:34:28.336 [mytransitgps-continuous-collector] WARN  c.m.persistence.service.JohorRealtimeQcAnnotator - 检测到Static Trip未匹配，feedId=rapid-bus-mrtfeeder，snapshotUid=63308df2-8e71-4a54-acd8-813865b9ce4a，vehicleId=VH1568，原始观测继续保存
2026-08-31 00:34:28.336 [mytransitgps-continuous-collector] WARN  c.m.persistence.service.JohorRealtimeQcAnnotator - 检测到Static Route未匹配，feedId=rapid-bus-mrtfeeder，snapshotUid=63308df2-8e71-4a54-acd8-813865b9ce4a，vehicleId=VH2491，原始观测继续保存
2026-08-31 00:34:28.336 [mytransitgps-continuous-collector] WARN  c.m.persistence.service.JohorRealtimeQcAnnotator - 检测到Static Trip未匹配，feedId=rapid-bus-mrtfeeder，snapshotUid=63308df2-8e71-4a54-acd8-813865b9ce4a，vehicleId=VH2491，原始观测继续保存
2026-08-31 00:34:28.336 [mytransitgps-continuous-collector] WARN  c.m.persistence.service.JohorRealtimeQcAnnotator - 检测到Static Route未匹配，feedId=rapid-bus-mrtfeeder，snapshotUid=63308df2-8e71-4a54-acd8-813865b9ce4a，vehicleId=VH2494，原始观测继续保存
2026-08-31 00:34:28.336 [mytransitgps-continuous-collector] WARN  c.m.persistence.service.JohorRealtimeQcAnnotator - 检测到Static Trip未匹配，feedId=rapid-bus-mrtfeeder，snapshotUid=63308df2-8e71-4a54-acd8-813865b9ce4a，vehicleId=VH2494，原始观测继续保存
2026-08-31 00:34:28.336 [mytransitgps-continuous-collector] WARN  c.m.persistence.service.JohorRealtimeQcAnnotator - 检测到Static Route未匹配，feedId=rapid-bus-mrtfeeder，snapshotUid=63308df2-8e71-4a54-acd8-813865b9ce4a，vehicleId=VH2549，原始观测继续保存
2026-08-31 00:34:28.336 [mytransitgps-continuous-collector] WARN  c.m.persistence.service.JohorRealtimeQcAnnotator - 检测到Static Trip未匹配，feedId=rapid-bus-mrtfeeder，snapshotUid=63308df2-8e71-4a54-acd8-813865b9ce4a，vehicleId=VH2549，原始观测继续保存
2026-08-31 00:34:28.336 [mytransitgps-continuous-collector] WARN  c.m.persistence.service.JohorRealtimeQcAnnotator - 检测到Static Route未匹配，feedId=rapid-bus-mrtfeeder，snapshotUid=63308df2-8e71-4a54-acd8-813865b9ce4a，vehicleId=VH4037，原始观测继续保存
2026-08-31 00:34:28.336 [mytransitgps-continuous-collector] WARN  c.m.persistence.service.JohorRealtimeQcAnnotator - 检测到Static Trip未匹配，feedId=rapid-bus-mrtfeeder，snapshotUid=63308df2-8e71-4a54-acd8-813865b9ce4a，vehicleId=VH4037，原始观测继续保存
2026-08-31 00:34:28.336 [mytransitgps-continuous-collector] WARN  c.m.persistence.service.JohorRealtimeQcAnnotator - 检测到Static Route未匹配，feedId=rapid-bus-mrtfeeder，snapshotUid=63308df2-8e71-4a54-acd8-813865b9ce4a，vehicleId=VH4053，原始观测继续保存
2026-08-31 00:34:28.336 [mytransitgps-continuous-collector] WARN  c.m.persistence.service.JohorRealtimeQcAnnotator - 检测到Static Trip未匹配，feedId=rapid-bus-mrtfeeder，snapshotUid=63308df2-8e71-4a54-acd8-813865b9ce4a，vehicleId=VH4053，原始观测继续保存
2026-08-31 00:34:28.336 [mytransitgps-continuous-collector] WARN  c.m.persistence.service.JohorRealtimeQcAnnotator - 检测到Static Route未匹配，feedId=rapid-bus-mrtfeeder，snapshotUid=63308df2-8e71-4a54-acd8-813865b9ce4a，vehicleId=VH4086，原始观测继续保存
2026-08-31 00:34:28.336 [mytransitgps-continuous-collector] WARN  c.m.persistence.service.JohorRealtimeQcAnnotator - 检测到Static Trip未匹配，feedId=rapid-bus-mrtfeeder，snapshotUid=63308df2-8e71-4a54-acd8-813865b9ce4a，vehicleId=VH4086，原始观测继续保存
2026-08-31 00:34:28.336 [mytransitgps-continuous-collector] WARN  c.m.persistence.service.JohorRealtimeQcAnnotator - 检测到Static Route未匹配，feedId=rapid-bus-mrtfeeder，snapshotUid=63308df2-8e71-4a54-acd8-813865b9ce4a，vehicleId=VH4108，原始观测继续保存
2026-08-31 00:34:28.336 [mytransitgps-continuous-collector] WARN  c.m.persistence.service.JohorRealtimeQcAnnotator - 检测到Static Trip未匹配，feedId=rapid-bus-mrtfeeder，snapshotUid=63308df2-8e71-4a54-acd8-813865b9ce4a，vehicleId=VH4108，原始观测继续保存
2026-08-31 00:34:28.336 [mytransitgps-continuous-collector] WARN  c.m.persistence.service.JohorRealtimeQcAnnotator - 检测到Static Route未匹配，feedId=rapid-bus-mrtfeeder，snapshotUid=63308df2-8e71-4a54-acd8-813865b9ce4a，vehicleId=VH4189，原始观测继续保存
2026-08-31 00:34:28.336 [mytransitgps-continuous-collector] WARN  c.m.persistence.service.JohorRealtimeQcAnnotator - 检测到Static Trip未匹配，feedId=rapid-bus-mrtfeeder，snapshotUid=63308df2-8e71-4a54-acd8-813865b9ce4a，vehicleId=VH4189，原始观测继续保存
2026-08-31 00:34:28.336 [mytransitgps-continuous-collector] WARN  c.m.persistence.service.JohorRealtimeQcAnnotator - 检测到Static Route未匹配，feedId=rapid-bus-mrtfeeder，snapshotUid=63308df2-8e71-4a54-acd8-813865b9ce4a，vehicleId=VH4268，原始观测继续保存
2026-08-31 00:34:28.336 [mytransitgps-continuous-collector] WARN  c.m.persistence.service.JohorRealtimeQcAnnotator - 检测到Static Trip未匹配，feedId=rapid-bus-mrtfeeder，snapshotUid=63308df2-8e71-4a54-acd8-813865b9ce4a，vehicleId=VH4268，原始观测继续保存
2026-08-31 00:34:28.336 [mytransitgps-continuous-collector] WARN  c.m.persistence.service.JohorRealtimeQcAnnotator - 检测到Static Route未匹配，feedId=rapid-bus-mrtfeeder，snapshotUid=63308df2-8e71-4a54-acd8-813865b9ce4a，vehicleId=VH4318，原始观测继续保存
2026-08-31 00:34:28.336 [mytransitgps-continuous-collector] WARN  c.m.persistence.service.JohorRealtimeQcAnnotator - 检测到Static Trip未匹配，feedId=rapid-bus-mrtfeeder，snapshotUid=63308df2-8e71-4a54-acd8-813865b9ce4a，vehicleId=VH4318，原始观测继续保存
2026-08-31 00:34:28.336 [mytransitgps-continuous-collector] WARN  c.m.persistence.service.JohorRealtimeQcAnnotator - 检测到Static Route未匹配，feedId=rapid-bus-mrtfeeder，snapshotUid=63308df2-8e71-4a54-acd8-813865b9ce4a，vehicleId=VH4577，原始观测继续保存
2026-08-31 00:34:28.336 [mytransitgps-continuous-collector] WARN  c.m.persistence.service.JohorRealtimeQcAnnotator - 检测到Static Trip未匹配，feedId=rapid-bus-mrtfeeder，snapshotUid=63308df2-8e71-4a54-acd8-813865b9ce4a，vehicleId=VH4577，原始观测继续保存
2026-08-31 00:34:28.336 [mytransitgps-continuous-collector] WARN  c.m.persistence.service.JohorRealtimeQcAnnotator - 检测到车辆位置异常，feedId=rapid-bus-mrtfeeder，snapshotUid=63308df2-8e71-4a54-acd8-813865b9ce4a，vehicleId=VH4577，status=ZERO_ZERO_POSITION，原始经纬度继续保存
2026-08-31 00:34:28.336 [mytransitgps-continuous-collector] WARN  c.m.persistence.service.JohorRealtimeQcAnnotator - 检测到Static Route未匹配，feedId=rapid-bus-mrtfeeder，snapshotUid=63308df2-8e71-4a54-acd8-813865b9ce4a，vehicleId=VH4924，原始观测继续保存
2026-08-31 00:34:28.336 [mytransitgps-continuous-collector] WARN  c.m.persistence.service.JohorRealtimeQcAnnotator - 检测到Static Trip未匹配，feedId=rapid-bus-mrtfeeder，snapshotUid=63308df2-8e71-4a54-acd8-813865b9ce4a，vehicleId=VH4924，原始观测继续保存
2026-08-31 00:34:28.337 [mytransitgps-continuous-collector] WARN  c.m.persistence.service.JohorRealtimeQcAnnotator - 检测到Static Route未匹配，feedId=rapid-bus-mrtfeeder，snapshotUid=63308df2-8e71-4a54-acd8-813865b9ce4a，vehicleId=VH4930，原始观测继续保存
2026-08-31 00:34:28.337 [mytransitgps-continuous-collector] WARN  c.m.persistence.service.JohorRealtimeQcAnnotator - 检测到Static Trip未匹配，feedId=rapid-bus-mrtfeeder，snapshotUid=63308df2-8e71-4a54-acd8-813865b9ce4a，vehicleId=VH4930，原始观测继续保存
2026-08-31 00:34:28.337 [mytransitgps-continuous-collector] WARN  c.m.persistence.service.JohorRealtimeQcAnnotator - 检测到Static Route未匹配，feedId=rapid-bus-mrtfeeder，snapshotUid=63308df2-8e71-4a54-acd8-813865b9ce4a，vehicleId=VH4985，原始观测继续保存
2026-08-31 00:34:28.337 [mytransitgps-continuous-collector] WARN  c.m.persistence.service.JohorRealtimeQcAnnotator - 检测到Static Trip未匹配，feedId=rapid-bus-mrtfeeder，snapshotUid=63308df2-8e71-4a54-acd8-813865b9ce4a，vehicleId=VH4985，原始观测继续保存
2026-08-31 00:34:28.337 [mytransitgps-continuous-collector] WARN  c.m.persistence.service.JohorRealtimeQcAnnotator - 检测到Static Route未匹配，feedId=rapid-bus-mrtfeeder，snapshotUid=63308df2-8e71-4a54-acd8-813865b9ce4a，vehicleId=VK2684，原始观测继续保存
2026-08-31 00:34:28.337 [mytransitgps-continuous-collector] WARN  c.m.persistence.service.JohorRealtimeQcAnnotator - 检测到Static Trip未匹配，feedId=rapid-bus-mrtfeeder，snapshotUid=63308df2-8e71-4a54-acd8-813865b9ce4a，vehicleId=VK2684，原始观测继续保存
2026-08-31 00:34:28.337 [mytransitgps-continuous-collector] WARN  c.m.persistence.service.JohorRealtimeQcAnnotator - 检测到Static Route未匹配，feedId=rapid-bus-mrtfeeder，snapshotUid=63308df2-8e71-4a54-acd8-813865b9ce4a，vehicleId=VK6475，原始观测继续保存
2026-08-31 00:34:28.337 [mytransitgps-continuous-collector] WARN  c.m.persistence.service.JohorRealtimeQcAnnotator - 检测到Static Trip未匹配，feedId=rapid-bus-mrtfeeder，snapshotUid=63308df2-8e71-4a54-acd8-813865b9ce4a，vehicleId=VK6475，原始观测继续保存
2026-08-31 00:34:28.337 [mytransitgps-continuous-collector] WARN  c.m.persistence.service.JohorRealtimeQcAnnotator - 检测到Static Route未匹配，feedId=rapid-bus-mrtfeeder，snapshotUid=63308df2-8e71-4a54-acd8-813865b9ce4a，vehicleId=VX2856，原始观测继续保存
2026-08-31 00:34:28.337 [mytransitgps-continuous-collector] WARN  c.m.persistence.service.JohorRealtimeQcAnnotator - 检测到Static Trip未匹配，feedId=rapid-bus-mrtfeeder，snapshotUid=63308df2-8e71-4a54-acd8-813865b9ce4a，vehicleId=VX2856，原始观测继续保存
2026-08-31 00:35:40.301 [mytransitgps-continuous-collector] WARN  c.m.gtfs.service.RealtimeStaticEnrichmentService - Realtime Static补全存在未匹配项，城市=Kuching，feedId=mybas-kuching，routeUnresolved=1，tripUnmatched=1，原始Realtime实体继续保留
2026-08-31 00:35:40.301 [mytransitgps-continuous-collector] WARN  c.m.persistence.service.JohorRealtimeQcAnnotator - 检测到Static Route未匹配，feedId=mybas-kuching，snapshotUid=808ec12a-bf76-415e-aeb7-b1a3545cf97b，vehicleId=MADANI2160，原始观测继续保存
2026-08-31 00:35:40.301 [mytransitgps-continuous-collector] WARN  c.m.persistence.service.JohorRealtimeQcAnnotator - 检测到Static Trip未匹配，feedId=mybas-kuching，snapshotUid=808ec12a-bf76-415e-aeb7-b1a3545cf97b，vehicleId=MADANI2160，原始观测继续保存
2026-08-31 00:36:04.334 [mytransitgps-continuous-collector] WARN  c.m.gtfs.service.RealtimeStaticEnrichmentService - Realtime Static补全存在未匹配项，城市=Kuala Lumpur，feedId=rapid-bus-kl，routeUnresolved=0，tripUnmatched=1，原始Realtime实体继续保留
2026-08-31 00:36:04.334 [mytransitgps-continuous-collector] WARN  c.m.persistence.service.JohorRealtimeQcAnnotator - 检测到Static Trip未匹配，feedId=rapid-bus-kl，snapshotUid=ff3217a3-1978-48fc-8058-e73acdbf9e8c，vehicleId=CDH8332，原始观测继续保存
2026-08-31 00:36:28.519 [mytransitgps-continuous-collector] WARN  c.m.gtfs.service.RealtimeStaticEnrichmentService - Realtime Static补全存在未匹配项，城市=Kuala Lumpur，feedId=rapid-bus-mrtfeeder，routeUnresolved=44，tripUnmatched=44，原始Realtime实体继续保留
2026-08-31 00:36:28.520 [mytransitgps-continuous-collector] WARN  c.m.persistence.service.JohorRealtimeQcAnnotator - 检测到Static Route未匹配，feedId=rapid-bus-mrtfeeder，snapshotUid=fcaa6714-8fc4-4ef7-9512-10364c873c28，vehicleId=VAC5764，原始观测继续保存
2026-08-31 00:36:28.520 [mytransitgps-continuous-collector] WARN  c.m.persistence.service.JohorRealtimeQcAnnotator - 检测到Static Trip未匹配，feedId=rapid-bus-mrtfeeder，snapshotUid=fcaa6714-8fc4-4ef7-9512-10364c873c28，vehicleId=VAC5764，原始观测继续保存
2026-08-31 00:36:28.520 [mytransitgps-continuous-collector] WARN  c.m.persistence.service.JohorRealtimeQcAnnotator - 检测到Static Route未匹配，feedId=rapid-bus-mrtfeeder，snapshotUid=fcaa6714-8fc4-4ef7-9512-10364c873c28，vehicleId=VAC5773，原始观测继续保存
2026-08-31 00:36:28.520 [mytransitgps-continuous-collector] WARN  c.m.persistence.service.JohorRealtimeQcAnnotator - 检测到Static Trip未匹配，feedId=rapid-bus-mrtfeeder，snapshotUid=fcaa6714-8fc4-4ef7-9512-10364c873c28，vehicleId=VAC5773，原始观测继续保存
2026-08-31 00:36:28.520 [mytransitgps-continuous-collector] WARN  c.m.persistence.service.JohorRealtimeQcAnnotator - 检测到Static Route未匹配，feedId=rapid-bus-mrtfeeder，snapshotUid=fcaa6714-8fc4-4ef7-9512-10364c873c28，vehicleId=VAE7038，原始观测继续保存
2026-08-31 00:36:28.520 [mytransitgps-continuous-collector] WARN  c.m.persistence.service.JohorRealtimeQcAnnotator - 检测到Static Trip未匹配，feedId=rapid-bus-mrtfeeder，snapshotUid=fcaa6714-8fc4-4ef7-9512-10364c873c28，vehicleId=VAE7038，原始观测继续保存
2026-08-31 00:36:28.520 [mytransitgps-continuous-collector] WARN  c.m.persistence.service.JohorRealtimeQcAnnotator - 检测到Static Route未匹配，feedId=rapid-bus-mrtfeeder，snapshotUid=fcaa6714-8fc4-4ef7-9512-10364c873c28，vehicleId=VAE7196，原始观测继续保存
2026-08-31 00:36:28.520 [mytransitgps-continuous-collector] WARN  c.m.persistence.service.JohorRealtimeQcAnnotator - 检测到Static Trip未匹配，feedId=rapid-bus-mrtfeeder，snapshotUid=fcaa6714-8fc4-4ef7-9512-10364c873c28，vehicleId=VAE7196，原始观测继续保存
2026-08-31 00:36:28.520 [mytransitgps-continuous-collector] WARN  c.m.persistence.service.JohorRealtimeQcAnnotator - 检测到Static Route未匹配，feedId=rapid-bus-mrtfeeder，snapshotUid=fcaa6714-8fc4-4ef7-9512-10364c873c28，vehicleId=VAE7593，原始观测继续保存
2026-08-31 00:36:28.520 [mytransitgps-continuous-collector] WARN  c.m.persistence.service.JohorRealtimeQcAnnotator - 检测到Static Trip未匹配，feedId=rapid-bus-mrtfeeder，snapshotUid=fcaa6714-8fc4-4ef7-9512-10364c873c28，vehicleId=VAE7593，原始观测继续保存
2026-08-31 00:36:28.520 [mytransitgps-continuous-collector] WARN  c.m.persistence.service.JohorRealtimeQcAnnotator - 检测到Static Route未匹配，feedId=rapid-bus-mrtfeeder，snapshotUid=fcaa6714-8fc4-4ef7-9512-10364c873c28，vehicleId=VAF5439，原始观测继续保存
2026-08-31 00:36:28.520 [mytransitgps-continuous-collector] WARN  c.m.persistence.service.JohorRealtimeQcAnnotator - 检测到Static Trip未匹配，feedId=rapid-bus-mrtfeeder，snapshotUid=fcaa6714-8fc4-4ef7-9512-10364c873c28，vehicleId=VAF5439，原始观测继续保存
2026-08-31 00:36:28.520 [mytransitgps-continuous-collector] WARN  c.m.persistence.service.JohorRealtimeQcAnnotator - 检测到Static Route未匹配，feedId=rapid-bus-mrtfeeder，snapshotUid=fcaa6714-8fc4-4ef7-9512-10364c873c28，vehicleId=VAF5480，原始观测继续保存
2026-08-31 00:36:28.520 [mytransitgps-continuous-collector] WARN  c.m.persistence.service.JohorRealtimeQcAnnotator - 检测到Static Trip未匹配，feedId=rapid-bus-mrtfeeder，snapshotUid=fcaa6714-8fc4-4ef7-9512-10364c873c28，vehicleId=VAF5480，原始观测继续保存
2026-08-31 00:36:28.520 [mytransitgps-continuous-collector] WARN  c.m.persistence.service.JohorRealtimeQcAnnotator - 检测到Static Route未匹配，feedId=rapid-bus-mrtfeeder，snapshotUid=fcaa6714-8fc4-4ef7-9512-10364c873c28，vehicleId=VAF5766，原始观测继续保存
2026-08-31 00:36:28.520 [mytransitgps-continuous-collector] WARN  c.m.persistence.service.JohorRealtimeQcAnnotator - 检测到Static Trip未匹配，feedId=rapid-bus-mrtfeeder，snapshotUid=fcaa6714-8fc4-4ef7-9512-10364c873c28，vehicleId=VAF5766，原始观测继续保存
2026-08-31 00:36:28.520 [mytransitgps-continuous-collector] WARN  c.m.persistence.service.JohorRealtimeQcAnnotator - 检测到Static Route未匹配，feedId=rapid-bus-mrtfeeder，snapshotUid=fcaa6714-8fc4-4ef7-9512-10364c873c28，vehicleId=VAG4711，原始观测继续保存
2026-08-31 00:36:28.520 [mytransitgps-continuous-collector] WARN  c.m.persistence.service.JohorRealtimeQcAnnotator - 检测到Static Trip未匹配，feedId=rapid-bus-mrtfeeder，snapshotUid=fcaa6714-8fc4-4ef7-9512-10364c873c28，vehicleId=VAG4711，原始观测继续保存
2026-08-31 00:36:28.520 [mytransitgps-continuous-collector] WARN  c.m.persistence.service.JohorRealtimeQcAnnotator - 检测到Static Route未匹配，feedId=rapid-bus-mrtfeeder，snapshotUid=fcaa6714-8fc4-4ef7-9512-10364c873c28，vehicleId=VAG4725，原始观测继续保存
2026-08-31 00:36:28.520 [mytransitgps-continuous-collector] WARN  c.m.persistence.service.JohorRealtimeQcAnnotator - 检测到Static Trip未匹配，feedId=rapid-bus-mrtfeeder，snapshotUid=fcaa6714-8fc4-4ef7-9512-10364c873c28，vehicleId=VAG4725，原始观测继续保存
2026-08-31 00:36:28.520 [mytransitgps-continuous-collector] WARN  c.m.persistence.service.JohorRealtimeQcAnnotator - 检测到Static Route未匹配，feedId=rapid-bus-mrtfeeder，snapshotUid=fcaa6714-8fc4-4ef7-9512-10364c873c28，vehicleId=VAG4880，原始观测继续保存
2026-08-31 00:36:28.520 [mytransitgps-continuous-collector] WARN  c.m.persistence.service.JohorRealtimeQcAnnotator - 检测到Static Trip未匹配，feedId=rapid-bus-mrtfeeder，snapshotUid=fcaa6714-8fc4-4ef7-9512-10364c873c28，vehicleId=VAG4880，原始观测继续保存
2026-08-31 00:36:28.520 [mytransitgps-continuous-collector] WARN  c.m.persistence.service.JohorRealtimeQcAnnotator - 检测到Static Route未匹配，feedId=rapid-bus-mrtfeeder，snapshotUid=fcaa6714-8fc4-4ef7-9512-10364c873c28，vehicleId=VAG8049，原始观测继续保存
2026-08-31 00:36:28.520 [mytransitgps-continuous-collector] WARN  c.m.persistence.service.JohorRealtimeQcAnnotator - 检测到Static Trip未匹配，feedId=rapid-bus-mrtfeeder，snapshotUid=fcaa6714-8fc4-4ef7-9512-10364c873c28，vehicleId=VAG8049，原始观测继续保存
2026-08-31 00:36:28.520 [mytransitgps-continuous-collector] WARN  c.m.persistence.service.JohorRealtimeQcAnnotator - 检测到Static Route未匹配，feedId=rapid-bus-mrtfeeder，snapshotUid=fcaa6714-8fc4-4ef7-9512-10364c873c28，vehicleId=VAG8054，原始观测继续保存
2026-08-31 00:36:28.520 [mytransitgps-continuous-collector] WARN  c.m.persistence.service.JohorRealtimeQcAnnotator - 检测到Static Trip未匹配，feedId=rapid-bus-mrtfeeder，snapshotUid=fcaa6714-8fc4-4ef7-9512-10364c873c28，vehicleId=VAG8054，原始观测继续保存
2026-08-31 00:36:28.520 [mytransitgps-continuous-collector] WARN  c.m.persistence.service.JohorRealtimeQcAnnotator - 检测到Static Route未匹配，feedId=rapid-bus-mrtfeeder，snapshotUid=fcaa6714-8fc4-4ef7-9512-10364c873c28，vehicleId=VAG8541，原始观测继续保存
2026-08-31 00:36:28.520 [mytransitgps-continuous-collector] WARN  c.m.persistence.service.JohorRealtimeQcAnnotator - 检测到Static Trip未匹配，feedId=rapid-bus-mrtfeeder，snapshotUid=fcaa6714-8fc4-4ef7-9512-10364c873c28，vehicleId=VAG8541，原始观测继续保存
2026-08-31 00:36:28.520 [mytransitgps-continuous-collector] WARN  c.m.persistence.service.JohorRealtimeQcAnnotator - 检测到Static Route未匹配，feedId=rapid-bus-mrtfeeder，snapshotUid=fcaa6714-8fc4-4ef7-9512-10364c873c28，vehicleId=VAJ1514，原始观测继续保存
2026-08-31 00:36:28.520 [mytransitgps-continuous-collector] WARN  c.m.persistence.service.JohorRealtimeQcAnnotator - 检测到Static Trip未匹配，feedId=rapid-bus-mrtfeeder，snapshotUid=fcaa6714-8fc4-4ef7-9512-10364c873c28，vehicleId=VAJ1514，原始观测继续保存
2026-08-31 00:36:28.520 [mytransitgps-continuous-collector] WARN  c.m.persistence.service.JohorRealtimeQcAnnotator - 检测到Static Route未匹配，feedId=rapid-bus-mrtfeeder，snapshotUid=fcaa6714-8fc4-4ef7-9512-10364c873c28，vehicleId=VAJ2854，原始观测继续保存
2026-08-31 00:36:28.520 [mytransitgps-continuous-collector] WARN  c.m.persistence.service.JohorRealtimeQcAnnotator - 检测到Static Trip未匹配，feedId=rapid-bus-mrtfeeder，snapshotUid=fcaa6714-8fc4-4ef7-9512-10364c873c28，vehicleId=VAJ2854，原始观测继续保存
2026-08-31 00:36:28.520 [mytransitgps-continuous-collector] WARN  c.m.persistence.service.JohorRealtimeQcAnnotator - 检测到Static Route未匹配，feedId=rapid-bus-mrtfeeder，snapshotUid=fcaa6714-8fc4-4ef7-9512-10364c873c28，vehicleId=VAK1014，原始观测继续保存
2026-08-31 00:36:28.521 [mytransitgps-continuous-collector] WARN  c.m.persistence.service.JohorRealtimeQcAnnotator - 检测到Static Trip未匹配，feedId=rapid-bus-mrtfeeder，snapshotUid=fcaa6714-8fc4-4ef7-9512-10364c873c28，vehicleId=VAK1014，原始观测继续保存
2026-08-31 00:36:28.521 [mytransitgps-continuous-collector] WARN  c.m.persistence.service.JohorRealtimeQcAnnotator - 检测到Static Route未匹配，feedId=rapid-bus-mrtfeeder，snapshotUid=fcaa6714-8fc4-4ef7-9512-10364c873c28，vehicleId=VAK1034，原始观测继续保存
2026-08-31 00:36:28.521 [mytransitgps-continuous-collector] WARN  c.m.persistence.service.JohorRealtimeQcAnnotator - 检测到Static Trip未匹配，feedId=rapid-bus-mrtfeeder，snapshotUid=fcaa6714-8fc4-4ef7-9512-10364c873c28，vehicleId=VAK1034，原始观测继续保存
2026-08-31 00:36:28.521 [mytransitgps-continuous-collector] WARN  c.m.persistence.service.JohorRealtimeQcAnnotator - 检测到Static Route未匹配，feedId=rapid-bus-mrtfeeder，snapshotUid=fcaa6714-8fc4-4ef7-9512-10364c873c28，vehicleId=VAL4552，原始观测继续保存
2026-08-31 00:36:28.521 [mytransitgps-continuous-collector] WARN  c.m.persistence.service.JohorRealtimeQcAnnotator - 检测到Static Trip未匹配，feedId=rapid-bus-mrtfeeder，snapshotUid=fcaa6714-8fc4-4ef7-9512-10364c873c28，vehicleId=VAL4552，原始观测继续保存
2026-08-31 00:36:28.521 [mytransitgps-continuous-collector] WARN  c.m.persistence.service.JohorRealtimeQcAnnotator - 检测到Future Timestamp，feedId=rapid-bus-mrtfeeder，snapshotUid=fcaa6714-8fc4-4ef7-9512-10364c873c28，vehicleId=VAL4552，vehicleTime=1886017556，原始时间戳继续保存
2026-08-31 00:36:28.521 [mytransitgps-continuous-collector] WARN  c.m.persistence.service.JohorRealtimeQcAnnotator - 检测到Static Route未匹配，feedId=rapid-bus-mrtfeeder，snapshotUid=fcaa6714-8fc4-4ef7-9512-10364c873c28，vehicleId=VG6477，原始观测继续保存
2026-08-31 00:36:28.521 [mytransitgps-continuous-collector] WARN  c.m.persistence.service.JohorRealtimeQcAnnotator - 检测到Static Trip未匹配，feedId=rapid-bus-mrtfeeder，snapshotUid=fcaa6714-8fc4-4ef7-9512-10364c873c28，vehicleId=VG6477，原始观测继续保存
2026-08-31 00:36:28.521 [mytransitgps-continuous-collector] WARN  c.m.persistence.service.JohorRealtimeQcAnnotator - 检测到Static Route未匹配，feedId=rapid-bus-mrtfeeder，snapshotUid=fcaa6714-8fc4-4ef7-9512-10364c873c28，vehicleId=VG6491，原始观测继续保存
2026-08-31 00:36:28.521 [mytransitgps-continuous-collector] WARN  c.m.persistence.service.JohorRealtimeQcAnnotator - 检测到Static Trip未匹配，feedId=rapid-bus-mrtfeeder，snapshotUid=fcaa6714-8fc4-4ef7-9512-10364c873c28，vehicleId=VG6491，原始观测继续保存
2026-08-31 00:36:28.521 [mytransitgps-continuous-collector] WARN  c.m.persistence.service.JohorRealtimeQcAnnotator - 检测到Static Route未匹配，feedId=rapid-bus-mrtfeeder，snapshotUid=fcaa6714-8fc4-4ef7-9512-10364c873c28，vehicleId=VG6493，原始观测继续保存
2026-08-31 00:36:28.521 [mytransitgps-continuous-collector] WARN  c.m.persistence.service.JohorRealtimeQcAnnotator - 检测到Static Trip未匹配，feedId=rapid-bus-mrtfeeder，snapshotUid=fcaa6714-8fc4-4ef7-9512-10364c873c28，vehicleId=VG6493，原始观测继续保存
2026-08-31 00:36:28.521 [mytransitgps-continuous-collector] WARN  c.m.persistence.service.JohorRealtimeQcAnnotator - 检测到Static Route未匹配，feedId=rapid-bus-mrtfeeder，snapshotUid=fcaa6714-8fc4-4ef7-9512-10364c873c28，vehicleId=VG6529，原始观测继续保存
2026-08-31 00:36:28.521 [mytransitgps-continuous-collector] WARN  c.m.persistence.service.JohorRealtimeQcAnnotator - 检测到Static Trip未匹配，feedId=rapid-bus-mrtfeeder，snapshotUid=fcaa6714-8fc4-4ef7-9512-10364c873c28，vehicleId=VG6529，原始观测继续保存
2026-08-31 00:36:28.521 [mytransitgps-continuous-collector] WARN  c.m.persistence.service.JohorRealtimeQcAnnotator - 检测到Static Route未匹配，feedId=rapid-bus-mrtfeeder，snapshotUid=fcaa6714-8fc4-4ef7-9512-10364c873c28，vehicleId=VG8673，原始观测继续保存
2026-08-31 00:36:28.521 [mytransitgps-continuous-collector] WARN  c.m.persistence.service.JohorRealtimeQcAnnotator - 检测到Static Trip未匹配，feedId=rapid-bus-mrtfeeder，snapshotUid=fcaa6714-8fc4-4ef7-9512-10364c873c28，vehicleId=VG8673，原始观测继续保存
2026-08-31 00:36:28.521 [mytransitgps-continuous-collector] WARN  c.m.persistence.service.JohorRealtimeQcAnnotator - 检测到Static Route未匹配，feedId=rapid-bus-mrtfeeder，snapshotUid=fcaa6714-8fc4-4ef7-9512-10364c873c28，vehicleId=VG8742，原始观测继续保存
2026-08-31 00:36:28.521 [mytransitgps-continuous-collector] WARN  c.m.persistence.service.JohorRealtimeQcAnnotator - 检测到Static Trip未匹配，feedId=rapid-bus-mrtfeeder，snapshotUid=fcaa6714-8fc4-4ef7-9512-10364c873c28，vehicleId=VG8742，原始观测继续保存
2026-08-31 00:36:28.521 [mytransitgps-continuous-collector] WARN  c.m.persistence.service.JohorRealtimeQcAnnotator - 检测到Static Route未匹配，feedId=rapid-bus-mrtfeeder，snapshotUid=fcaa6714-8fc4-4ef7-9512-10364c873c28，vehicleId=VG8934，原始观测继续保存
2026-08-31 00:36:28.521 [mytransitgps-continuous-collector] WARN  c.m.persistence.service.JohorRealtimeQcAnnotator - 检测到Static Trip未匹配，feedId=rapid-bus-mrtfeeder，snapshotUid=fcaa6714-8fc4-4ef7-9512-10364c873c28，vehicleId=VG8934，原始观测继续保存
2026-08-31 00:36:28.521 [mytransitgps-continuous-collector] WARN  c.m.persistence.service.JohorRealtimeQcAnnotator - 检测到Static Route未匹配，feedId=rapid-bus-mrtfeeder，snapshotUid=fcaa6714-8fc4-4ef7-9512-10364c873c28，vehicleId=VH1382，原始观测继续保存
2026-08-31 00:36:28.521 [mytransitgps-continuous-collector] WARN  c.m.persistence.service.JohorRealtimeQcAnnotator - 检测到Static Trip未匹配，feedId=rapid-bus-mrtfeeder，snapshotUid=fcaa6714-8fc4-4ef7-9512-10364c873c28，vehicleId=VH1382，原始观测继续保存
2026-08-31 00:36:28.521 [mytransitgps-continuous-collector] WARN  c.m.persistence.service.JohorRealtimeQcAnnotator - 检测到Static Route未匹配，feedId=rapid-bus-mrtfeeder，snapshotUid=fcaa6714-8fc4-4ef7-9512-10364c873c28，vehicleId=VH1568，原始观测继续保存
2026-08-31 00:36:28.521 [mytransitgps-continuous-collector] WARN  c.m.persistence.service.JohorRealtimeQcAnnotator - 检测到Static Trip未匹配，feedId=rapid-bus-mrtfeeder，snapshotUid=fcaa6714-8fc4-4ef7-9512-10364c873c28，vehicleId=VH1568，原始观测继续保存
2026-08-31 00:36:28.521 [mytransitgps-continuous-collector] WARN  c.m.persistence.service.JohorRealtimeQcAnnotator - 检测到Static Route未匹配，feedId=rapid-bus-mrtfeeder，snapshotUid=fcaa6714-8fc4-4ef7-9512-10364c873c28，vehicleId=VH2491，原始观测继续保存
2026-08-31 00:36:28.521 [mytransitgps-continuous-collector] WARN  c.m.persistence.service.JohorRealtimeQcAnnotator - 检测到Static Trip未匹配，feedId=rapid-bus-mrtfeeder，snapshotUid=fcaa6714-8fc4-4ef7-9512-10364c873c28，vehicleId=VH2491，原始观测继续保存
2026-08-31 00:36:28.521 [mytransitgps-continuous-collector] WARN  c.m.persistence.service.JohorRealtimeQcAnnotator - 检测到Static Route未匹配，feedId=rapid-bus-mrtfeeder，snapshotUid=fcaa6714-8fc4-4ef7-9512-10364c873c28，vehicleId=VH2494，原始观测继续保存
2026-08-31 00:36:28.521 [mytransitgps-continuous-collector] WARN  c.m.persistence.service.JohorRealtimeQcAnnotator - 检测到Static Trip未匹配，feedId=rapid-bus-mrtfeeder，snapshotUid=fcaa6714-8fc4-4ef7-9512-10364c873c28，vehicleId=VH2494，原始观测继续保存
2026-08-31 00:36:28.521 [mytransitgps-continuous-collector] WARN  c.m.persistence.service.JohorRealtimeQcAnnotator - 检测到Static Route未匹配，feedId=rapid-bus-mrtfeeder，snapshotUid=fcaa6714-8fc4-4ef7-9512-10364c873c28，vehicleId=VH2549，原始观测继续保存
2026-08-31 00:36:28.521 [mytransitgps-continuous-collector] WARN  c.m.persistence.service.JohorRealtimeQcAnnotator - 检测到Static Trip未匹配，feedId=rapid-bus-mrtfeeder，snapshotUid=fcaa6714-8fc4-4ef7-9512-10364c873c28，vehicleId=VH2549，原始观测继续保存
2026-08-31 00:36:28.521 [mytransitgps-continuous-collector] WARN  c.m.persistence.service.JohorRealtimeQcAnnotator - 检测到Static Route未匹配，feedId=rapid-bus-mrtfeeder，snapshotUid=fcaa6714-8fc4-4ef7-9512-10364c873c28，vehicleId=VH4037，原始观测继续保存
2026-08-31 00:36:28.521 [mytransitgps-continuous-collector] WARN  c.m.persistence.service.JohorRealtimeQcAnnotator - 检测到Static Trip未匹配，feedId=rapid-bus-mrtfeeder，snapshotUid=fcaa6714-8fc4-4ef7-9512-10364c873c28，vehicleId=VH4037，原始观测继续保存
2026-08-31 00:36:28.521 [mytransitgps-continuous-collector] WARN  c.m.persistence.service.JohorRealtimeQcAnnotator - 检测到Static Route未匹配，feedId=rapid-bus-mrtfeeder，snapshotUid=fcaa6714-8fc4-4ef7-9512-10364c873c28，vehicleId=VH4053，原始观测继续保存
2026-08-31 00:36:28.521 [mytransitgps-continuous-collector] WARN  c.m.persistence.service.JohorRealtimeQcAnnotator - 检测到Static Trip未匹配，feedId=rapid-bus-mrtfeeder，snapshotUid=fcaa6714-8fc4-4ef7-9512-10364c873c28，vehicleId=VH4053，原始观测继续保存
2026-08-31 00:36:28.522 [mytransitgps-continuous-collector] WARN  c.m.persistence.service.JohorRealtimeQcAnnotator - 检测到Static Route未匹配，feedId=rapid-bus-mrtfeeder，snapshotUid=fcaa6714-8fc4-4ef7-9512-10364c873c28，vehicleId=VH4086，原始观测继续保存
2026-08-31 00:36:28.522 [mytransitgps-continuous-collector] WARN  c.m.persistence.service.JohorRealtimeQcAnnotator - 检测到Static Trip未匹配，feedId=rapid-bus-mrtfeeder，snapshotUid=fcaa6714-8fc4-4ef7-9512-10364c873c28，vehicleId=VH4086，原始观测继续保存
2026-08-31 00:36:28.522 [mytransitgps-continuous-collector] WARN  c.m.persistence.service.JohorRealtimeQcAnnotator - 检测到Static Route未匹配，feedId=rapid-bus-mrtfeeder，snapshotUid=fcaa6714-8fc4-4ef7-9512-10364c873c28，vehicleId=VH4108，原始观测继续保存
2026-08-31 00:36:28.522 [mytransitgps-continuous-collector] WARN  c.m.persistence.service.JohorRealtimeQcAnnotator - 检测到Static Trip未匹配，feedId=rapid-bus-mrtfeeder，snapshotUid=fcaa6714-8fc4-4ef7-9512-10364c873c28，vehicleId=VH4108，原始观测继续保存
2026-08-31 00:36:28.522 [mytransitgps-continuous-collector] WARN  c.m.persistence.service.JohorRealtimeQcAnnotator - 检测到Static Route未匹配，feedId=rapid-bus-mrtfeeder，snapshotUid=fcaa6714-8fc4-4ef7-9512-10364c873c28，vehicleId=VH4189，原始观测继续保存
2026-08-31 00:36:28.522 [mytransitgps-continuous-collector] WARN  c.m.persistence.service.JohorRealtimeQcAnnotator - 检测到Static Trip未匹配，feedId=rapid-bus-mrtfeeder，snapshotUid=fcaa6714-8fc4-4ef7-9512-10364c873c28，vehicleId=VH4189，原始观测继续保存
2026-08-31 00:36:28.522 [mytransitgps-continuous-collector] WARN  c.m.persistence.service.JohorRealtimeQcAnnotator - 检测到Static Route未匹配，feedId=rapid-bus-mrtfeeder，snapshotUid=fcaa6714-8fc4-4ef7-9512-10364c873c28，vehicleId=VH4268，原始观测继续保存
2026-08-31 00:36:28.522 [mytransitgps-continuous-collector] WARN  c.m.persistence.service.JohorRealtimeQcAnnotator - 检测到Static Trip未匹配，feedId=rapid-bus-mrtfeeder，snapshotUid=fcaa6714-8fc4-4ef7-9512-10364c873c28，vehicleId=VH4268，原始观测继续保存
2026-08-31 00:36:28.522 [mytransitgps-continuous-collector] WARN  c.m.persistence.service.JohorRealtimeQcAnnotator - 检测到Static Route未匹配，feedId=rapid-bus-mrtfeeder，snapshotUid=fcaa6714-8fc4-4ef7-9512-10364c873c28，vehicleId=VH4318，原始观测继续保存
2026-08-31 00:36:28.522 [mytransitgps-continuous-collector] WARN  c.m.persistence.service.JohorRealtimeQcAnnotator - 检测到Static Trip未匹配，feedId=rapid-bus-mrtfeeder，snapshotUid=fcaa6714-8fc4-4ef7-9512-10364c873c28，vehicleId=VH4318，原始观测继续保存
2026-08-31 00:36:28.522 [mytransitgps-continuous-collector] WARN  c.m.persistence.service.JohorRealtimeQcAnnotator - 检测到Static Route未匹配，feedId=rapid-bus-mrtfeeder，snapshotUid=fcaa6714-8fc4-4ef7-9512-10364c873c28，vehicleId=VH4924，原始观测继续保存
2026-08-31 00:36:28.522 [mytransitgps-continuous-collector] WARN  c.m.persistence.service.JohorRealtimeQcAnnotator - 检测到Static Trip未匹配，feedId=rapid-bus-mrtfeeder，snapshotUid=fcaa6714-8fc4-4ef7-9512-10364c873c28，vehicleId=VH4924，原始观测继续保存
2026-08-31 00:36:28.522 [mytransitgps-continuous-collector] WARN  c.m.persistence.service.JohorRealtimeQcAnnotator - 检测到Static Route未匹配，feedId=rapid-bus-mrtfeeder，snapshotUid=fcaa6714-8fc4-4ef7-9512-10364c873c28，vehicleId=VH4930，原始观测继续保存
2026-08-31 00:36:28.522 [mytransitgps-continuous-collector] WARN  c.m.persistence.service.JohorRealtimeQcAnnotator - 检测到Static Trip未匹配，feedId=rapid-bus-mrtfeeder，snapshotUid=fcaa6714-8fc4-4ef7-9512-10364c873c28，vehicleId=VH4930，原始观测继续保存
2026-08-31 00:36:28.522 [mytransitgps-continuous-collector] WARN  c.m.persistence.service.JohorRealtimeQcAnnotator - 检测到Static Route未匹配，feedId=rapid-bus-mrtfeeder，snapshotUid=fcaa6714-8fc4-4ef7-9512-10364c873c28，vehicleId=VH4985，原始观测继续保存
2026-08-31 00:36:28.522 [mytransitgps-continuous-collector] WARN  c.m.persistence.service.JohorRealtimeQcAnnotator - 检测到Static Trip未匹配，feedId=rapid-bus-mrtfeeder，snapshotUid=fcaa6714-8fc4-4ef7-9512-10364c873c28，vehicleId=VH4985，原始观测继续保存
2026-08-31 00:36:28.522 [mytransitgps-continuous-collector] WARN  c.m.persistence.service.JohorRealtimeQcAnnotator - 检测到Static Route未匹配，feedId=rapid-bus-mrtfeeder，snapshotUid=fcaa6714-8fc4-4ef7-9512-10364c873c28，vehicleId=VK2684，原始观测继续保存
2026-08-31 00:36:28.522 [mytransitgps-continuous-collector] WARN  c.m.persistence.service.JohorRealtimeQcAnnotator - 检测到Static Trip未匹配，feedId=rapid-bus-mrtfeeder，snapshotUid=fcaa6714-8fc4-4ef7-9512-10364c873c28，vehicleId=VK2684，原始观测继续保存
2026-08-31 00:36:28.522 [mytransitgps-continuous-collector] WARN  c.m.persistence.service.JohorRealtimeQcAnnotator - 检测到Static Route未匹配，feedId=rapid-bus-mrtfeeder，snapshotUid=fcaa6714-8fc4-4ef7-9512-10364c873c28，vehicleId=VK6475，原始观测继续保存
2026-08-31 00:36:28.522 [mytransitgps-continuous-collector] WARN  c.m.persistence.service.JohorRealtimeQcAnnotator - 检测到Static Trip未匹配，feedId=rapid-bus-mrtfeeder，snapshotUid=fcaa6714-8fc4-4ef7-9512-10364c873c28，vehicleId=VK6475，原始观测继续保存
2026-08-31 00:36:28.522 [mytransitgps-continuous-collector] WARN  c.m.persistence.service.JohorRealtimeQcAnnotator - 检测到Static Route未匹配，feedId=rapid-bus-mrtfeeder，snapshotUid=fcaa6714-8fc4-4ef7-9512-10364c873c28，vehicleId=VX2856，原始观测继续保存
2026-08-31 00:36:28.522 [mytransitgps-continuous-collector] WARN  c.m.persistence.service.JohorRealtimeQcAnnotator - 检测到Static Trip未匹配，feedId=rapid-bus-mrtfeeder，snapshotUid=fcaa6714-8fc4-4ef7-9512-10364c873c28，vehicleId=VX2856，原始观测继续保存
2026-08-31 00:37:40.303 [mytransitgps-continuous-collector] WARN  c.m.gtfs.service.RealtimeStaticEnrichmentService - Realtime Static补全存在未匹配项，城市=Kuching，feedId=mybas-kuching，routeUnresolved=1，tripUnmatched=1，原始Realtime实体继续保留
2026-08-31 00:37:40.303 [mytransitgps-continuous-collector] WARN  c.m.persistence.service.JohorRealtimeQcAnnotator - 检测到Static Route未匹配，feedId=mybas-kuching，snapshotUid=651b2eea-b7ee-426e-bb08-eb4c51d89bd0，vehicleId=MADANI2160，原始观测继续保存
2026-08-31 00:37:40.303 [mytransitgps-continuous-collector] WARN  c.m.persistence.service.JohorRealtimeQcAnnotator - 检测到Static Trip未匹配，feedId=mybas-kuching，snapshotUid=651b2eea-b7ee-426e-bb08-eb4c51d89bd0，vehicleId=MADANI2160，原始观测继续保存
2026-08-31 00:38:04.358 [mytransitgps-continuous-collector] WARN  c.m.gtfs.service.RealtimeStaticEnrichmentService - Realtime Static补全存在未匹配项，城市=Kuala Lumpur，feedId=rapid-bus-kl，routeUnresolved=0，tripUnmatched=1，原始Realtime实体继续保留
2026-08-31 00:38:04.358 [mytransitgps-continuous-collector] WARN  c.m.persistence.service.JohorRealtimeQcAnnotator - 检测到Static Trip未匹配，feedId=rapid-bus-kl，snapshotUid=2d0a6c17-ef6a-4a91-a683-5d9c71975f06，vehicleId=CDH8332，原始观测继续保存
2026-08-31 00:38:28.355 [mytransitgps-continuous-collector] WARN  c.m.gtfs.service.RealtimeStaticEnrichmentService - Realtime Static补全存在未匹配项，城市=Kuala Lumpur，feedId=rapid-bus-mrtfeeder，routeUnresolved=45，tripUnmatched=45，原始Realtime实体继续保留
2026-08-31 00:38:28.355 [mytransitgps-continuous-collector] WARN  c.m.persistence.service.JohorRealtimeQcAnnotator - 检测到Static Route未匹配，feedId=rapid-bus-mrtfeeder，snapshotUid=96fdf4aa-5180-4d9c-9079-ce30750610c8，vehicleId=VAC5764，原始观测继续保存
2026-08-31 00:38:28.355 [mytransitgps-continuous-collector] WARN  c.m.persistence.service.JohorRealtimeQcAnnotator - 检测到Static Trip未匹配，feedId=rapid-bus-mrtfeeder，snapshotUid=96fdf4aa-5180-4d9c-9079-ce30750610c8，vehicleId=VAC5764，原始观测继续保存
2026-08-31 00:38:28.355 [mytransitgps-continuous-collector] WARN  c.m.persistence.service.JohorRealtimeQcAnnotator - 检测到Static Route未匹配，feedId=rapid-bus-mrtfeeder，snapshotUid=96fdf4aa-5180-4d9c-9079-ce30750610c8，vehicleId=VAC5773，原始观测继续保存
2026-08-31 00:38:28.355 [mytransitgps-continuous-collector] WARN  c.m.persistence.service.JohorRealtimeQcAnnotator - 检测到Static Trip未匹配，feedId=rapid-bus-mrtfeeder，snapshotUid=96fdf4aa-5180-4d9c-9079-ce30750610c8，vehicleId=VAC5773，原始观测继续保存
2026-08-31 00:38:28.355 [mytransitgps-continuous-collector] WARN  c.m.persistence.service.JohorRealtimeQcAnnotator - 检测到Static Route未匹配，feedId=rapid-bus-mrtfeeder，snapshotUid=96fdf4aa-5180-4d9c-9079-ce30750610c8，vehicleId=VAE7038，原始观测继续保存
2026-08-31 00:38:28.355 [mytransitgps-continuous-collector] WARN  c.m.persistence.service.JohorRealtimeQcAnnotator - 检测到Static Trip未匹配，feedId=rapid-bus-mrtfeeder，snapshotUid=96fdf4aa-5180-4d9c-9079-ce30750610c8，vehicleId=VAE7038，原始观测继续保存
2026-08-31 00:38:28.355 [mytransitgps-continuous-collector] WARN  c.m.persistence.service.JohorRealtimeQcAnnotator - 检测到Static Route未匹配，feedId=rapid-bus-mrtfeeder，snapshotUid=96fdf4aa-5180-4d9c-9079-ce30750610c8，vehicleId=VAE7196，原始观测继续保存
2026-08-31 00:38:28.355 [mytransitgps-continuous-collector] WARN  c.m.persistence.service.JohorRealtimeQcAnnotator - 检测到Static Trip未匹配，feedId=rapid-bus-mrtfeeder，snapshotUid=96fdf4aa-5180-4d9c-9079-ce30750610c8，vehicleId=VAE7196，原始观测继续保存
2026-08-31 00:38:28.355 [mytransitgps-continuous-collector] WARN  c.m.persistence.service.JohorRealtimeQcAnnotator - 检测到Static Route未匹配，feedId=rapid-bus-mrtfeeder，snapshotUid=96fdf4aa-5180-4d9c-9079-ce30750610c8，vehicleId=VAE7593，原始观测继续保存
2026-08-31 00:38:28.355 [mytransitgps-continuous-collector] WARN  c.m.persistence.service.JohorRealtimeQcAnnotator - 检测到Static Trip未匹配，feedId=rapid-bus-mrtfeeder，snapshotUid=96fdf4aa-5180-4d9c-9079-ce30750610c8，vehicleId=VAE7593，原始观测继续保存
2026-08-31 00:38:28.355 [mytransitgps-continuous-collector] WARN  c.m.persistence.service.JohorRealtimeQcAnnotator - 检测到Static Route未匹配，feedId=rapid-bus-mrtfeeder，snapshotUid=96fdf4aa-5180-4d9c-9079-ce30750610c8，vehicleId=VAF5439，原始观测继续保存
2026-08-31 00:38:28.355 [mytransitgps-continuous-collector] WARN  c.m.persistence.service.JohorRealtimeQcAnnotator - 检测到Static Trip未匹配，feedId=rapid-bus-mrtfeeder，snapshotUid=96fdf4aa-5180-4d9c-9079-ce30750610c8，vehicleId=VAF5439，原始观测继续保存
2026-08-31 00:38:28.355 [mytransitgps-continuous-collector] WARN  c.m.persistence.service.JohorRealtimeQcAnnotator - 检测到Static Route未匹配，feedId=rapid-bus-mrtfeeder，snapshotUid=96fdf4aa-5180-4d9c-9079-ce30750610c8，vehicleId=VAF5480，原始观测继续保存
2026-08-31 00:38:28.355 [mytransitgps-continuous-collector] WARN  c.m.persistence.service.JohorRealtimeQcAnnotator - 检测到Static Trip未匹配，feedId=rapid-bus-mrtfeeder，snapshotUid=96fdf4aa-5180-4d9c-9079-ce30750610c8，vehicleId=VAF5480，原始观测继续保存
2026-08-31 00:38:28.355 [mytransitgps-continuous-collector] WARN  c.m.persistence.service.JohorRealtimeQcAnnotator - 检测到Static Route未匹配，feedId=rapid-bus-mrtfeeder，snapshotUid=96fdf4aa-5180-4d9c-9079-ce30750610c8，vehicleId=VAF5766，原始观测继续保存
2026-08-31 00:38:28.355 [mytransitgps-continuous-collector] WARN  c.m.persistence.service.JohorRealtimeQcAnnotator - 检测到Static Trip未匹配，feedId=rapid-bus-mrtfeeder，snapshotUid=96fdf4aa-5180-4d9c-9079-ce30750610c8，vehicleId=VAF5766，原始观测继续保存
2026-08-31 00:38:28.356 [mytransitgps-continuous-collector] WARN  c.m.persistence.service.JohorRealtimeQcAnnotator - 检测到Static Route未匹配，feedId=rapid-bus-mrtfeeder，snapshotUid=96fdf4aa-5180-4d9c-9079-ce30750610c8，vehicleId=VAG4711，原始观测继续保存
2026-08-31 00:38:28.356 [mytransitgps-continuous-collector] WARN  c.m.persistence.service.JohorRealtimeQcAnnotator - 检测到Static Trip未匹配，feedId=rapid-bus-mrtfeeder，snapshotUid=96fdf4aa-5180-4d9c-9079-ce30750610c8，vehicleId=VAG4711，原始观测继续保存
2026-08-31 00:38:28.356 [mytransitgps-continuous-collector] WARN  c.m.persistence.service.JohorRealtimeQcAnnotator - 检测到Static Route未匹配，feedId=rapid-bus-mrtfeeder，snapshotUid=96fdf4aa-5180-4d9c-9079-ce30750610c8，vehicleId=VAG4725，原始观测继续保存
2026-08-31 00:38:28.356 [mytransitgps-continuous-collector] WARN  c.m.persistence.service.JohorRealtimeQcAnnotator - 检测到Static Trip未匹配，feedId=rapid-bus-mrtfeeder，snapshotUid=96fdf4aa-5180-4d9c-9079-ce30750610c8，vehicleId=VAG4725，原始观测继续保存
2026-08-31 00:38:28.356 [mytransitgps-continuous-collector] WARN  c.m.persistence.service.JohorRealtimeQcAnnotator - 检测到Static Route未匹配，feedId=rapid-bus-mrtfeeder，snapshotUid=96fdf4aa-5180-4d9c-9079-ce30750610c8，vehicleId=VAG4871，原始观测继续保存
2026-08-31 00:38:28.356 [mytransitgps-continuous-collector] WARN  c.m.persistence.service.JohorRealtimeQcAnnotator - 检测到Static Trip未匹配，feedId=rapid-bus-mrtfeeder，snapshotUid=96fdf4aa-5180-4d9c-9079-ce30750610c8，vehicleId=VAG4871，原始观测继续保存
2026-08-31 00:38:28.356 [mytransitgps-continuous-collector] WARN  c.m.persistence.service.JohorRealtimeQcAnnotator - 检测到Static Route未匹配，feedId=rapid-bus-mrtfeeder，snapshotUid=96fdf4aa-5180-4d9c-9079-ce30750610c8，vehicleId=VAG4880，原始观测继续保存
2026-08-31 00:38:28.356 [mytransitgps-continuous-collector] WARN  c.m.persistence.service.JohorRealtimeQcAnnotator - 检测到Static Trip未匹配，feedId=rapid-bus-mrtfeeder，snapshotUid=96fdf4aa-5180-4d9c-9079-ce30750610c8，vehicleId=VAG4880，原始观测继续保存
2026-08-31 00:38:28.356 [mytransitgps-continuous-collector] WARN  c.m.persistence.service.JohorRealtimeQcAnnotator - 检测到Static Route未匹配，feedId=rapid-bus-mrtfeeder，snapshotUid=96fdf4aa-5180-4d9c-9079-ce30750610c8，vehicleId=VAG8049，原始观测继续保存
2026-08-31 00:38:28.356 [mytransitgps-continuous-collector] WARN  c.m.persistence.service.JohorRealtimeQcAnnotator - 检测到Static Trip未匹配，feedId=rapid-bus-mrtfeeder，snapshotUid=96fdf4aa-5180-4d9c-9079-ce30750610c8，vehicleId=VAG8049，原始观测继续保存
2026-08-31 00:38:28.356 [mytransitgps-continuous-collector] WARN  c.m.persistence.service.JohorRealtimeQcAnnotator - 检测到Static Route未匹配，feedId=rapid-bus-mrtfeeder，snapshotUid=96fdf4aa-5180-4d9c-9079-ce30750610c8，vehicleId=VAG8054，原始观测继续保存
2026-08-31 00:38:28.356 [mytransitgps-continuous-collector] WARN  c.m.persistence.service.JohorRealtimeQcAnnotator - 检测到Static Trip未匹配，feedId=rapid-bus-mrtfeeder，snapshotUid=96fdf4aa-5180-4d9c-9079-ce30750610c8，vehicleId=VAG8054，原始观测继续保存
2026-08-31 00:38:28.356 [mytransitgps-continuous-collector] WARN  c.m.persistence.service.JohorRealtimeQcAnnotator - 检测到Static Route未匹配，feedId=rapid-bus-mrtfeeder，snapshotUid=96fdf4aa-5180-4d9c-9079-ce30750610c8，vehicleId=VAG8541，原始观测继续保存
2026-08-31 00:38:28.356 [mytransitgps-continuous-collector] WARN  c.m.persistence.service.JohorRealtimeQcAnnotator - 检测到Static Trip未匹配，feedId=rapid-bus-mrtfeeder，snapshotUid=96fdf4aa-5180-4d9c-9079-ce30750610c8，vehicleId=VAG8541，原始观测继续保存
2026-08-31 00:38:28.356 [mytransitgps-continuous-collector] WARN  c.m.persistence.service.JohorRealtimeQcAnnotator - 检测到Static Route未匹配，feedId=rapid-bus-mrtfeeder，snapshotUid=96fdf4aa-5180-4d9c-9079-ce30750610c8，vehicleId=VAJ1514，原始观测继续保存
2026-08-31 00:38:28.356 [mytransitgps-continuous-collector] WARN  c.m.persistence.service.JohorRealtimeQcAnnotator - 检测到Static Trip未匹配，feedId=rapid-bus-mrtfeeder，snapshotUid=96fdf4aa-5180-4d9c-9079-ce30750610c8，vehicleId=VAJ1514，原始观测继续保存
2026-08-31 00:38:28.356 [mytransitgps-continuous-collector] WARN  c.m.persistence.service.JohorRealtimeQcAnnotator - 检测到Static Route未匹配，feedId=rapid-bus-mrtfeeder，snapshotUid=96fdf4aa-5180-4d9c-9079-ce30750610c8，vehicleId=VAJ2854，原始观测继续保存
2026-08-31 00:38:28.356 [mytransitgps-continuous-collector] WARN  c.m.persistence.service.JohorRealtimeQcAnnotator - 检测到Static Trip未匹配，feedId=rapid-bus-mrtfeeder，snapshotUid=96fdf4aa-5180-4d9c-9079-ce30750610c8，vehicleId=VAJ2854，原始观测继续保存
2026-08-31 00:38:28.356 [mytransitgps-continuous-collector] WARN  c.m.persistence.service.JohorRealtimeQcAnnotator - 检测到Static Route未匹配，feedId=rapid-bus-mrtfeeder，snapshotUid=96fdf4aa-5180-4d9c-9079-ce30750610c8，vehicleId=VAK1014，原始观测继续保存
2026-08-31 00:38:28.356 [mytransitgps-continuous-collector] WARN  c.m.persistence.service.JohorRealtimeQcAnnotator - 检测到Static Trip未匹配，feedId=rapid-bus-mrtfeeder，snapshotUid=96fdf4aa-5180-4d9c-9079-ce30750610c8，vehicleId=VAK1014，原始观测继续保存
2026-08-31 00:38:28.356 [mytransitgps-continuous-collector] WARN  c.m.persistence.service.JohorRealtimeQcAnnotator - 检测到Static Route未匹配，feedId=rapid-bus-mrtfeeder，snapshotUid=96fdf4aa-5180-4d9c-9079-ce30750610c8，vehicleId=VAK1034，原始观测继续保存
2026-08-31 00:38:28.356 [mytransitgps-continuous-collector] WARN  c.m.persistence.service.JohorRealtimeQcAnnotator - 检测到Static Trip未匹配，feedId=rapid-bus-mrtfeeder，snapshotUid=96fdf4aa-5180-4d9c-9079-ce30750610c8，vehicleId=VAK1034，原始观测继续保存
2026-08-31 00:38:28.357 [mytransitgps-continuous-collector] WARN  c.m.persistence.service.JohorRealtimeQcAnnotator - 检测到Static Route未匹配，feedId=rapid-bus-mrtfeeder，snapshotUid=96fdf4aa-5180-4d9c-9079-ce30750610c8，vehicleId=VAL4552，原始观测继续保存
2026-08-31 00:38:28.357 [mytransitgps-continuous-collector] WARN  c.m.persistence.service.JohorRealtimeQcAnnotator - 检测到Static Trip未匹配，feedId=rapid-bus-mrtfeeder，snapshotUid=96fdf4aa-5180-4d9c-9079-ce30750610c8，vehicleId=VAL4552，原始观测继续保存
2026-08-31 00:38:28.357 [mytransitgps-continuous-collector] WARN  c.m.persistence.service.JohorRealtimeQcAnnotator - 检测到Future Timestamp，feedId=rapid-bus-mrtfeeder，snapshotUid=96fdf4aa-5180-4d9c-9079-ce30750610c8，vehicleId=VAL4552，vehicleTime=1886017556，原始时间戳继续保存
2026-08-31 00:38:28.357 [mytransitgps-continuous-collector] WARN  c.m.persistence.service.JohorRealtimeQcAnnotator - 检测到Static Route未匹配，feedId=rapid-bus-mrtfeeder，snapshotUid=96fdf4aa-5180-4d9c-9079-ce30750610c8，vehicleId=VG6477，原始观测继续保存
2026-08-31 00:38:28.357 [mytransitgps-continuous-collector] WARN  c.m.persistence.service.JohorRealtimeQcAnnotator - 检测到Static Trip未匹配，feedId=rapid-bus-mrtfeeder，snapshotUid=96fdf4aa-5180-4d9c-9079-ce30750610c8，vehicleId=VG6477，原始观测继续保存
2026-08-31 00:38:28.357 [mytransitgps-continuous-collector] WARN  c.m.persistence.service.JohorRealtimeQcAnnotator - 检测到Static Route未匹配，feedId=rapid-bus-mrtfeeder，snapshotUid=96fdf4aa-5180-4d9c-9079-ce30750610c8，vehicleId=VG6491，原始观测继续保存
2026-08-31 00:38:28.357 [mytransitgps-continuous-collector] WARN  c.m.persistence.service.JohorRealtimeQcAnnotator - 检测到Static Trip未匹配，feedId=rapid-bus-mrtfeeder，snapshotUid=96fdf4aa-5180-4d9c-9079-ce30750610c8，vehicleId=VG6491，原始观测继续保存
2026-08-31 00:38:28.357 [mytransitgps-continuous-collector] WARN  c.m.persistence.service.JohorRealtimeQcAnnotator - 检测到Static Route未匹配，feedId=rapid-bus-mrtfeeder，snapshotUid=96fdf4aa-5180-4d9c-9079-ce30750610c8，vehicleId=VG6493，原始观测继续保存
2026-08-31 00:38:28.357 [mytransitgps-continuous-collector] WARN  c.m.persistence.service.JohorRealtimeQcAnnotator - 检测到Static Trip未匹配，feedId=rapid-bus-mrtfeeder，snapshotUid=96fdf4aa-5180-4d9c-9079-ce30750610c8，vehicleId=VG6493，原始观测继续保存
2026-08-31 00:38:28.357 [mytransitgps-continuous-collector] WARN  c.m.persistence.service.JohorRealtimeQcAnnotator - 检测到Static Route未匹配，feedId=rapid-bus-mrtfeeder，snapshotUid=96fdf4aa-5180-4d9c-9079-ce30750610c8，vehicleId=VG6529，原始观测继续保存
2026-08-31 00:38:28.357 [mytransitgps-continuous-collector] WARN  c.m.persistence.service.JohorRealtimeQcAnnotator - 检测到Static Trip未匹配，feedId=rapid-bus-mrtfeeder，snapshotUid=96fdf4aa-5180-4d9c-9079-ce30750610c8，vehicleId=VG6529，原始观测继续保存
2026-08-31 00:38:28.357 [mytransitgps-continuous-collector] WARN  c.m.persistence.service.JohorRealtimeQcAnnotator - 检测到Static Route未匹配，feedId=rapid-bus-mrtfeeder，snapshotUid=96fdf4aa-5180-4d9c-9079-ce30750610c8，vehicleId=VG8673，原始观测继续保存
2026-08-31 00:38:28.357 [mytransitgps-continuous-collector] WARN  c.m.persistence.service.JohorRealtimeQcAnnotator - 检测到Static Trip未匹配，feedId=rapid-bus-mrtfeeder，snapshotUid=96fdf4aa-5180-4d9c-9079-ce30750610c8，vehicleId=VG8673，原始观测继续保存
2026-08-31 00:38:28.357 [mytransitgps-continuous-collector] WARN  c.m.persistence.service.JohorRealtimeQcAnnotator - 检测到Static Route未匹配，feedId=rapid-bus-mrtfeeder，snapshotUid=96fdf4aa-5180-4d9c-9079-ce30750610c8，vehicleId=VG8742，原始观测继续保存
2026-08-31 00:38:28.357 [mytransitgps-continuous-collector] WARN  c.m.persistence.service.JohorRealtimeQcAnnotator - 检测到Static Trip未匹配，feedId=rapid-bus-mrtfeeder，snapshotUid=96fdf4aa-5180-4d9c-9079-ce30750610c8，vehicleId=VG8742，原始观测继续保存
2026-08-31 00:38:28.357 [mytransitgps-continuous-collector] WARN  c.m.persistence.service.JohorRealtimeQcAnnotator - 检测到Static Route未匹配，feedId=rapid-bus-mrtfeeder，snapshotUid=96fdf4aa-5180-4d9c-9079-ce30750610c8，vehicleId=VG8934，原始观测继续保存
2026-08-31 00:38:28.357 [mytransitgps-continuous-collector] WARN  c.m.persistence.service.JohorRealtimeQcAnnotator - 检测到Static Trip未匹配，feedId=rapid-bus-mrtfeeder，snapshotUid=96fdf4aa-5180-4d9c-9079-ce30750610c8，vehicleId=VG8934，原始观测继续保存
2026-08-31 00:38:28.357 [mytransitgps-continuous-collector] WARN  c.m.persistence.service.JohorRealtimeQcAnnotator - 检测到Static Route未匹配，feedId=rapid-bus-mrtfeeder，snapshotUid=96fdf4aa-5180-4d9c-9079-ce30750610c8，vehicleId=VH1382，原始观测继续保存
2026-08-31 00:38:28.357 [mytransitgps-continuous-collector] WARN  c.m.persistence.service.JohorRealtimeQcAnnotator - 检测到Static Trip未匹配，feedId=rapid-bus-mrtfeeder，snapshotUid=96fdf4aa-5180-4d9c-9079-ce30750610c8，vehicleId=VH1382，原始观测继续保存
2026-08-31 00:38:28.357 [mytransitgps-continuous-collector] WARN  c.m.persistence.service.JohorRealtimeQcAnnotator - 检测到Static Route未匹配，feedId=rapid-bus-mrtfeeder，snapshotUid=96fdf4aa-5180-4d9c-9079-ce30750610c8，vehicleId=VH1568，原始观测继续保存
2026-08-31 00:38:28.357 [mytransitgps-continuous-collector] WARN  c.m.persistence.service.JohorRealtimeQcAnnotator - 检测到Static Trip未匹配，feedId=rapid-bus-mrtfeeder，snapshotUid=96fdf4aa-5180-4d9c-9079-ce30750610c8，vehicleId=VH1568，原始观测继续保存
2026-08-31 00:38:28.357 [mytransitgps-continuous-collector] WARN  c.m.persistence.service.JohorRealtimeQcAnnotator - 检测到Static Route未匹配，feedId=rapid-bus-mrtfeeder，snapshotUid=96fdf4aa-5180-4d9c-9079-ce30750610c8，vehicleId=VH2494，原始观测继续保存
2026-08-31 00:38:28.357 [mytransitgps-continuous-collector] WARN  c.m.persistence.service.JohorRealtimeQcAnnotator - 检测到Static Trip未匹配，feedId=rapid-bus-mrtfeeder，snapshotUid=96fdf4aa-5180-4d9c-9079-ce30750610c8，vehicleId=VH2494，原始观测继续保存
2026-08-31 00:38:28.357 [mytransitgps-continuous-collector] WARN  c.m.persistence.service.JohorRealtimeQcAnnotator - 检测到Static Route未匹配，feedId=rapid-bus-mrtfeeder，snapshotUid=96fdf4aa-5180-4d9c-9079-ce30750610c8，vehicleId=VH2549，原始观测继续保存
2026-08-31 00:38:28.357 [mytransitgps-continuous-collector] WARN  c.m.persistence.service.JohorRealtimeQcAnnotator - 检测到Static Trip未匹配，feedId=rapid-bus-mrtfeeder，snapshotUid=96fdf4aa-5180-4d9c-9079-ce30750610c8，vehicleId=VH2549，原始观测继续保存
2026-08-31 00:38:28.357 [mytransitgps-continuous-collector] WARN  c.m.persistence.service.JohorRealtimeQcAnnotator - 检测到Static Route未匹配，feedId=rapid-bus-mrtfeeder，snapshotUid=96fdf4aa-5180-4d9c-9079-ce30750610c8，vehicleId=VH4037，原始观测继续保存
2026-08-31 00:38:28.357 [mytransitgps-continuous-collector] WARN  c.m.persistence.service.JohorRealtimeQcAnnotator - 检测到Static Trip未匹配，feedId=rapid-bus-mrtfeeder，snapshotUid=96fdf4aa-5180-4d9c-9079-ce30750610c8，vehicleId=VH4037，原始观测继续保存
2026-08-31 00:38:28.357 [mytransitgps-continuous-collector] WARN  c.m.persistence.service.JohorRealtimeQcAnnotator - 检测到Static Route未匹配，feedId=rapid-bus-mrtfeeder，snapshotUid=96fdf4aa-5180-4d9c-9079-ce30750610c8，vehicleId=VH4053，原始观测继续保存
2026-08-31 00:38:28.357 [mytransitgps-continuous-collector] WARN  c.m.persistence.service.JohorRealtimeQcAnnotator - 检测到Static Trip未匹配，feedId=rapid-bus-mrtfeeder，snapshotUid=96fdf4aa-5180-4d9c-9079-ce30750610c8，vehicleId=VH4053，原始观测继续保存
2026-08-31 00:38:28.357 [mytransitgps-continuous-collector] WARN  c.m.persistence.service.JohorRealtimeQcAnnotator - 检测到Static Route未匹配，feedId=rapid-bus-mrtfeeder，snapshotUid=96fdf4aa-5180-4d9c-9079-ce30750610c8，vehicleId=VH4086，原始观测继续保存
2026-08-31 00:38:28.357 [mytransitgps-continuous-collector] WARN  c.m.persistence.service.JohorRealtimeQcAnnotator - 检测到Static Trip未匹配，feedId=rapid-bus-mrtfeeder，snapshotUid=96fdf4aa-5180-4d9c-9079-ce30750610c8，vehicleId=VH4086，原始观测继续保存
2026-08-31 00:38:28.357 [mytransitgps-continuous-collector] WARN  c.m.persistence.service.JohorRealtimeQcAnnotator - 检测到Static Route未匹配，feedId=rapid-bus-mrtfeeder，snapshotUid=96fdf4aa-5180-4d9c-9079-ce30750610c8，vehicleId=VH4108，原始观测继续保存
2026-08-31 00:38:28.357 [mytransitgps-continuous-collector] WARN  c.m.persistence.service.JohorRealtimeQcAnnotator - 检测到Static Trip未匹配，feedId=rapid-bus-mrtfeeder，snapshotUid=96fdf4aa-5180-4d9c-9079-ce30750610c8，vehicleId=VH4108，原始观测继续保存
2026-08-31 00:38:28.357 [mytransitgps-continuous-collector] WARN  c.m.persistence.service.JohorRealtimeQcAnnotator - 检测到Static Route未匹配，feedId=rapid-bus-mrtfeeder，snapshotUid=96fdf4aa-5180-4d9c-9079-ce30750610c8，vehicleId=VH4189，原始观测继续保存
2026-08-31 00:38:28.357 [mytransitgps-continuous-collector] WARN  c.m.persistence.service.JohorRealtimeQcAnnotator - 检测到Static Trip未匹配，feedId=rapid-bus-mrtfeeder，snapshotUid=96fdf4aa-5180-4d9c-9079-ce30750610c8，vehicleId=VH4189，原始观测继续保存
2026-08-31 00:38:28.357 [mytransitgps-continuous-collector] WARN  c.m.persistence.service.JohorRealtimeQcAnnotator - 检测到Static Route未匹配，feedId=rapid-bus-mrtfeeder，snapshotUid=96fdf4aa-5180-4d9c-9079-ce30750610c8，vehicleId=VH4268，原始观测继续保存
2026-08-31 00:38:28.357 [mytransitgps-continuous-collector] WARN  c.m.persistence.service.JohorRealtimeQcAnnotator - 检测到Static Trip未匹配，feedId=rapid-bus-mrtfeeder，snapshotUid=96fdf4aa-5180-4d9c-9079-ce30750610c8，vehicleId=VH4268，原始观测继续保存
2026-08-31 00:38:28.357 [mytransitgps-continuous-collector] WARN  c.m.persistence.service.JohorRealtimeQcAnnotator - 检测到Static Route未匹配，feedId=rapid-bus-mrtfeeder，snapshotUid=96fdf4aa-5180-4d9c-9079-ce30750610c8，vehicleId=VH4318，原始观测继续保存
2026-08-31 00:38:28.357 [mytransitgps-continuous-collector] WARN  c.m.persistence.service.JohorRealtimeQcAnnotator - 检测到Static Trip未匹配，feedId=rapid-bus-mrtfeeder，snapshotUid=96fdf4aa-5180-4d9c-9079-ce30750610c8，vehicleId=VH4318，原始观测继续保存
2026-08-31 00:38:28.357 [mytransitgps-continuous-collector] WARN  c.m.persistence.service.JohorRealtimeQcAnnotator - 检测到Static Route未匹配，feedId=rapid-bus-mrtfeeder，snapshotUid=96fdf4aa-5180-4d9c-9079-ce30750610c8，vehicleId=VH4924，原始观测继续保存
2026-08-31 00:38:28.357 [mytransitgps-continuous-collector] WARN  c.m.persistence.service.JohorRealtimeQcAnnotator - 检测到Static Trip未匹配，feedId=rapid-bus-mrtfeeder，snapshotUid=96fdf4aa-5180-4d9c-9079-ce30750610c8，vehicleId=VH4924，原始观测继续保存
2026-08-31 00:38:28.357 [mytransitgps-continuous-collector] WARN  c.m.persistence.service.JohorRealtimeQcAnnotator - 检测到Static Route未匹配，feedId=rapid-bus-mrtfeeder，snapshotUid=96fdf4aa-5180-4d9c-9079-ce30750610c8，vehicleId=VH4930，原始观测继续保存
2026-08-31 00:38:28.357 [mytransitgps-continuous-collector] WARN  c.m.persistence.service.JohorRealtimeQcAnnotator - 检测到Static Trip未匹配，feedId=rapid-bus-mrtfeeder，snapshotUid=96fdf4aa-5180-4d9c-9079-ce30750610c8，vehicleId=VH4930，原始观测继续保存
2026-08-31 00:38:28.357 [mytransitgps-continuous-collector] WARN  c.m.persistence.service.JohorRealtimeQcAnnotator - 检测到Static Route未匹配，feedId=rapid-bus-mrtfeeder，snapshotUid=96fdf4aa-5180-4d9c-9079-ce30750610c8，vehicleId=VH4985，原始观测继续保存
2026-08-31 00:38:28.357 [mytransitgps-continuous-collector] WARN  c.m.persistence.service.JohorRealtimeQcAnnotator - 检测到Static Trip未匹配，feedId=rapid-bus-mrtfeeder，snapshotUid=96fdf4aa-5180-4d9c-9079-ce30750610c8，vehicleId=VH4985，原始观测继续保存
2026-08-31 00:38:28.357 [mytransitgps-continuous-collector] WARN  c.m.persistence.service.JohorRealtimeQcAnnotator - 检测到Static Route未匹配，feedId=rapid-bus-mrtfeeder，snapshotUid=96fdf4aa-5180-4d9c-9079-ce30750610c8，vehicleId=VK2607，原始观测继续保存
2026-08-31 00:38:28.357 [mytransitgps-continuous-collector] WARN  c.m.persistence.service.JohorRealtimeQcAnnotator - 检测到Static Trip未匹配，feedId=rapid-bus-mrtfeeder，snapshotUid=96fdf4aa-5180-4d9c-9079-ce30750610c8，vehicleId=VK2607，原始观测继续保存
2026-08-31 00:38:28.357 [mytransitgps-continuous-collector] WARN  c.m.persistence.service.JohorRealtimeQcAnnotator - 检测到车辆位置异常，feedId=rapid-bus-mrtfeeder，snapshotUid=96fdf4aa-5180-4d9c-9079-ce30750610c8，vehicleId=VK2607，status=ZERO_ZERO_POSITION，原始经纬度继续保存
2026-08-31 00:38:28.357 [mytransitgps-continuous-collector] WARN  c.m.persistence.service.JohorRealtimeQcAnnotator - 检测到Static Route未匹配，feedId=rapid-bus-mrtfeeder，snapshotUid=96fdf4aa-5180-4d9c-9079-ce30750610c8，vehicleId=VK2684，原始观测继续保存
2026-08-31 00:38:28.357 [mytransitgps-continuous-collector] WARN  c.m.persistence.service.JohorRealtimeQcAnnotator - 检测到Static Trip未匹配，feedId=rapid-bus-mrtfeeder，snapshotUid=96fdf4aa-5180-4d9c-9079-ce30750610c8，vehicleId=VK2684，原始观测继续保存
2026-08-31 00:38:28.357 [mytransitgps-continuous-collector] WARN  c.m.persistence.service.JohorRealtimeQcAnnotator - 检测到Static Route未匹配，feedId=rapid-bus-mrtfeeder，snapshotUid=96fdf4aa-5180-4d9c-9079-ce30750610c8，vehicleId=VK6475，原始观测继续保存
2026-08-31 00:38:28.357 [mytransitgps-continuous-collector] WARN  c.m.persistence.service.JohorRealtimeQcAnnotator - 检测到Static Trip未匹配，feedId=rapid-bus-mrtfeeder，snapshotUid=96fdf4aa-5180-4d9c-9079-ce30750610c8，vehicleId=VK6475，原始观测继续保存
2026-08-31 00:38:28.358 [mytransitgps-continuous-collector] WARN  c.m.persistence.service.JohorRealtimeQcAnnotator - 检测到Static Route未匹配，feedId=rapid-bus-mrtfeeder，snapshotUid=96fdf4aa-5180-4d9c-9079-ce30750610c8，vehicleId=VX2856，原始观测继续保存
2026-08-31 00:38:28.358 [mytransitgps-continuous-collector] WARN  c.m.persistence.service.JohorRealtimeQcAnnotator - 检测到Static Trip未匹配，feedId=rapid-bus-mrtfeeder，snapshotUid=96fdf4aa-5180-4d9c-9079-ce30750610c8，vehicleId=VX2856，原始观测继续保存
2026-08-31 00:39:40.302 [mytransitgps-continuous-collector] WARN  c.m.gtfs.service.RealtimeStaticEnrichmentService - Realtime Static补全存在未匹配项，城市=Kuching，feedId=mybas-kuching，routeUnresolved=1，tripUnmatched=1，原始Realtime实体继续保留
2026-08-31 00:39:40.302 [mytransitgps-continuous-collector] WARN  c.m.persistence.service.JohorRealtimeQcAnnotator - 检测到Static Route未匹配，feedId=mybas-kuching，snapshotUid=cf8be758-3912-4179-82a5-9506fd99ecce，vehicleId=MADANI2160，原始观测继续保存
2026-08-31 00:39:40.302 [mytransitgps-continuous-collector] WARN  c.m.persistence.service.JohorRealtimeQcAnnotator - 检测到Static Trip未匹配，feedId=mybas-kuching，snapshotUid=cf8be758-3912-4179-82a5-9506fd99ecce，vehicleId=MADANI2160，原始观测继续保存
2026-08-31 00:40:04.466 [mytransitgps-continuous-collector] WARN  c.m.gtfs.service.RealtimeStaticEnrichmentService - Realtime Static补全存在未匹配项，城市=Kuala Lumpur，feedId=rapid-bus-kl，routeUnresolved=0，tripUnmatched=1，原始Realtime实体继续保留
2026-08-31 00:40:04.466 [mytransitgps-continuous-collector] WARN  c.m.persistence.service.JohorRealtimeQcAnnotator - 检测到Static Trip未匹配，feedId=rapid-bus-kl，snapshotUid=587e469a-8707-40e8-995f-bcd4684a7e53，vehicleId=CDH8332，原始观测继续保存
2026-08-31 00:40:28.339 [mytransitgps-continuous-collector] WARN  c.m.gtfs.service.RealtimeStaticEnrichmentService - Realtime Static补全存在未匹配项，城市=Kuala Lumpur，feedId=rapid-bus-mrtfeeder，routeUnresolved=43，tripUnmatched=43，原始Realtime实体继续保留
2026-08-31 00:40:28.339 [mytransitgps-continuous-collector] WARN  c.m.persistence.service.JohorRealtimeQcAnnotator - 检测到Static Route未匹配，feedId=rapid-bus-mrtfeeder，snapshotUid=fb185fd0-4c28-4a8a-a33f-32eff9b5172e，vehicleId=VAC5764，原始观测继续保存
2026-08-31 00:40:28.339 [mytransitgps-continuous-collector] WARN  c.m.persistence.service.JohorRealtimeQcAnnotator - 检测到Static Trip未匹配，feedId=rapid-bus-mrtfeeder，snapshotUid=fb185fd0-4c28-4a8a-a33f-32eff9b5172e，vehicleId=VAC5764，原始观测继续保存
2026-08-31 00:40:28.339 [mytransitgps-continuous-collector] WARN  c.m.persistence.service.JohorRealtimeQcAnnotator - 检测到Static Route未匹配，feedId=rapid-bus-mrtfeeder，snapshotUid=fb185fd0-4c28-4a8a-a33f-32eff9b5172e，vehicleId=VAC5773，原始观测继续保存
2026-08-31 00:40:28.339 [mytransitgps-continuous-collector] WARN  c.m.persistence.service.JohorRealtimeQcAnnotator - 检测到Static Trip未匹配，feedId=rapid-bus-mrtfeeder，snapshotUid=fb185fd0-4c28-4a8a-a33f-32eff9b5172e，vehicleId=VAC5773，原始观测继续保存
2026-08-31 00:40:28.339 [mytransitgps-continuous-collector] WARN  c.m.persistence.service.JohorRealtimeQcAnnotator - 检测到Static Route未匹配，feedId=rapid-bus-mrtfeeder，snapshotUid=fb185fd0-4c28-4a8a-a33f-32eff9b5172e，vehicleId=VAE7038，原始观测继续保存
2026-08-31 00:40:28.339 [mytransitgps-continuous-collector] WARN  c.m.persistence.service.JohorRealtimeQcAnnotator - 检测到Static Trip未匹配，feedId=rapid-bus-mrtfeeder，snapshotUid=fb185fd0-4c28-4a8a-a33f-32eff9b5172e，vehicleId=VAE7038，原始观测继续保存
2026-08-31 00:40:28.339 [mytransitgps-continuous-collector] WARN  c.m.persistence.service.JohorRealtimeQcAnnotator - 检测到Static Route未匹配，feedId=rapid-bus-mrtfeeder，snapshotUid=fb185fd0-4c28-4a8a-a33f-32eff9b5172e，vehicleId=VAE7196，原始观测继续保存
2026-08-31 00:40:28.339 [mytransitgps-continuous-collector] WARN  c.m.persistence.service.JohorRealtimeQcAnnotator - 检测到Static Trip未匹配，feedId=rapid-bus-mrtfeeder，snapshotUid=fb185fd0-4c28-4a8a-a33f-32eff9b5172e，vehicleId=VAE7196，原始观测继续保存
2026-08-31 00:40:28.339 [mytransitgps-continuous-collector] WARN  c.m.persistence.service.JohorRealtimeQcAnnotator - 检测到Static Route未匹配，feedId=rapid-bus-mrtfeeder，snapshotUid=fb185fd0-4c28-4a8a-a33f-32eff9b5172e，vehicleId=VAE7593，原始观测继续保存
2026-08-31 00:40:28.339 [mytransitgps-continuous-collector] WARN  c.m.persistence.service.JohorRealtimeQcAnnotator - 检测到Static Trip未匹配，feedId=rapid-bus-mrtfeeder，snapshotUid=fb185fd0-4c28-4a8a-a33f-32eff9b5172e，vehicleId=VAE7593，原始观测继续保存
2026-08-31 00:40:28.339 [mytransitgps-continuous-collector] WARN  c.m.persistence.service.JohorRealtimeQcAnnotator - 检测到Static Route未匹配，feedId=rapid-bus-mrtfeeder，snapshotUid=fb185fd0-4c28-4a8a-a33f-32eff9b5172e，vehicleId=VAF5439，原始观测继续保存
2026-08-31 00:40:28.339 [mytransitgps-continuous-collector] WARN  c.m.persistence.service.JohorRealtimeQcAnnotator - 检测到Static Trip未匹配，feedId=rapid-bus-mrtfeeder，snapshotUid=fb185fd0-4c28-4a8a-a33f-32eff9b5172e，vehicleId=VAF5439，原始观测继续保存
2026-08-31 00:40:28.339 [mytransitgps-continuous-collector] WARN  c.m.persistence.service.JohorRealtimeQcAnnotator - 检测到Static Route未匹配，feedId=rapid-bus-mrtfeeder，snapshotUid=fb185fd0-4c28-4a8a-a33f-32eff9b5172e，vehicleId=VAF5480，原始观测继续保存
2026-08-31 00:40:28.339 [mytransitgps-continuous-collector] WARN  c.m.persistence.service.JohorRealtimeQcAnnotator - 检测到Static Trip未匹配，feedId=rapid-bus-mrtfeeder，snapshotUid=fb185fd0-4c28-4a8a-a33f-32eff9b5172e，vehicleId=VAF5480，原始观测继续保存
2026-08-31 00:40:28.339 [mytransitgps-continuous-collector] WARN  c.m.persistence.service.JohorRealtimeQcAnnotator - 检测到Static Route未匹配，feedId=rapid-bus-mrtfeeder，snapshotUid=fb185fd0-4c28-4a8a-a33f-32eff9b5172e，vehicleId=VAF5766，原始观测继续保存
2026-08-31 00:40:28.339 [mytransitgps-continuous-collector] WARN  c.m.persistence.service.JohorRealtimeQcAnnotator - 检测到Static Trip未匹配，feedId=rapid-bus-mrtfeeder，snapshotUid=fb185fd0-4c28-4a8a-a33f-32eff9b5172e，vehicleId=VAF5766，原始观测继续保存
2026-08-31 00:40:28.339 [mytransitgps-continuous-collector] WARN  c.m.persistence.service.JohorRealtimeQcAnnotator - 检测到Static Route未匹配，feedId=rapid-bus-mrtfeeder，snapshotUid=fb185fd0-4c28-4a8a-a33f-32eff9b5172e，vehicleId=VAG4711，原始观测继续保存
2026-08-31 00:40:28.339 [mytransitgps-continuous-collector] WARN  c.m.persistence.service.JohorRealtimeQcAnnotator - 检测到Static Trip未匹配，feedId=rapid-bus-mrtfeeder，snapshotUid=fb185fd0-4c28-4a8a-a33f-32eff9b5172e，vehicleId=VAG4711，原始观测继续保存
2026-08-31 00:40:28.339 [mytransitgps-continuous-collector] WARN  c.m.persistence.service.JohorRealtimeQcAnnotator - 检测到Static Route未匹配，feedId=rapid-bus-mrtfeeder，snapshotUid=fb185fd0-4c28-4a8a-a33f-32eff9b5172e，vehicleId=VAG4725，原始观测继续保存
2026-08-31 00:40:28.339 [mytransitgps-continuous-collector] WARN  c.m.persistence.service.JohorRealtimeQcAnnotator - 检测到Static Trip未匹配，feedId=rapid-bus-mrtfeeder，snapshotUid=fb185fd0-4c28-4a8a-a33f-32eff9b5172e，vehicleId=VAG4725，原始观测继续保存
2026-08-31 00:40:28.339 [mytransitgps-continuous-collector] WARN  c.m.persistence.service.JohorRealtimeQcAnnotator - 检测到Static Route未匹配，feedId=rapid-bus-mrtfeeder，snapshotUid=fb185fd0-4c28-4a8a-a33f-32eff9b5172e，vehicleId=VAG4871，原始观测继续保存
2026-08-31 00:40:28.339 [mytransitgps-continuous-collector] WARN  c.m.persistence.service.JohorRealtimeQcAnnotator - 检测到Static Trip未匹配，feedId=rapid-bus-mrtfeeder，snapshotUid=fb185fd0-4c28-4a8a-a33f-32eff9b5172e，vehicleId=VAG4871，原始观测继续保存
2026-08-31 00:40:28.339 [mytransitgps-continuous-collector] WARN  c.m.persistence.service.JohorRealtimeQcAnnotator - 检测到Static Route未匹配，feedId=rapid-bus-mrtfeeder，snapshotUid=fb185fd0-4c28-4a8a-a33f-32eff9b5172e，vehicleId=VAG4880，原始观测继续保存
2026-08-31 00:40:28.339 [mytransitgps-continuous-collector] WARN  c.m.persistence.service.JohorRealtimeQcAnnotator - 检测到Static Trip未匹配，feedId=rapid-bus-mrtfeeder，snapshotUid=fb185fd0-4c28-4a8a-a33f-32eff9b5172e，vehicleId=VAG4880，原始观测继续保存
2026-08-31 00:40:28.340 [mytransitgps-continuous-collector] WARN  c.m.persistence.service.JohorRealtimeQcAnnotator - 检测到Static Route未匹配，feedId=rapid-bus-mrtfeeder，snapshotUid=fb185fd0-4c28-4a8a-a33f-32eff9b5172e，vehicleId=VAG8049，原始观测继续保存
2026-08-31 00:40:28.340 [mytransitgps-continuous-collector] WARN  c.m.persistence.service.JohorRealtimeQcAnnotator - 检测到Static Trip未匹配，feedId=rapid-bus-mrtfeeder，snapshotUid=fb185fd0-4c28-4a8a-a33f-32eff9b5172e，vehicleId=VAG8049，原始观测继续保存
2026-08-31 00:40:28.340 [mytransitgps-continuous-collector] WARN  c.m.persistence.service.JohorRealtimeQcAnnotator - 检测到Static Route未匹配，feedId=rapid-bus-mrtfeeder，snapshotUid=fb185fd0-4c28-4a8a-a33f-32eff9b5172e，vehicleId=VAG8054，原始观测继续保存
2026-08-31 00:40:28.340 [mytransitgps-continuous-collector] WARN  c.m.persistence.service.JohorRealtimeQcAnnotator - 检测到Static Trip未匹配，feedId=rapid-bus-mrtfeeder，snapshotUid=fb185fd0-4c28-4a8a-a33f-32eff9b5172e，vehicleId=VAG8054，原始观测继续保存
2026-08-31 00:40:28.340 [mytransitgps-continuous-collector] WARN  c.m.persistence.service.JohorRealtimeQcAnnotator - 检测到Static Route未匹配，feedId=rapid-bus-mrtfeeder，snapshotUid=fb185fd0-4c28-4a8a-a33f-32eff9b5172e，vehicleId=VAG8541，原始观测继续保存
2026-08-31 00:40:28.340 [mytransitgps-continuous-collector] WARN  c.m.persistence.service.JohorRealtimeQcAnnotator - 检测到Static Trip未匹配，feedId=rapid-bus-mrtfeeder，snapshotUid=fb185fd0-4c28-4a8a-a33f-32eff9b5172e，vehicleId=VAG8541，原始观测继续保存
2026-08-31 00:40:28.340 [mytransitgps-continuous-collector] WARN  c.m.persistence.service.JohorRealtimeQcAnnotator - 检测到Static Route未匹配，feedId=rapid-bus-mrtfeeder，snapshotUid=fb185fd0-4c28-4a8a-a33f-32eff9b5172e，vehicleId=VAJ1514，原始观测继续保存
2026-08-31 00:40:28.340 [mytransitgps-continuous-collector] WARN  c.m.persistence.service.JohorRealtimeQcAnnotator - 检测到Static Trip未匹配，feedId=rapid-bus-mrtfeeder，snapshotUid=fb185fd0-4c28-4a8a-a33f-32eff9b5172e，vehicleId=VAJ1514，原始观测继续保存
2026-08-31 00:40:28.340 [mytransitgps-continuous-collector] WARN  c.m.persistence.service.JohorRealtimeQcAnnotator - 检测到Static Route未匹配，feedId=rapid-bus-mrtfeeder，snapshotUid=fb185fd0-4c28-4a8a-a33f-32eff9b5172e，vehicleId=VAJ2854，原始观测继续保存
2026-08-31 00:40:28.340 [mytransitgps-continuous-collector] WARN  c.m.persistence.service.JohorRealtimeQcAnnotator - 检测到Static Trip未匹配，feedId=rapid-bus-mrtfeeder，snapshotUid=fb185fd0-4c28-4a8a-a33f-32eff9b5172e，vehicleId=VAJ2854，原始观测继续保存
2026-08-31 00:40:28.340 [mytransitgps-continuous-collector] WARN  c.m.persistence.service.JohorRealtimeQcAnnotator - 检测到Static Route未匹配，feedId=rapid-bus-mrtfeeder，snapshotUid=fb185fd0-4c28-4a8a-a33f-32eff9b5172e，vehicleId=VAK1014，原始观测继续保存
2026-08-31 00:40:28.340 [mytransitgps-continuous-collector] WARN  c.m.persistence.service.JohorRealtimeQcAnnotator - 检测到Static Trip未匹配，feedId=rapid-bus-mrtfeeder，snapshotUid=fb185fd0-4c28-4a8a-a33f-32eff9b5172e，vehicleId=VAK1014，原始观测继续保存
2026-08-31 00:40:28.340 [mytransitgps-continuous-collector] WARN  c.m.persistence.service.JohorRealtimeQcAnnotator - 检测到Static Route未匹配，feedId=rapid-bus-mrtfeeder，snapshotUid=fb185fd0-4c28-4a8a-a33f-32eff9b5172e，vehicleId=VAK1034，原始观测继续保存
2026-08-31 00:40:28.340 [mytransitgps-continuous-collector] WARN  c.m.persistence.service.JohorRealtimeQcAnnotator - 检测到Static Trip未匹配，feedId=rapid-bus-mrtfeeder，snapshotUid=fb185fd0-4c28-4a8a-a33f-32eff9b5172e，vehicleId=VAK1034，原始观测继续保存
2026-08-31 00:40:28.340 [mytransitgps-continuous-collector] WARN  c.m.persistence.service.JohorRealtimeQcAnnotator - 检测到Static Route未匹配，feedId=rapid-bus-mrtfeeder，snapshotUid=fb185fd0-4c28-4a8a-a33f-32eff9b5172e，vehicleId=VAL4552，原始观测继续保存
2026-08-31 00:40:28.340 [mytransitgps-continuous-collector] WARN  c.m.persistence.service.JohorRealtimeQcAnnotator - 检测到Static Trip未匹配，feedId=rapid-bus-mrtfeeder，snapshotUid=fb185fd0-4c28-4a8a-a33f-32eff9b5172e，vehicleId=VAL4552，原始观测继续保存
2026-08-31 00:40:28.340 [mytransitgps-continuous-collector] WARN  c.m.persistence.service.JohorRealtimeQcAnnotator - 检测到Future Timestamp，feedId=rapid-bus-mrtfeeder，snapshotUid=fb185fd0-4c28-4a8a-a33f-32eff9b5172e，vehicleId=VAL4552，vehicleTime=1886017556，原始时间戳继续保存
2026-08-31 00:40:28.341 [mytransitgps-continuous-collector] WARN  c.m.persistence.service.JohorRealtimeQcAnnotator - 检测到Static Route未匹配，feedId=rapid-bus-mrtfeeder，snapshotUid=fb185fd0-4c28-4a8a-a33f-32eff9b5172e，vehicleId=VG6477，原始观测继续保存
2026-08-31 00:40:28.341 [mytransitgps-continuous-collector] WARN  c.m.persistence.service.JohorRealtimeQcAnnotator - 检测到Static Trip未匹配，feedId=rapid-bus-mrtfeeder，snapshotUid=fb185fd0-4c28-4a8a-a33f-32eff9b5172e，vehicleId=VG6477，原始观测继续保存
2026-08-31 00:40:28.341 [mytransitgps-continuous-collector] WARN  c.m.persistence.service.JohorRealtimeQcAnnotator - 检测到Static Route未匹配，feedId=rapid-bus-mrtfeeder，snapshotUid=fb185fd0-4c28-4a8a-a33f-32eff9b5172e，vehicleId=VG6491，原始观测继续保存
2026-08-31 00:40:28.341 [mytransitgps-continuous-collector] WARN  c.m.persistence.service.JohorRealtimeQcAnnotator - 检测到Static Trip未匹配，feedId=rapid-bus-mrtfeeder，snapshotUid=fb185fd0-4c28-4a8a-a33f-32eff9b5172e，vehicleId=VG6491，原始观测继续保存
2026-08-31 00:40:28.341 [mytransitgps-continuous-collector] WARN  c.m.persistence.service.JohorRealtimeQcAnnotator - 检测到Static Route未匹配，feedId=rapid-bus-mrtfeeder，snapshotUid=fb185fd0-4c28-4a8a-a33f-32eff9b5172e，vehicleId=VG6493，原始观测继续保存
2026-08-31 00:40:28.341 [mytransitgps-continuous-collector] WARN  c.m.persistence.service.JohorRealtimeQcAnnotator - 检测到Static Trip未匹配，feedId=rapid-bus-mrtfeeder，snapshotUid=fb185fd0-4c28-4a8a-a33f-32eff9b5172e，vehicleId=VG6493，原始观测继续保存
2026-08-31 00:40:28.341 [mytransitgps-continuous-collector] WARN  c.m.persistence.service.JohorRealtimeQcAnnotator - 检测到Static Route未匹配，feedId=rapid-bus-mrtfeeder，snapshotUid=fb185fd0-4c28-4a8a-a33f-32eff9b5172e，vehicleId=VG6529，原始观测继续保存
2026-08-31 00:40:28.341 [mytransitgps-continuous-collector] WARN  c.m.persistence.service.JohorRealtimeQcAnnotator - 检测到Static Trip未匹配，feedId=rapid-bus-mrtfeeder，snapshotUid=fb185fd0-4c28-4a8a-a33f-32eff9b5172e，vehicleId=VG6529，原始观测继续保存
2026-08-31 00:40:28.341 [mytransitgps-continuous-collector] WARN  c.m.persistence.service.JohorRealtimeQcAnnotator - 检测到Static Route未匹配，feedId=rapid-bus-mrtfeeder，snapshotUid=fb185fd0-4c28-4a8a-a33f-32eff9b5172e，vehicleId=VG8673，原始观测继续保存
2026-08-31 00:40:28.341 [mytransitgps-continuous-collector] WARN  c.m.persistence.service.JohorRealtimeQcAnnotator - 检测到Static Trip未匹配，feedId=rapid-bus-mrtfeeder，snapshotUid=fb185fd0-4c28-4a8a-a33f-32eff9b5172e，vehicleId=VG8673，原始观测继续保存
2026-08-31 00:40:28.341 [mytransitgps-continuous-collector] WARN  c.m.persistence.service.JohorRealtimeQcAnnotator - 检测到Static Route未匹配，feedId=rapid-bus-mrtfeeder，snapshotUid=fb185fd0-4c28-4a8a-a33f-32eff9b5172e，vehicleId=VG8742，原始观测继续保存
2026-08-31 00:40:28.341 [mytransitgps-continuous-collector] WARN  c.m.persistence.service.JohorRealtimeQcAnnotator - 检测到Static Trip未匹配，feedId=rapid-bus-mrtfeeder，snapshotUid=fb185fd0-4c28-4a8a-a33f-32eff9b5172e，vehicleId=VG8742，原始观测继续保存
2026-08-31 00:40:28.341 [mytransitgps-continuous-collector] WARN  c.m.persistence.service.JohorRealtimeQcAnnotator - 检测到Static Route未匹配，feedId=rapid-bus-mrtfeeder，snapshotUid=fb185fd0-4c28-4a8a-a33f-32eff9b5172e，vehicleId=VG8934，原始观测继续保存
2026-08-31 00:40:28.341 [mytransitgps-continuous-collector] WARN  c.m.persistence.service.JohorRealtimeQcAnnotator - 检测到Static Trip未匹配，feedId=rapid-bus-mrtfeeder，snapshotUid=fb185fd0-4c28-4a8a-a33f-32eff9b5172e，vehicleId=VG8934，原始观测继续保存
2026-08-31 00:40:28.341 [mytransitgps-continuous-collector] WARN  c.m.persistence.service.JohorRealtimeQcAnnotator - 检测到Static Route未匹配，feedId=rapid-bus-mrtfeeder，snapshotUid=fb185fd0-4c28-4a8a-a33f-32eff9b5172e，vehicleId=VH1382，原始观测继续保存
2026-08-31 00:40:28.341 [mytransitgps-continuous-collector] WARN  c.m.persistence.service.JohorRealtimeQcAnnotator - 检测到Static Trip未匹配，feedId=rapid-bus-mrtfeeder，snapshotUid=fb185fd0-4c28-4a8a-a33f-32eff9b5172e，vehicleId=VH1382，原始观测继续保存
2026-08-31 00:40:28.341 [mytransitgps-continuous-collector] WARN  c.m.persistence.service.JohorRealtimeQcAnnotator - 检测到Static Route未匹配，feedId=rapid-bus-mrtfeeder，snapshotUid=fb185fd0-4c28-4a8a-a33f-32eff9b5172e，vehicleId=VH1568，原始观测继续保存
2026-08-31 00:40:28.341 [mytransitgps-continuous-collector] WARN  c.m.persistence.service.JohorRealtimeQcAnnotator - 检测到Static Trip未匹配，feedId=rapid-bus-mrtfeeder，snapshotUid=fb185fd0-4c28-4a8a-a33f-32eff9b5172e，vehicleId=VH1568，原始观测继续保存
2026-08-31 00:40:28.341 [mytransitgps-continuous-collector] WARN  c.m.persistence.service.JohorRealtimeQcAnnotator - 检测到Static Route未匹配，feedId=rapid-bus-mrtfeeder，snapshotUid=fb185fd0-4c28-4a8a-a33f-32eff9b5172e，vehicleId=VH2494，原始观测继续保存
2026-08-31 00:40:28.341 [mytransitgps-continuous-collector] WARN  c.m.persistence.service.JohorRealtimeQcAnnotator - 检测到Static Trip未匹配，feedId=rapid-bus-mrtfeeder，snapshotUid=fb185fd0-4c28-4a8a-a33f-32eff9b5172e，vehicleId=VH2494，原始观测继续保存
2026-08-31 00:40:28.341 [mytransitgps-continuous-collector] WARN  c.m.persistence.service.JohorRealtimeQcAnnotator - 检测到Static Route未匹配，feedId=rapid-bus-mrtfeeder，snapshotUid=fb185fd0-4c28-4a8a-a33f-32eff9b5172e，vehicleId=VH4037，原始观测继续保存
2026-08-31 00:40:28.341 [mytransitgps-continuous-collector] WARN  c.m.persistence.service.JohorRealtimeQcAnnotator - 检测到Static Trip未匹配，feedId=rapid-bus-mrtfeeder，snapshotUid=fb185fd0-4c28-4a8a-a33f-32eff9b5172e，vehicleId=VH4037，原始观测继续保存
2026-08-31 00:40:28.341 [mytransitgps-continuous-collector] WARN  c.m.persistence.service.JohorRealtimeQcAnnotator - 检测到Static Route未匹配，feedId=rapid-bus-mrtfeeder，snapshotUid=fb185fd0-4c28-4a8a-a33f-32eff9b5172e，vehicleId=VH4053，原始观测继续保存
2026-08-31 00:40:28.341 [mytransitgps-continuous-collector] WARN  c.m.persistence.service.JohorRealtimeQcAnnotator - 检测到Static Trip未匹配，feedId=rapid-bus-mrtfeeder，snapshotUid=fb185fd0-4c28-4a8a-a33f-32eff9b5172e，vehicleId=VH4053，原始观测继续保存
2026-08-31 00:40:28.341 [mytransitgps-continuous-collector] WARN  c.m.persistence.service.JohorRealtimeQcAnnotator - 检测到Static Route未匹配，feedId=rapid-bus-mrtfeeder，snapshotUid=fb185fd0-4c28-4a8a-a33f-32eff9b5172e，vehicleId=VH4086，原始观测继续保存
2026-08-31 00:40:28.341 [mytransitgps-continuous-collector] WARN  c.m.persistence.service.JohorRealtimeQcAnnotator - 检测到Static Trip未匹配，feedId=rapid-bus-mrtfeeder，snapshotUid=fb185fd0-4c28-4a8a-a33f-32eff9b5172e，vehicleId=VH4086，原始观测继续保存
2026-08-31 00:40:28.341 [mytransitgps-continuous-collector] WARN  c.m.persistence.service.JohorRealtimeQcAnnotator - 检测到Static Route未匹配，feedId=rapid-bus-mrtfeeder，snapshotUid=fb185fd0-4c28-4a8a-a33f-32eff9b5172e，vehicleId=VH4108，原始观测继续保存
2026-08-31 00:40:28.341 [mytransitgps-continuous-collector] WARN  c.m.persistence.service.JohorRealtimeQcAnnotator - 检测到Static Trip未匹配，feedId=rapid-bus-mrtfeeder，snapshotUid=fb185fd0-4c28-4a8a-a33f-32eff9b5172e，vehicleId=VH4108，原始观测继续保存
2026-08-31 00:40:28.341 [mytransitgps-continuous-collector] WARN  c.m.persistence.service.JohorRealtimeQcAnnotator - 检测到Static Route未匹配，feedId=rapid-bus-mrtfeeder，snapshotUid=fb185fd0-4c28-4a8a-a33f-32eff9b5172e，vehicleId=VH4189，原始观测继续保存
2026-08-31 00:40:28.341 [mytransitgps-continuous-collector] WARN  c.m.persistence.service.JohorRealtimeQcAnnotator - 检测到Static Trip未匹配，feedId=rapid-bus-mrtfeeder，snapshotUid=fb185fd0-4c28-4a8a-a33f-32eff9b5172e，vehicleId=VH4189，原始观测继续保存
2026-08-31 00:40:28.341 [mytransitgps-continuous-collector] WARN  c.m.persistence.service.JohorRealtimeQcAnnotator - 检测到Static Route未匹配，feedId=rapid-bus-mrtfeeder，snapshotUid=fb185fd0-4c28-4a8a-a33f-32eff9b5172e，vehicleId=VH4268，原始观测继续保存
2026-08-31 00:40:28.341 [mytransitgps-continuous-collector] WARN  c.m.persistence.service.JohorRealtimeQcAnnotator - 检测到Static Trip未匹配，feedId=rapid-bus-mrtfeeder，snapshotUid=fb185fd0-4c28-4a8a-a33f-32eff9b5172e，vehicleId=VH4268，原始观测继续保存
2026-08-31 00:40:28.342 [mytransitgps-continuous-collector] WARN  c.m.persistence.service.JohorRealtimeQcAnnotator - 检测到Static Route未匹配，feedId=rapid-bus-mrtfeeder，snapshotUid=fb185fd0-4c28-4a8a-a33f-32eff9b5172e，vehicleId=VH4318，原始观测继续保存
2026-08-31 00:40:28.342 [mytransitgps-continuous-collector] WARN  c.m.persistence.service.JohorRealtimeQcAnnotator - 检测到Static Trip未匹配，feedId=rapid-bus-mrtfeeder，snapshotUid=fb185fd0-4c28-4a8a-a33f-32eff9b5172e，vehicleId=VH4318，原始观测继续保存
2026-08-31 00:40:28.342 [mytransitgps-continuous-collector] WARN  c.m.persistence.service.JohorRealtimeQcAnnotator - 检测到Static Route未匹配，feedId=rapid-bus-mrtfeeder，snapshotUid=fb185fd0-4c28-4a8a-a33f-32eff9b5172e，vehicleId=VH4924，原始观测继续保存
2026-08-31 00:40:28.342 [mytransitgps-continuous-collector] WARN  c.m.persistence.service.JohorRealtimeQcAnnotator - 检测到Static Trip未匹配，feedId=rapid-bus-mrtfeeder，snapshotUid=fb185fd0-4c28-4a8a-a33f-32eff9b5172e，vehicleId=VH4924，原始观测继续保存
2026-08-31 00:40:28.342 [mytransitgps-continuous-collector] WARN  c.m.persistence.service.JohorRealtimeQcAnnotator - 检测到Static Route未匹配，feedId=rapid-bus-mrtfeeder，snapshotUid=fb185fd0-4c28-4a8a-a33f-32eff9b5172e，vehicleId=VH4930，原始观测继续保存
2026-08-31 00:40:28.342 [mytransitgps-continuous-collector] WARN  c.m.persistence.service.JohorRealtimeQcAnnotator - 检测到Static Trip未匹配，feedId=rapid-bus-mrtfeeder，snapshotUid=fb185fd0-4c28-4a8a-a33f-32eff9b5172e，vehicleId=VH4930，原始观测继续保存
2026-08-31 00:40:28.342 [mytransitgps-continuous-collector] WARN  c.m.persistence.service.JohorRealtimeQcAnnotator - 检测到Static Route未匹配，feedId=rapid-bus-mrtfeeder，snapshotUid=fb185fd0-4c28-4a8a-a33f-32eff9b5172e，vehicleId=VH4985，原始观测继续保存
2026-08-31 00:40:28.342 [mytransitgps-continuous-collector] WARN  c.m.persistence.service.JohorRealtimeQcAnnotator - 检测到Static Trip未匹配，feedId=rapid-bus-mrtfeeder，snapshotUid=fb185fd0-4c28-4a8a-a33f-32eff9b5172e，vehicleId=VH4985，原始观测继续保存
2026-08-31 00:40:28.342 [mytransitgps-continuous-collector] WARN  c.m.persistence.service.JohorRealtimeQcAnnotator - 检测到Static Route未匹配，feedId=rapid-bus-mrtfeeder，snapshotUid=fb185fd0-4c28-4a8a-a33f-32eff9b5172e，vehicleId=VK2684，原始观测继续保存
2026-08-31 00:40:28.342 [mytransitgps-continuous-collector] WARN  c.m.persistence.service.JohorRealtimeQcAnnotator - 检测到Static Trip未匹配，feedId=rapid-bus-mrtfeeder，snapshotUid=fb185fd0-4c28-4a8a-a33f-32eff9b5172e，vehicleId=VK2684，原始观测继续保存
2026-08-31 00:40:28.342 [mytransitgps-continuous-collector] WARN  c.m.persistence.service.JohorRealtimeQcAnnotator - 检测到Static Route未匹配，feedId=rapid-bus-mrtfeeder，snapshotUid=fb185fd0-4c28-4a8a-a33f-32eff9b5172e，vehicleId=VK6475，原始观测继续保存
2026-08-31 00:40:28.342 [mytransitgps-continuous-collector] WARN  c.m.persistence.service.JohorRealtimeQcAnnotator - 检测到Static Trip未匹配，feedId=rapid-bus-mrtfeeder，snapshotUid=fb185fd0-4c28-4a8a-a33f-32eff9b5172e，vehicleId=VK6475，原始观测继续保存
2026-08-31 00:40:28.342 [mytransitgps-continuous-collector] WARN  c.m.persistence.service.JohorRealtimeQcAnnotator - 检测到Static Route未匹配，feedId=rapid-bus-mrtfeeder，snapshotUid=fb185fd0-4c28-4a8a-a33f-32eff9b5172e，vehicleId=VX2856，原始观测继续保存
2026-08-31 00:40:28.342 [mytransitgps-continuous-collector] WARN  c.m.persistence.service.JohorRealtimeQcAnnotator - 检测到Static Trip未匹配，feedId=rapid-bus-mrtfeeder，snapshotUid=fb185fd0-4c28-4a8a-a33f-32eff9b5172e，vehicleId=VX2856，原始观测继续保存
2026-08-31 00:41:11.487 [main] WARN  o.mybatis.spring.mapper.ClassPathMapperScanner - No MyBatis mapper was found in '[com.mytransitgps]' package. Please check your configuration.
2026-08-31 00:41:12.308 [main] WARN  o.mybatis.spring.mapper.ClassPathMapperScanner - No MyBatis mapper was found in '[com.mytransitgps]' package. Please check your configuration.
2026-08-31 00:41:40.304 [mytransitgps-continuous-collector] WARN  c.m.gtfs.service.RealtimeStaticEnrichmentService - Realtime Static补全存在未匹配项，城市=Kuching，feedId=mybas-kuching，routeUnresolved=1，tripUnmatched=1，原始Realtime实体继续保留
2026-08-31 00:41:40.304 [mytransitgps-continuous-collector] WARN  c.m.persistence.service.JohorRealtimeQcAnnotator - 检测到Static Route未匹配，feedId=mybas-kuching，snapshotUid=4902514d-3499-4833-9ed8-225ec0be2550，vehicleId=MADANI2160，原始观测继续保存
2026-08-31 00:41:40.304 [mytransitgps-continuous-collector] WARN  c.m.persistence.service.JohorRealtimeQcAnnotator - 检测到Static Trip未匹配，feedId=mybas-kuching，snapshotUid=4902514d-3499-4833-9ed8-225ec0be2550，vehicleId=MADANI2160，原始观测继续保存
2026-08-31 00:42:04.363 [mytransitgps-continuous-collector] WARN  c.m.gtfs.service.RealtimeStaticEnrichmentService - Realtime Static补全存在未匹配项，城市=Kuala Lumpur，feedId=rapid-bus-kl，routeUnresolved=0，tripUnmatched=1，原始Realtime实体继续保留
2026-08-31 00:42:04.363 [mytransitgps-continuous-collector] WARN  c.m.persistence.service.JohorRealtimeQcAnnotator - 检测到Static Trip未匹配，feedId=rapid-bus-kl，snapshotUid=739a8918-92af-41da-a743-195ef2c584ce，vehicleId=CDH8332，原始观测继续保存
2026-08-31 00:42:28.352 [mytransitgps-continuous-collector] WARN  c.m.gtfs.service.RealtimeStaticEnrichmentService - Realtime Static补全存在未匹配项，城市=Kuala Lumpur，feedId=rapid-bus-mrtfeeder，routeUnresolved=41，tripUnmatched=41，原始Realtime实体继续保留
2026-08-31 00:42:28.352 [mytransitgps-continuous-collector] WARN  c.m.persistence.service.JohorRealtimeQcAnnotator - 检测到Static Route未匹配，feedId=rapid-bus-mrtfeeder，snapshotUid=c39f1860-cfaa-47ae-a98a-8492c6d6c38c，vehicleId=VAC5764，原始观测继续保存
2026-08-31 00:42:28.352 [mytransitgps-continuous-collector] WARN  c.m.persistence.service.JohorRealtimeQcAnnotator - 检测到Static Trip未匹配，feedId=rapid-bus-mrtfeeder，snapshotUid=c39f1860-cfaa-47ae-a98a-8492c6d6c38c，vehicleId=VAC5764，原始观测继续保存
2026-08-31 00:42:28.352 [mytransitgps-continuous-collector] WARN  c.m.persistence.service.JohorRealtimeQcAnnotator - 检测到Static Route未匹配，feedId=rapid-bus-mrtfeeder，snapshotUid=c39f1860-cfaa-47ae-a98a-8492c6d6c38c，vehicleId=VAC5773，原始观测继续保存
2026-08-31 00:42:28.352 [mytransitgps-continuous-collector] WARN  c.m.persistence.service.JohorRealtimeQcAnnotator - 检测到Static Trip未匹配，feedId=rapid-bus-mrtfeeder，snapshotUid=c39f1860-cfaa-47ae-a98a-8492c6d6c38c，vehicleId=VAC5773，原始观测继续保存
2026-08-31 00:42:28.352 [mytransitgps-continuous-collector] WARN  c.m.persistence.service.JohorRealtimeQcAnnotator - 检测到Static Route未匹配，feedId=rapid-bus-mrtfeeder，snapshotUid=c39f1860-cfaa-47ae-a98a-8492c6d6c38c，vehicleId=VAE7038，原始观测继续保存
2026-08-31 00:42:28.352 [mytransitgps-continuous-collector] WARN  c.m.persistence.service.JohorRealtimeQcAnnotator - 检测到Static Trip未匹配，feedId=rapid-bus-mrtfeeder，snapshotUid=c39f1860-cfaa-47ae-a98a-8492c6d6c38c，vehicleId=VAE7038，原始观测继续保存
2026-08-31 00:42:28.352 [mytransitgps-continuous-collector] WARN  c.m.persistence.service.JohorRealtimeQcAnnotator - 检测到Static Route未匹配，feedId=rapid-bus-mrtfeeder，snapshotUid=c39f1860-cfaa-47ae-a98a-8492c6d6c38c，vehicleId=VAE7196，原始观测继续保存
2026-08-31 00:42:28.352 [mytransitgps-continuous-collector] WARN  c.m.persistence.service.JohorRealtimeQcAnnotator - 检测到Static Trip未匹配，feedId=rapid-bus-mrtfeeder，snapshotUid=c39f1860-cfaa-47ae-a98a-8492c6d6c38c，vehicleId=VAE7196，原始观测继续保存
2026-08-31 00:42:28.352 [mytransitgps-continuous-collector] WARN  c.m.persistence.service.JohorRealtimeQcAnnotator - 检测到Static Route未匹配，feedId=rapid-bus-mrtfeeder，snapshotUid=c39f1860-cfaa-47ae-a98a-8492c6d6c38c，vehicleId=VAE7593，原始观测继续保存
2026-08-31 00:42:28.352 [mytransitgps-continuous-collector] WARN  c.m.persistence.service.JohorRealtimeQcAnnotator - 检测到Static Trip未匹配，feedId=rapid-bus-mrtfeeder，snapshotUid=c39f1860-cfaa-47ae-a98a-8492c6d6c38c，vehicleId=VAE7593，原始观测继续保存
2026-08-31 00:42:28.352 [mytransitgps-continuous-collector] WARN  c.m.persistence.service.JohorRealtimeQcAnnotator - 检测到Static Route未匹配，feedId=rapid-bus-mrtfeeder，snapshotUid=c39f1860-cfaa-47ae-a98a-8492c6d6c38c，vehicleId=VAF5439，原始观测继续保存
2026-08-31 00:42:28.352 [mytransitgps-continuous-collector] WARN  c.m.persistence.service.JohorRealtimeQcAnnotator - 检测到Static Trip未匹配，feedId=rapid-bus-mrtfeeder，snapshotUid=c39f1860-cfaa-47ae-a98a-8492c6d6c38c，vehicleId=VAF5439，原始观测继续保存
2026-08-31 00:42:28.352 [mytransitgps-continuous-collector] WARN  c.m.persistence.service.JohorRealtimeQcAnnotator - 检测到Static Route未匹配，feedId=rapid-bus-mrtfeeder，snapshotUid=c39f1860-cfaa-47ae-a98a-8492c6d6c38c，vehicleId=VAF5480，原始观测继续保存
2026-08-31 00:42:28.352 [mytransitgps-continuous-collector] WARN  c.m.persistence.service.JohorRealtimeQcAnnotator - 检测到Static Trip未匹配，feedId=rapid-bus-mrtfeeder，snapshotUid=c39f1860-cfaa-47ae-a98a-8492c6d6c38c，vehicleId=VAF5480，原始观测继续保存
2026-08-31 00:42:28.352 [mytransitgps-continuous-collector] WARN  c.m.persistence.service.JohorRealtimeQcAnnotator - 检测到Static Route未匹配，feedId=rapid-bus-mrtfeeder，snapshotUid=c39f1860-cfaa-47ae-a98a-8492c6d6c38c，vehicleId=VAF5766，原始观测继续保存
2026-08-31 00:42:28.352 [mytransitgps-continuous-collector] WARN  c.m.persistence.service.JohorRealtimeQcAnnotator - 检测到Static Trip未匹配，feedId=rapid-bus-mrtfeeder，snapshotUid=c39f1860-cfaa-47ae-a98a-8492c6d6c38c，vehicleId=VAF5766，原始观测继续保存
2026-08-31 00:42:28.352 [mytransitgps-continuous-collector] WARN  c.m.persistence.service.JohorRealtimeQcAnnotator - 检测到Static Route未匹配，feedId=rapid-bus-mrtfeeder，snapshotUid=c39f1860-cfaa-47ae-a98a-8492c6d6c38c，vehicleId=VAG4711，原始观测继续保存
2026-08-31 00:42:28.352 [mytransitgps-continuous-collector] WARN  c.m.persistence.service.JohorRealtimeQcAnnotator - 检测到Static Trip未匹配，feedId=rapid-bus-mrtfeeder，snapshotUid=c39f1860-cfaa-47ae-a98a-8492c6d6c38c，vehicleId=VAG4711，原始观测继续保存
2026-08-31 00:42:28.352 [mytransitgps-continuous-collector] WARN  c.m.persistence.service.JohorRealtimeQcAnnotator - 检测到Static Route未匹配，feedId=rapid-bus-mrtfeeder，snapshotUid=c39f1860-cfaa-47ae-a98a-8492c6d6c38c，vehicleId=VAG4725，原始观测继续保存
2026-08-31 00:42:28.352 [mytransitgps-continuous-collector] WARN  c.m.persistence.service.JohorRealtimeQcAnnotator - 检测到Static Trip未匹配，feedId=rapid-bus-mrtfeeder，snapshotUid=c39f1860-cfaa-47ae-a98a-8492c6d6c38c，vehicleId=VAG4725，原始观测继续保存
2026-08-31 00:42:28.352 [mytransitgps-continuous-collector] WARN  c.m.persistence.service.JohorRealtimeQcAnnotator - 检测到Static Route未匹配，feedId=rapid-bus-mrtfeeder，snapshotUid=c39f1860-cfaa-47ae-a98a-8492c6d6c38c，vehicleId=VAG4871，原始观测继续保存
2026-08-31 00:42:28.352 [mytransitgps-continuous-collector] WARN  c.m.persistence.service.JohorRealtimeQcAnnotator - 检测到Static Trip未匹配，feedId=rapid-bus-mrtfeeder，snapshotUid=c39f1860-cfaa-47ae-a98a-8492c6d6c38c，vehicleId=VAG4871，原始观测继续保存
2026-08-31 00:42:28.352 [mytransitgps-continuous-collector] WARN  c.m.persistence.service.JohorRealtimeQcAnnotator - 检测到Static Route未匹配，feedId=rapid-bus-mrtfeeder，snapshotUid=c39f1860-cfaa-47ae-a98a-8492c6d6c38c，vehicleId=VAG4880，原始观测继续保存
2026-08-31 00:42:28.352 [mytransitgps-continuous-collector] WARN  c.m.persistence.service.JohorRealtimeQcAnnotator - 检测到Static Trip未匹配，feedId=rapid-bus-mrtfeeder，snapshotUid=c39f1860-cfaa-47ae-a98a-8492c6d6c38c，vehicleId=VAG4880，原始观测继续保存
2026-08-31 00:42:28.352 [mytransitgps-continuous-collector] WARN  c.m.persistence.service.JohorRealtimeQcAnnotator - 检测到Static Route未匹配，feedId=rapid-bus-mrtfeeder，snapshotUid=c39f1860-cfaa-47ae-a98a-8492c6d6c38c，vehicleId=VAG8049，原始观测继续保存
2026-08-31 00:42:28.352 [mytransitgps-continuous-collector] WARN  c.m.persistence.service.JohorRealtimeQcAnnotator - 检测到Static Trip未匹配，feedId=rapid-bus-mrtfeeder，snapshotUid=c39f1860-cfaa-47ae-a98a-8492c6d6c38c，vehicleId=VAG8049，原始观测继续保存
2026-08-31 00:42:28.352 [mytransitgps-continuous-collector] WARN  c.m.persistence.service.JohorRealtimeQcAnnotator - 检测到Static Route未匹配，feedId=rapid-bus-mrtfeeder，snapshotUid=c39f1860-cfaa-47ae-a98a-8492c6d6c38c，vehicleId=VAG8054，原始观测继续保存
2026-08-31 00:42:28.352 [mytransitgps-continuous-collector] WARN  c.m.persistence.service.JohorRealtimeQcAnnotator - 检测到Static Trip未匹配，feedId=rapid-bus-mrtfeeder，snapshotUid=c39f1860-cfaa-47ae-a98a-8492c6d6c38c，vehicleId=VAG8054，原始观测继续保存
2026-08-31 00:42:28.352 [mytransitgps-continuous-collector] WARN  c.m.persistence.service.JohorRealtimeQcAnnotator - 检测到Static Route未匹配，feedId=rapid-bus-mrtfeeder，snapshotUid=c39f1860-cfaa-47ae-a98a-8492c6d6c38c，vehicleId=VAG8541，原始观测继续保存
2026-08-31 00:42:28.352 [mytransitgps-continuous-collector] WARN  c.m.persistence.service.JohorRealtimeQcAnnotator - 检测到Static Trip未匹配，feedId=rapid-bus-mrtfeeder，snapshotUid=c39f1860-cfaa-47ae-a98a-8492c6d6c38c，vehicleId=VAG8541，原始观测继续保存
2026-08-31 00:42:28.352 [mytransitgps-continuous-collector] WARN  c.m.persistence.service.JohorRealtimeQcAnnotator - 检测到Static Route未匹配，feedId=rapid-bus-mrtfeeder，snapshotUid=c39f1860-cfaa-47ae-a98a-8492c6d6c38c，vehicleId=VAJ1514，原始观测继续保存
2026-08-31 00:42:28.352 [mytransitgps-continuous-collector] WARN  c.m.persistence.service.JohorRealtimeQcAnnotator - 检测到Static Trip未匹配，feedId=rapid-bus-mrtfeeder，snapshotUid=c39f1860-cfaa-47ae-a98a-8492c6d6c38c，vehicleId=VAJ1514，原始观测继续保存
2026-08-31 00:42:28.352 [mytransitgps-continuous-collector] WARN  c.m.persistence.service.JohorRealtimeQcAnnotator - 检测到Static Route未匹配，feedId=rapid-bus-mrtfeeder，snapshotUid=c39f1860-cfaa-47ae-a98a-8492c6d6c38c，vehicleId=VAJ2854，原始观测继续保存
2026-08-31 00:42:28.352 [mytransitgps-continuous-collector] WARN  c.m.persistence.service.JohorRealtimeQcAnnotator - 检测到Static Trip未匹配，feedId=rapid-bus-mrtfeeder，snapshotUid=c39f1860-cfaa-47ae-a98a-8492c6d6c38c，vehicleId=VAJ2854，原始观测继续保存
2026-08-31 00:42:28.352 [mytransitgps-continuous-collector] WARN  c.m.persistence.service.JohorRealtimeQcAnnotator - 检测到Static Route未匹配，feedId=rapid-bus-mrtfeeder，snapshotUid=c39f1860-cfaa-47ae-a98a-8492c6d6c38c，vehicleId=VAK1014，原始观测继续保存
2026-08-31 00:42:28.352 [mytransitgps-continuous-collector] WARN  c.m.persistence.service.JohorRealtimeQcAnnotator - 检测到Static Trip未匹配，feedId=rapid-bus-mrtfeeder，snapshotUid=c39f1860-cfaa-47ae-a98a-8492c6d6c38c，vehicleId=VAK1014，原始观测继续保存
2026-08-31 00:42:28.352 [mytransitgps-continuous-collector] WARN  c.m.persistence.service.JohorRealtimeQcAnnotator - 检测到Static Route未匹配，feedId=rapid-bus-mrtfeeder，snapshotUid=c39f1860-cfaa-47ae-a98a-8492c6d6c38c，vehicleId=VAK1034，原始观测继续保存
2026-08-31 00:42:28.352 [mytransitgps-continuous-collector] WARN  c.m.persistence.service.JohorRealtimeQcAnnotator - 检测到Static Trip未匹配，feedId=rapid-bus-mrtfeeder，snapshotUid=c39f1860-cfaa-47ae-a98a-8492c6d6c38c，vehicleId=VAK1034，原始观测继续保存
2026-08-31 00:42:28.352 [mytransitgps-continuous-collector] WARN  c.m.persistence.service.JohorRealtimeQcAnnotator - 检测到Static Route未匹配，feedId=rapid-bus-mrtfeeder，snapshotUid=c39f1860-cfaa-47ae-a98a-8492c6d6c38c，vehicleId=VAL4552，原始观测继续保存
2026-08-31 00:42:28.352 [mytransitgps-continuous-collector] WARN  c.m.persistence.service.JohorRealtimeQcAnnotator - 检测到Static Trip未匹配，feedId=rapid-bus-mrtfeeder，snapshotUid=c39f1860-cfaa-47ae-a98a-8492c6d6c38c，vehicleId=VAL4552，原始观测继续保存
2026-08-31 00:42:28.352 [mytransitgps-continuous-collector] WARN  c.m.persistence.service.JohorRealtimeQcAnnotator - 检测到Future Timestamp，feedId=rapid-bus-mrtfeeder，snapshotUid=c39f1860-cfaa-47ae-a98a-8492c6d6c38c，vehicleId=VAL4552，vehicleTime=1886017556，原始时间戳继续保存
2026-08-31 00:42:28.352 [mytransitgps-continuous-collector] WARN  c.m.persistence.service.JohorRealtimeQcAnnotator - 检测到Static Route未匹配，feedId=rapid-bus-mrtfeeder，snapshotUid=c39f1860-cfaa-47ae-a98a-8492c6d6c38c，vehicleId=VG6477，原始观测继续保存
2026-08-31 00:42:28.352 [mytransitgps-continuous-collector] WARN  c.m.persistence.service.JohorRealtimeQcAnnotator - 检测到Static Trip未匹配，feedId=rapid-bus-mrtfeeder，snapshotUid=c39f1860-cfaa-47ae-a98a-8492c6d6c38c，vehicleId=VG6477，原始观测继续保存
2026-08-31 00:42:28.352 [mytransitgps-continuous-collector] WARN  c.m.persistence.service.JohorRealtimeQcAnnotator - 检测到Static Route未匹配，feedId=rapid-bus-mrtfeeder，snapshotUid=c39f1860-cfaa-47ae-a98a-8492c6d6c38c，vehicleId=VG6491，原始观测继续保存
2026-08-31 00:42:28.352 [mytransitgps-continuous-collector] WARN  c.m.persistence.service.JohorRealtimeQcAnnotator - 检测到Static Trip未匹配，feedId=rapid-bus-mrtfeeder，snapshotUid=c39f1860-cfaa-47ae-a98a-8492c6d6c38c，vehicleId=VG6491，原始观测继续保存
2026-08-31 00:42:28.352 [mytransitgps-continuous-collector] WARN  c.m.persistence.service.JohorRealtimeQcAnnotator - 检测到Static Route未匹配，feedId=rapid-bus-mrtfeeder，snapshotUid=c39f1860-cfaa-47ae-a98a-8492c6d6c38c，vehicleId=VG6493，原始观测继续保存
2026-08-31 00:42:28.352 [mytransitgps-continuous-collector] WARN  c.m.persistence.service.JohorRealtimeQcAnnotator - 检测到Static Trip未匹配，feedId=rapid-bus-mrtfeeder，snapshotUid=c39f1860-cfaa-47ae-a98a-8492c6d6c38c，vehicleId=VG6493，原始观测继续保存
2026-08-31 00:42:28.352 [mytransitgps-continuous-collector] WARN  c.m.persistence.service.JohorRealtimeQcAnnotator - 检测到Static Route未匹配，feedId=rapid-bus-mrtfeeder，snapshotUid=c39f1860-cfaa-47ae-a98a-8492c6d6c38c，vehicleId=VG6529，原始观测继续保存
2026-08-31 00:42:28.352 [mytransitgps-continuous-collector] WARN  c.m.persistence.service.JohorRealtimeQcAnnotator - 检测到Static Trip未匹配，feedId=rapid-bus-mrtfeeder，snapshotUid=c39f1860-cfaa-47ae-a98a-8492c6d6c38c，vehicleId=VG6529，原始观测继续保存
2026-08-31 00:42:28.352 [mytransitgps-continuous-collector] WARN  c.m.persistence.service.JohorRealtimeQcAnnotator - 检测到Static Route未匹配，feedId=rapid-bus-mrtfeeder，snapshotUid=c39f1860-cfaa-47ae-a98a-8492c6d6c38c，vehicleId=VG8742，原始观测继续保存
2026-08-31 00:42:28.352 [mytransitgps-continuous-collector] WARN  c.m.persistence.service.JohorRealtimeQcAnnotator - 检测到Static Trip未匹配，feedId=rapid-bus-mrtfeeder，snapshotUid=c39f1860-cfaa-47ae-a98a-8492c6d6c38c，vehicleId=VG8742，原始观测继续保存
2026-08-31 00:42:28.353 [mytransitgps-continuous-collector] WARN  c.m.persistence.service.JohorRealtimeQcAnnotator - 检测到Static Route未匹配，feedId=rapid-bus-mrtfeeder，snapshotUid=c39f1860-cfaa-47ae-a98a-8492c6d6c38c，vehicleId=VG8934，原始观测继续保存
2026-08-31 00:42:28.353 [mytransitgps-continuous-collector] WARN  c.m.persistence.service.JohorRealtimeQcAnnotator - 检测到Static Trip未匹配，feedId=rapid-bus-mrtfeeder，snapshotUid=c39f1860-cfaa-47ae-a98a-8492c6d6c38c，vehicleId=VG8934，原始观测继续保存
2026-08-31 00:42:28.353 [mytransitgps-continuous-collector] WARN  c.m.persistence.service.JohorRealtimeQcAnnotator - 检测到Static Route未匹配，feedId=rapid-bus-mrtfeeder，snapshotUid=c39f1860-cfaa-47ae-a98a-8492c6d6c38c，vehicleId=VH1382，原始观测继续保存
2026-08-31 00:42:28.353 [mytransitgps-continuous-collector] WARN  c.m.persistence.service.JohorRealtimeQcAnnotator - 检测到Static Trip未匹配，feedId=rapid-bus-mrtfeeder，snapshotUid=c39f1860-cfaa-47ae-a98a-8492c6d6c38c，vehicleId=VH1382，原始观测继续保存
2026-08-31 00:42:28.353 [mytransitgps-continuous-collector] WARN  c.m.persistence.service.JohorRealtimeQcAnnotator - 检测到Static Route未匹配，feedId=rapid-bus-mrtfeeder，snapshotUid=c39f1860-cfaa-47ae-a98a-8492c6d6c38c，vehicleId=VH1568，原始观测继续保存
2026-08-31 00:42:28.353 [mytransitgps-continuous-collector] WARN  c.m.persistence.service.JohorRealtimeQcAnnotator - 检测到Static Trip未匹配，feedId=rapid-bus-mrtfeeder，snapshotUid=c39f1860-cfaa-47ae-a98a-8492c6d6c38c，vehicleId=VH1568，原始观测继续保存
2026-08-31 00:42:28.353 [mytransitgps-continuous-collector] WARN  c.m.persistence.service.JohorRealtimeQcAnnotator - 检测到Static Route未匹配，feedId=rapid-bus-mrtfeeder，snapshotUid=c39f1860-cfaa-47ae-a98a-8492c6d6c38c，vehicleId=VH2494，原始观测继续保存
2026-08-31 00:42:28.353 [mytransitgps-continuous-collector] WARN  c.m.persistence.service.JohorRealtimeQcAnnotator - 检测到Static Trip未匹配，feedId=rapid-bus-mrtfeeder，snapshotUid=c39f1860-cfaa-47ae-a98a-8492c6d6c38c，vehicleId=VH2494，原始观测继续保存
2026-08-31 00:42:28.353 [mytransitgps-continuous-collector] WARN  c.m.persistence.service.JohorRealtimeQcAnnotator - 检测到Static Route未匹配，feedId=rapid-bus-mrtfeeder，snapshotUid=c39f1860-cfaa-47ae-a98a-8492c6d6c38c，vehicleId=VH4037，原始观测继续保存
2026-08-31 00:42:28.353 [mytransitgps-continuous-collector] WARN  c.m.persistence.service.JohorRealtimeQcAnnotator - 检测到Static Trip未匹配，feedId=rapid-bus-mrtfeeder，snapshotUid=c39f1860-cfaa-47ae-a98a-8492c6d6c38c，vehicleId=VH4037，原始观测继续保存
2026-08-31 00:42:28.353 [mytransitgps-continuous-collector] WARN  c.m.persistence.service.JohorRealtimeQcAnnotator - 检测到Static Route未匹配，feedId=rapid-bus-mrtfeeder，snapshotUid=c39f1860-cfaa-47ae-a98a-8492c6d6c38c，vehicleId=VH4053，原始观测继续保存
2026-08-31 00:42:28.353 [mytransitgps-continuous-collector] WARN  c.m.persistence.service.JohorRealtimeQcAnnotator - 检测到Static Trip未匹配，feedId=rapid-bus-mrtfeeder，snapshotUid=c39f1860-cfaa-47ae-a98a-8492c6d6c38c，vehicleId=VH4053，原始观测继续保存
2026-08-31 00:42:28.353 [mytransitgps-continuous-collector] WARN  c.m.persistence.service.JohorRealtimeQcAnnotator - 检测到Static Route未匹配，feedId=rapid-bus-mrtfeeder，snapshotUid=c39f1860-cfaa-47ae-a98a-8492c6d6c38c，vehicleId=VH4086，原始观测继续保存
2026-08-31 00:42:28.353 [mytransitgps-continuous-collector] WARN  c.m.persistence.service.JohorRealtimeQcAnnotator - 检测到Static Trip未匹配，feedId=rapid-bus-mrtfeeder，snapshotUid=c39f1860-cfaa-47ae-a98a-8492c6d6c38c，vehicleId=VH4086，原始观测继续保存
2026-08-31 00:42:28.353 [mytransitgps-continuous-collector] WARN  c.m.persistence.service.JohorRealtimeQcAnnotator - 检测到Static Route未匹配，feedId=rapid-bus-mrtfeeder，snapshotUid=c39f1860-cfaa-47ae-a98a-8492c6d6c38c，vehicleId=VH4108，原始观测继续保存
2026-08-31 00:42:28.353 [mytransitgps-continuous-collector] WARN  c.m.persistence.service.JohorRealtimeQcAnnotator - 检测到Static Trip未匹配，feedId=rapid-bus-mrtfeeder，snapshotUid=c39f1860-cfaa-47ae-a98a-8492c6d6c38c，vehicleId=VH4108，原始观测继续保存
2026-08-31 00:42:28.353 [mytransitgps-continuous-collector] WARN  c.m.persistence.service.JohorRealtimeQcAnnotator - 检测到Static Route未匹配，feedId=rapid-bus-mrtfeeder，snapshotUid=c39f1860-cfaa-47ae-a98a-8492c6d6c38c，vehicleId=VH4189，原始观测继续保存
2026-08-31 00:42:28.353 [mytransitgps-continuous-collector] WARN  c.m.persistence.service.JohorRealtimeQcAnnotator - 检测到Static Trip未匹配，feedId=rapid-bus-mrtfeeder，snapshotUid=c39f1860-cfaa-47ae-a98a-8492c6d6c38c，vehicleId=VH4189，原始观测继续保存
2026-08-31 00:42:28.353 [mytransitgps-continuous-collector] WARN  c.m.persistence.service.JohorRealtimeQcAnnotator - 检测到Static Route未匹配，feedId=rapid-bus-mrtfeeder，snapshotUid=c39f1860-cfaa-47ae-a98a-8492c6d6c38c，vehicleId=VH4268，原始观测继续保存
2026-08-31 00:42:28.353 [mytransitgps-continuous-collector] WARN  c.m.persistence.service.JohorRealtimeQcAnnotator - 检测到Static Trip未匹配，feedId=rapid-bus-mrtfeeder，snapshotUid=c39f1860-cfaa-47ae-a98a-8492c6d6c38c，vehicleId=VH4268，原始观测继续保存
2026-08-31 00:42:28.353 [mytransitgps-continuous-collector] WARN  c.m.persistence.service.JohorRealtimeQcAnnotator - 检测到Static Route未匹配，feedId=rapid-bus-mrtfeeder，snapshotUid=c39f1860-cfaa-47ae-a98a-8492c6d6c38c，vehicleId=VH4318，原始观测继续保存
2026-08-31 00:42:28.353 [mytransitgps-continuous-collector] WARN  c.m.persistence.service.JohorRealtimeQcAnnotator - 检测到Static Trip未匹配，feedId=rapid-bus-mrtfeeder，snapshotUid=c39f1860-cfaa-47ae-a98a-8492c6d6c38c，vehicleId=VH4318，原始观测继续保存
2026-08-31 00:42:28.353 [mytransitgps-continuous-collector] WARN  c.m.persistence.service.JohorRealtimeQcAnnotator - 检测到Static Route未匹配，feedId=rapid-bus-mrtfeeder，snapshotUid=c39f1860-cfaa-47ae-a98a-8492c6d6c38c，vehicleId=VH4924，原始观测继续保存
2026-08-31 00:42:28.353 [mytransitgps-continuous-collector] WARN  c.m.persistence.service.JohorRealtimeQcAnnotator - 检测到Static Trip未匹配，feedId=rapid-bus-mrtfeeder，snapshotUid=c39f1860-cfaa-47ae-a98a-8492c6d6c38c，vehicleId=VH4924，原始观测继续保存
2026-08-31 00:42:28.353 [mytransitgps-continuous-collector] WARN  c.m.persistence.service.JohorRealtimeQcAnnotator - 检测到Static Route未匹配，feedId=rapid-bus-mrtfeeder，snapshotUid=c39f1860-cfaa-47ae-a98a-8492c6d6c38c，vehicleId=VH4930，原始观测继续保存
2026-08-31 00:42:28.353 [mytransitgps-continuous-collector] WARN  c.m.persistence.service.JohorRealtimeQcAnnotator - 检测到Static Trip未匹配，feedId=rapid-bus-mrtfeeder，snapshotUid=c39f1860-cfaa-47ae-a98a-8492c6d6c38c，vehicleId=VH4930，原始观测继续保存
2026-08-31 00:42:28.353 [mytransitgps-continuous-collector] WARN  c.m.persistence.service.JohorRealtimeQcAnnotator - 检测到Static Route未匹配，feedId=rapid-bus-mrtfeeder，snapshotUid=c39f1860-cfaa-47ae-a98a-8492c6d6c38c，vehicleId=VH4985，原始观测继续保存
2026-08-31 00:42:28.354 [mytransitgps-continuous-collector] WARN  c.m.persistence.service.JohorRealtimeQcAnnotator - 检测到Static Trip未匹配，feedId=rapid-bus-mrtfeeder，snapshotUid=c39f1860-cfaa-47ae-a98a-8492c6d6c38c，vehicleId=VH4985，原始观测继续保存
2026-08-31 00:42:28.354 [mytransitgps-continuous-collector] WARN  c.m.persistence.service.JohorRealtimeQcAnnotator - 检测到Static Route未匹配，feedId=rapid-bus-mrtfeeder，snapshotUid=c39f1860-cfaa-47ae-a98a-8492c6d6c38c，vehicleId=VK2684，原始观测继续保存
2026-08-31 00:42:28.354 [mytransitgps-continuous-collector] WARN  c.m.persistence.service.JohorRealtimeQcAnnotator - 检测到Static Trip未匹配，feedId=rapid-bus-mrtfeeder，snapshotUid=c39f1860-cfaa-47ae-a98a-8492c6d6c38c，vehicleId=VK2684，原始观测继续保存
2026-08-31 00:42:28.354 [mytransitgps-continuous-collector] WARN  c.m.persistence.service.JohorRealtimeQcAnnotator - 检测到Static Route未匹配，feedId=rapid-bus-mrtfeeder，snapshotUid=c39f1860-cfaa-47ae-a98a-8492c6d6c38c，vehicleId=VK6475，原始观测继续保存
2026-08-31 00:42:28.354 [mytransitgps-continuous-collector] WARN  c.m.persistence.service.JohorRealtimeQcAnnotator - 检测到Static Trip未匹配，feedId=rapid-bus-mrtfeeder，snapshotUid=c39f1860-cfaa-47ae-a98a-8492c6d6c38c，vehicleId=VK6475，原始观测继续保存
2026-08-31 00:43:40.450 [mytransitgps-continuous-collector] WARN  c.m.gtfs.service.RealtimeStaticEnrichmentService - Realtime Static补全存在未匹配项，城市=Kuching，feedId=mybas-kuching，routeUnresolved=1，tripUnmatched=1，原始Realtime实体继续保留
2026-08-31 00:43:40.450 [mytransitgps-continuous-collector] WARN  c.m.persistence.service.JohorRealtimeQcAnnotator - 检测到Static Route未匹配，feedId=mybas-kuching，snapshotUid=e344e52c-2b13-48bf-b990-41e9e786803f，vehicleId=MADANI2160，原始观测继续保存
2026-08-31 00:43:40.450 [mytransitgps-continuous-collector] WARN  c.m.persistence.service.JohorRealtimeQcAnnotator - 检测到Static Trip未匹配，feedId=mybas-kuching，snapshotUid=e344e52c-2b13-48bf-b990-41e9e786803f，vehicleId=MADANI2160，原始观测继续保存
2026-08-31 00:44:04.351 [mytransitgps-continuous-collector] WARN  c.m.gtfs.service.RealtimeStaticEnrichmentService - Realtime Static补全存在未匹配项，城市=Kuala Lumpur，feedId=rapid-bus-kl，routeUnresolved=0，tripUnmatched=1，原始Realtime实体继续保留
2026-08-31 00:44:04.351 [mytransitgps-continuous-collector] WARN  c.m.persistence.service.JohorRealtimeQcAnnotator - 检测到Static Trip未匹配，feedId=rapid-bus-kl，snapshotUid=45a4775d-c8e8-48de-a5b5-4db043b4e2d9，vehicleId=CDH8332，原始观测继续保存
2026-08-31 00:45:12.417 [scheduling-1] WARN  c.m.m.ciq.collector.CiqTrafficSpeedCollector - CIQ API01 [N09] Raw完整快照已完成，但数据库链未完成，runUid=9adb6dc8-e07e-465b-a50a-7f3c4e5eedd7，pages=288，rawRecords=143787，dbErrorCode=DATABASE_WRITE_FAILED，dbErrorMessage=class java.lang.Integer cannot be cast to class java.lang.Short (java.lang.Integer and java.lang.Short are in module java.base of loader 'bootstrap')
2026-08-31 00:45:12.418 [scheduling-1] WARN  c.m.platform.collection.CollectionExecutor - 交通数据采集未成功，module=CIQ，collector=CIQ_TRAFFIC_SPEED，runUid=9adb6dc8-e07e-465b-a50a-7f3c4e5eedd7，status=PARTIAL_SUCCESS，errorCode=DATABASE_WRITE_FAILED，message=class java.lang.Integer cannot be cast to class java.lang.Short (java.lang.Integer and java.lang.Short are in module java.base of loader 'bootstrap')
2026-08-31 00:48:07.279 [main] WARN  o.mybatis.spring.mapper.ClassPathMapperScanner - No MyBatis mapper was found in '[com.mytransitgps]' package. Please check your configuration.
2026-08-31 00:48:07.950 [main] WARN  o.mybatis.spring.mapper.ClassPathMapperScanner - No MyBatis mapper was found in '[com.mytransitgps]' package. Please check your configuration.
2026-08-31 00:49:04.988 [mytransitgps-continuous-collector] WARN  c.m.gtfs.service.RealtimeStaticEnrichmentService - Realtime Static补全存在未匹配项，城市=Kuching，feedId=mybas-kuching，routeUnresolved=1，tripUnmatched=1，原始Realtime实体继续保留
2026-08-31 00:49:04.988 [mytransitgps-continuous-collector] WARN  c.m.persistence.service.JohorRealtimeQcAnnotator - 检测到Static Route未匹配，feedId=mybas-kuching，snapshotUid=9aa3c618-9843-4b91-9143-34e67fdb55e3，vehicleId=MADANI2160，原始观测继续保存
2026-08-31 00:49:04.988 [mytransitgps-continuous-collector] WARN  c.m.persistence.service.JohorRealtimeQcAnnotator - 检测到Static Trip未匹配，feedId=mybas-kuching，snapshotUid=9aa3c618-9843-4b91-9143-34e67fdb55e3，vehicleId=MADANI2160，原始观测继续保存
2026-08-31 00:49:29.032 [mytransitgps-continuous-collector] WARN  c.m.gtfs.service.RealtimeStaticEnrichmentService - Realtime Static补全存在未匹配项，城市=Kuala Lumpur，feedId=rapid-bus-kl，routeUnresolved=0，tripUnmatched=1，原始Realtime实体继续保留
2026-08-31 00:49:29.033 [mytransitgps-continuous-collector] WARN  c.m.persistence.service.JohorRealtimeQcAnnotator - 检测到Static Trip未匹配，feedId=rapid-bus-kl，snapshotUid=067e6c01-5015-485e-bff5-0a5244ce15b6，vehicleId=CDH8332，原始观测继续保存
2026-08-31 00:49:53.030 [mytransitgps-continuous-collector] WARN  c.m.gtfs.service.RealtimeStaticEnrichmentService - Realtime Static补全存在未匹配项，城市=Kuala Lumpur，feedId=rapid-bus-mrtfeeder，routeUnresolved=30，tripUnmatched=30，原始Realtime实体继续保留
2026-08-31 00:49:53.030 [mytransitgps-continuous-collector] WARN  c.m.persistence.service.JohorRealtimeQcAnnotator - 检测到Static Route未匹配，feedId=rapid-bus-mrtfeeder，snapshotUid=60f488f3-b49b-4564-977f-2c0539e22d74，vehicleId=VAE7038，原始观测继续保存
2026-08-31 00:49:53.030 [mytransitgps-continuous-collector] WARN  c.m.persistence.service.JohorRealtimeQcAnnotator - 检测到Static Trip未匹配，feedId=rapid-bus-mrtfeeder，snapshotUid=60f488f3-b49b-4564-977f-2c0539e22d74，vehicleId=VAE7038，原始观测继续保存
2026-08-31 00:49:53.031 [mytransitgps-continuous-collector] WARN  c.m.persistence.service.JohorRealtimeQcAnnotator - 检测到Static Route未匹配，feedId=rapid-bus-mrtfeeder，snapshotUid=60f488f3-b49b-4564-977f-2c0539e22d74，vehicleId=VAE7593，原始观测继续保存
2026-08-31 00:49:53.031 [mytransitgps-continuous-collector] WARN  c.m.persistence.service.JohorRealtimeQcAnnotator - 检测到Static Trip未匹配，feedId=rapid-bus-mrtfeeder，snapshotUid=60f488f3-b49b-4564-977f-2c0539e22d74，vehicleId=VAE7593，原始观测继续保存
2026-08-31 00:49:53.031 [mytransitgps-continuous-collector] WARN  c.m.persistence.service.JohorRealtimeQcAnnotator - 检测到Static Route未匹配，feedId=rapid-bus-mrtfeeder，snapshotUid=60f488f3-b49b-4564-977f-2c0539e22d74，vehicleId=VAF5439，原始观测继续保存
2026-08-31 00:49:53.031 [mytransitgps-continuous-collector] WARN  c.m.persistence.service.JohorRealtimeQcAnnotator - 检测到Static Trip未匹配，feedId=rapid-bus-mrtfeeder，snapshotUid=60f488f3-b49b-4564-977f-2c0539e22d74，vehicleId=VAF5439，原始观测继续保存
2026-08-31 00:49:53.031 [mytransitgps-continuous-collector] WARN  c.m.persistence.service.JohorRealtimeQcAnnotator - 检测到Static Route未匹配，feedId=rapid-bus-mrtfeeder，snapshotUid=60f488f3-b49b-4564-977f-2c0539e22d74，vehicleId=VAF5480，原始观测继续保存
2026-08-31 00:49:53.032 [mytransitgps-continuous-collector] WARN  c.m.persistence.service.JohorRealtimeQcAnnotator - 检测到Static Trip未匹配，feedId=rapid-bus-mrtfeeder，snapshotUid=60f488f3-b49b-4564-977f-2c0539e22d74，vehicleId=VAF5480，原始观测继续保存
2026-08-31 00:49:53.032 [mytransitgps-continuous-collector] WARN  c.m.persistence.service.JohorRealtimeQcAnnotator - 检测到Static Route未匹配，feedId=rapid-bus-mrtfeeder，snapshotUid=60f488f3-b49b-4564-977f-2c0539e22d74，vehicleId=VAG4725，原始观测继续保存
2026-08-31 00:49:53.032 [mytransitgps-continuous-collector] WARN  c.m.persistence.service.JohorRealtimeQcAnnotator - 检测到Static Trip未匹配，feedId=rapid-bus-mrtfeeder，snapshotUid=60f488f3-b49b-4564-977f-2c0539e22d74，vehicleId=VAG4725，原始观测继续保存
2026-08-31 00:49:53.032 [mytransitgps-continuous-collector] WARN  c.m.persistence.service.JohorRealtimeQcAnnotator - 检测到Static Route未匹配，feedId=rapid-bus-mrtfeeder，snapshotUid=60f488f3-b49b-4564-977f-2c0539e22d74，vehicleId=VAG4871，原始观测继续保存
2026-08-31 00:49:53.032 [mytransitgps-continuous-collector] WARN  c.m.persistence.service.JohorRealtimeQcAnnotator - 检测到Static Trip未匹配，feedId=rapid-bus-mrtfeeder，snapshotUid=60f488f3-b49b-4564-977f-2c0539e22d74，vehicleId=VAG4871，原始观测继续保存
2026-08-31 00:49:53.032 [mytransitgps-continuous-collector] WARN  c.m.persistence.service.JohorRealtimeQcAnnotator - 检测到Static Route未匹配，feedId=rapid-bus-mrtfeeder，snapshotUid=60f488f3-b49b-4564-977f-2c0539e22d74，vehicleId=VAG8049，原始观测继续保存
2026-08-31 00:49:53.032 [mytransitgps-continuous-collector] WARN  c.m.persistence.service.JohorRealtimeQcAnnotator - 检测到Static Trip未匹配，feedId=rapid-bus-mrtfeeder，snapshotUid=60f488f3-b49b-4564-977f-2c0539e22d74，vehicleId=VAG8049，原始观测继续保存
2026-08-31 00:49:53.033 [mytransitgps-continuous-collector] WARN  c.m.persistence.service.JohorRealtimeQcAnnotator - 检测到Static Route未匹配，feedId=rapid-bus-mrtfeeder，snapshotUid=60f488f3-b49b-4564-977f-2c0539e22d74，vehicleId=VAG8054，原始观测继续保存
2026-08-31 00:49:53.033 [mytransitgps-continuous-collector] WARN  c.m.persistence.service.JohorRealtimeQcAnnotator - 检测到Static Trip未匹配，feedId=rapid-bus-mrtfeeder，snapshotUid=60f488f3-b49b-4564-977f-2c0539e22d74，vehicleId=VAG8054，原始观测继续保存
2026-08-31 00:49:53.033 [mytransitgps-continuous-collector] WARN  c.m.persistence.service.JohorRealtimeQcAnnotator - 检测到Static Route未匹配，feedId=rapid-bus-mrtfeeder，snapshotUid=60f488f3-b49b-4564-977f-2c0539e22d74，vehicleId=VAG8541，原始观测继续保存
2026-08-31 00:49:53.033 [mytransitgps-continuous-collector] WARN  c.m.persistence.service.JohorRealtimeQcAnnotator - 检测到Static Trip未匹配，feedId=rapid-bus-mrtfeeder，snapshotUid=60f488f3-b49b-4564-977f-2c0539e22d74，vehicleId=VAG8541，原始观测继续保存
2026-08-31 00:49:53.033 [mytransitgps-continuous-collector] WARN  c.m.persistence.service.JohorRealtimeQcAnnotator - 检测到Static Route未匹配，feedId=rapid-bus-mrtfeeder，snapshotUid=60f488f3-b49b-4564-977f-2c0539e22d74，vehicleId=VAK1014，原始观测继续保存
2026-08-31 00:49:53.033 [mytransitgps-continuous-collector] WARN  c.m.persistence.service.JohorRealtimeQcAnnotator - 检测到Static Trip未匹配，feedId=rapid-bus-mrtfeeder，snapshotUid=60f488f3-b49b-4564-977f-2c0539e22d74，vehicleId=VAK1014，原始观测继续保存
2026-08-31 00:49:53.033 [mytransitgps-continuous-collector] WARN  c.m.persistence.service.JohorRealtimeQcAnnotator - 检测到Static Route未匹配，feedId=rapid-bus-mrtfeeder，snapshotUid=60f488f3-b49b-4564-977f-2c0539e22d74，vehicleId=VAL4552，原始观测继续保存
2026-08-31 00:49:53.034 [mytransitgps-continuous-collector] WARN  c.m.persistence.service.JohorRealtimeQcAnnotator - 检测到Static Trip未匹配，feedId=rapid-bus-mrtfeeder，snapshotUid=60f488f3-b49b-4564-977f-2c0539e22d74，vehicleId=VAL4552，原始观测继续保存
2026-08-31 00:49:53.034 [mytransitgps-continuous-collector] WARN  c.m.persistence.service.JohorRealtimeQcAnnotator - 检测到Future Timestamp，feedId=rapid-bus-mrtfeeder，snapshotUid=60f488f3-b49b-4564-977f-2c0539e22d74，vehicleId=VAL4552，vehicleTime=1886017556，原始时间戳继续保存
2026-08-31 00:49:53.034 [mytransitgps-continuous-collector] WARN  c.m.persistence.service.JohorRealtimeQcAnnotator - 检测到Static Route未匹配，feedId=rapid-bus-mrtfeeder，snapshotUid=60f488f3-b49b-4564-977f-2c0539e22d74，vehicleId=VG6491，原始观测继续保存
2026-08-31 00:49:53.034 [mytransitgps-continuous-collector] WARN  c.m.persistence.service.JohorRealtimeQcAnnotator - 检测到Static Trip未匹配，feedId=rapid-bus-mrtfeeder，snapshotUid=60f488f3-b49b-4564-977f-2c0539e22d74，vehicleId=VG6491，原始观测继续保存
2026-08-31 00:49:53.034 [mytransitgps-continuous-collector] WARN  c.m.persistence.service.JohorRealtimeQcAnnotator - 检测到Static Route未匹配，feedId=rapid-bus-mrtfeeder，snapshotUid=60f488f3-b49b-4564-977f-2c0539e22d74，vehicleId=VG6529，原始观测继续保存
2026-08-31 00:49:53.034 [mytransitgps-continuous-collector] WARN  c.m.persistence.service.JohorRealtimeQcAnnotator - 检测到Static Trip未匹配，feedId=rapid-bus-mrtfeeder，snapshotUid=60f488f3-b49b-4564-977f-2c0539e22d74，vehicleId=VG6529，原始观测继续保存
2026-08-31 00:49:53.035 [mytransitgps-continuous-collector] WARN  c.m.persistence.service.JohorRealtimeQcAnnotator - 检测到Static Route未匹配，feedId=rapid-bus-mrtfeeder，snapshotUid=60f488f3-b49b-4564-977f-2c0539e22d74，vehicleId=VG8591，原始观测继续保存
2026-08-31 00:49:53.035 [mytransitgps-continuous-collector] WARN  c.m.persistence.service.JohorRealtimeQcAnnotator - 检测到Static Trip未匹配，feedId=rapid-bus-mrtfeeder，snapshotUid=60f488f3-b49b-4564-977f-2c0539e22d74，vehicleId=VG8591，原始观测继续保存
2026-08-31 00:49:53.035 [mytransitgps-continuous-collector] WARN  c.m.persistence.service.JohorRealtimeQcAnnotator - 检测到Static Route未匹配，feedId=rapid-bus-mrtfeeder，snapshotUid=60f488f3-b49b-4564-977f-2c0539e22d74，vehicleId=VG8742，原始观测继续保存
2026-08-31 00:49:53.035 [mytransitgps-continuous-collector] WARN  c.m.persistence.service.JohorRealtimeQcAnnotator - 检测到Static Trip未匹配，feedId=rapid-bus-mrtfeeder，snapshotUid=60f488f3-b49b-4564-977f-2c0539e22d74，vehicleId=VG8742，原始观测继续保存
2026-08-31 00:49:53.035 [mytransitgps-continuous-collector] WARN  c.m.persistence.service.JohorRealtimeQcAnnotator - 检测到Static Route未匹配，feedId=rapid-bus-mrtfeeder，snapshotUid=60f488f3-b49b-4564-977f-2c0539e22d74，vehicleId=VG8934，原始观测继续保存
2026-08-31 00:49:53.035 [mytransitgps-continuous-collector] WARN  c.m.persistence.service.JohorRealtimeQcAnnotator - 检测到Static Trip未匹配，feedId=rapid-bus-mrtfeeder，snapshotUid=60f488f3-b49b-4564-977f-2c0539e22d74，vehicleId=VG8934，原始观测继续保存
2026-08-31 00:49:53.036 [mytransitgps-continuous-collector] WARN  c.m.persistence.service.JohorRealtimeQcAnnotator - 检测到Static Route未匹配，feedId=rapid-bus-mrtfeeder，snapshotUid=60f488f3-b49b-4564-977f-2c0539e22d74，vehicleId=VH1382，原始观测继续保存
2026-08-31 00:49:53.036 [mytransitgps-continuous-collector] WARN  c.m.persistence.service.JohorRealtimeQcAnnotator - 检测到Static Trip未匹配，feedId=rapid-bus-mrtfeeder，snapshotUid=60f488f3-b49b-4564-977f-2c0539e22d74，vehicleId=VH1382，原始观测继续保存
2026-08-31 00:49:53.036 [mytransitgps-continuous-collector] WARN  c.m.persistence.service.JohorRealtimeQcAnnotator - 检测到Static Route未匹配，feedId=rapid-bus-mrtfeeder，snapshotUid=60f488f3-b49b-4564-977f-2c0539e22d74，vehicleId=VH1568，原始观测继续保存
2026-08-31 00:49:53.036 [mytransitgps-continuous-collector] WARN  c.m.persistence.service.JohorRealtimeQcAnnotator - 检测到Static Trip未匹配，feedId=rapid-bus-mrtfeeder，snapshotUid=60f488f3-b49b-4564-977f-2c0539e22d74，vehicleId=VH1568，原始观测继续保存
2026-08-31 00:49:53.036 [mytransitgps-continuous-collector] WARN  c.m.persistence.service.JohorRealtimeQcAnnotator - 检测到Static Route未匹配，feedId=rapid-bus-mrtfeeder，snapshotUid=60f488f3-b49b-4564-977f-2c0539e22d74，vehicleId=VH2494，原始观测继续保存
2026-08-31 00:49:53.037 [mytransitgps-continuous-collector] WARN  c.m.persistence.service.JohorRealtimeQcAnnotator - 检测到Static Trip未匹配，feedId=rapid-bus-mrtfeeder，snapshotUid=60f488f3-b49b-4564-977f-2c0539e22d74，vehicleId=VH2494，原始观测继续保存
2026-08-31 00:49:53.037 [mytransitgps-continuous-collector] WARN  c.m.persistence.service.JohorRealtimeQcAnnotator - 检测到Static Route未匹配，feedId=rapid-bus-mrtfeeder，snapshotUid=60f488f3-b49b-4564-977f-2c0539e22d74，vehicleId=VH4037，原始观测继续保存
2026-08-31 00:49:53.037 [mytransitgps-continuous-collector] WARN  c.m.persistence.service.JohorRealtimeQcAnnotator - 检测到Static Trip未匹配，feedId=rapid-bus-mrtfeeder，snapshotUid=60f488f3-b49b-4564-977f-2c0539e22d74，vehicleId=VH4037，原始观测继续保存
2026-08-31 00:49:53.037 [mytransitgps-continuous-collector] WARN  c.m.persistence.service.JohorRealtimeQcAnnotator - 检测到Static Route未匹配，feedId=rapid-bus-mrtfeeder，snapshotUid=60f488f3-b49b-4564-977f-2c0539e22d74，vehicleId=VH4086，原始观测继续保存
2026-08-31 00:49:53.037 [mytransitgps-continuous-collector] WARN  c.m.persistence.service.JohorRealtimeQcAnnotator - 检测到Static Trip未匹配，feedId=rapid-bus-mrtfeeder，snapshotUid=60f488f3-b49b-4564-977f-2c0539e22d74，vehicleId=VH4086，原始观测继续保存
2026-08-31 00:49:53.038 [mytransitgps-continuous-collector] WARN  c.m.persistence.service.JohorRealtimeQcAnnotator - 检测到Static Route未匹配，feedId=rapid-bus-mrtfeeder，snapshotUid=60f488f3-b49b-4564-977f-2c0539e22d74，vehicleId=VH4108，原始观测继续保存
2026-08-31 00:49:53.038 [mytransitgps-continuous-collector] WARN  c.m.persistence.service.JohorRealtimeQcAnnotator - 检测到Static Trip未匹配，feedId=rapid-bus-mrtfeeder，snapshotUid=60f488f3-b49b-4564-977f-2c0539e22d74，vehicleId=VH4108，原始观测继续保存
2026-08-31 00:49:53.038 [mytransitgps-continuous-collector] WARN  c.m.persistence.service.JohorRealtimeQcAnnotator - 检测到Static Route未匹配，feedId=rapid-bus-mrtfeeder，snapshotUid=60f488f3-b49b-4564-977f-2c0539e22d74，vehicleId=VH4268，原始观测继续保存
2026-08-31 00:49:53.038 [mytransitgps-continuous-collector] WARN  c.m.persistence.service.JohorRealtimeQcAnnotator - 检测到Static Trip未匹配，feedId=rapid-bus-mrtfeeder，snapshotUid=60f488f3-b49b-4564-977f-2c0539e22d74，vehicleId=VH4268，原始观测继续保存
2026-08-31 00:49:53.038 [mytransitgps-continuous-collector] WARN  c.m.persistence.service.JohorRealtimeQcAnnotator - 检测到Static Route未匹配，feedId=rapid-bus-mrtfeeder，snapshotUid=60f488f3-b49b-4564-977f-2c0539e22d74，vehicleId=VH4307，原始观测继续保存
2026-08-31 00:49:53.038 [mytransitgps-continuous-collector] WARN  c.m.persistence.service.JohorRealtimeQcAnnotator - 检测到Static Trip未匹配，feedId=rapid-bus-mrtfeeder，snapshotUid=60f488f3-b49b-4564-977f-2c0539e22d74，vehicleId=VH4307，原始观测继续保存
2026-08-31 00:49:53.039 [mytransitgps-continuous-collector] WARN  c.m.persistence.service.JohorRealtimeQcAnnotator - 检测到Static Route未匹配，feedId=rapid-bus-mrtfeeder，snapshotUid=60f488f3-b49b-4564-977f-2c0539e22d74，vehicleId=VH4318，原始观测继续保存
2026-08-31 00:49:53.039 [mytransitgps-continuous-collector] WARN  c.m.persistence.service.JohorRealtimeQcAnnotator - 检测到Static Trip未匹配，feedId=rapid-bus-mrtfeeder，snapshotUid=60f488f3-b49b-4564-977f-2c0539e22d74，vehicleId=VH4318，原始观测继续保存
2026-08-31 00:49:53.039 [mytransitgps-continuous-collector] WARN  c.m.persistence.service.JohorRealtimeQcAnnotator - 检测到Static Route未匹配，feedId=rapid-bus-mrtfeeder，snapshotUid=60f488f3-b49b-4564-977f-2c0539e22d74，vehicleId=VH4924，原始观测继续保存
2026-08-31 00:49:53.039 [mytransitgps-continuous-collector] WARN  c.m.persistence.service.JohorRealtimeQcAnnotator - 检测到Static Trip未匹配，feedId=rapid-bus-mrtfeeder，snapshotUid=60f488f3-b49b-4564-977f-2c0539e22d74，vehicleId=VH4924，原始观测继续保存
2026-08-31 00:49:53.039 [mytransitgps-continuous-collector] WARN  c.m.persistence.service.JohorRealtimeQcAnnotator - 检测到Static Route未匹配，feedId=rapid-bus-mrtfeeder，snapshotUid=60f488f3-b49b-4564-977f-2c0539e22d74，vehicleId=VH4930，原始观测继续保存
2026-08-31 00:49:53.039 [mytransitgps-continuous-collector] WARN  c.m.persistence.service.JohorRealtimeQcAnnotator - 检测到Static Trip未匹配，feedId=rapid-bus-mrtfeeder，snapshotUid=60f488f3-b49b-4564-977f-2c0539e22d74，vehicleId=VH4930，原始观测继续保存
2026-08-31 00:49:53.039 [mytransitgps-continuous-collector] WARN  c.m.persistence.service.JohorRealtimeQcAnnotator - 检测到Static Route未匹配，feedId=rapid-bus-mrtfeeder，snapshotUid=60f488f3-b49b-4564-977f-2c0539e22d74，vehicleId=VH4985，原始观测继续保存
2026-08-31 00:49:53.040 [mytransitgps-continuous-collector] WARN  c.m.persistence.service.JohorRealtimeQcAnnotator - 检测到Static Trip未匹配，feedId=rapid-bus-mrtfeeder，snapshotUid=60f488f3-b49b-4564-977f-2c0539e22d74，vehicleId=VH4985，原始观测继续保存
2026-08-31 00:49:53.040 [mytransitgps-continuous-collector] WARN  c.m.persistence.service.JohorRealtimeQcAnnotator - 检测到Static Route未匹配，feedId=rapid-bus-mrtfeeder，snapshotUid=60f488f3-b49b-4564-977f-2c0539e22d74，vehicleId=VK2684，原始观测继续保存
2026-08-31 00:49:53.040 [mytransitgps-continuous-collector] WARN  c.m.persistence.service.JohorRealtimeQcAnnotator - 检测到Static Trip未匹配，feedId=rapid-bus-mrtfeeder，snapshotUid=60f488f3-b49b-4564-977f-2c0539e22d74，vehicleId=VK2684，原始观测继续保存
2026-08-31 00:49:53.040 [mytransitgps-continuous-collector] WARN  c.m.persistence.service.JohorRealtimeQcAnnotator - 检测到Static Route未匹配，feedId=rapid-bus-mrtfeeder，snapshotUid=60f488f3-b49b-4564-977f-2c0539e22d74，vehicleId=VK6475，原始观测继续保存
2026-08-31 00:49:53.040 [mytransitgps-continuous-collector] WARN  c.m.persistence.service.JohorRealtimeQcAnnotator - 检测到Static Trip未匹配，feedId=rapid-bus-mrtfeeder，snapshotUid=60f488f3-b49b-4564-977f-2c0539e22d74，vehicleId=VK6475，原始观测继续保存
2026-08-31 00:51:04.981 [mytransitgps-continuous-collector] WARN  c.m.gtfs.service.RealtimeStaticEnrichmentService - Realtime Static补全存在未匹配项，城市=Kuching，feedId=mybas-kuching，routeUnresolved=1，tripUnmatched=1，原始Realtime实体继续保留
2026-08-31 00:51:04.981 [mytransitgps-continuous-collector] WARN  c.m.persistence.service.JohorRealtimeQcAnnotator - 检测到Static Route未匹配，feedId=mybas-kuching，snapshotUid=96dee45d-d99d-447d-a27d-2480e0db2245，vehicleId=MADANI2160，原始观测继续保存
2026-08-31 00:51:04.981 [mytransitgps-continuous-collector] WARN  c.m.persistence.service.JohorRealtimeQcAnnotator - 检测到Static Trip未匹配，feedId=mybas-kuching，snapshotUid=96dee45d-d99d-447d-a27d-2480e0db2245，vehicleId=MADANI2160，原始观测继续保存
2026-08-31 00:51:29.008 [mytransitgps-continuous-collector] WARN  c.m.gtfs.service.RealtimeStaticEnrichmentService - Realtime Static补全存在未匹配项，城市=Kuala Lumpur，feedId=rapid-bus-kl，routeUnresolved=0，tripUnmatched=1，原始Realtime实体继续保留
2026-08-31 00:51:29.009 [mytransitgps-continuous-collector] WARN  c.m.persistence.service.JohorRealtimeQcAnnotator - 检测到Static Trip未匹配，feedId=rapid-bus-kl，snapshotUid=c1047daf-1d17-4111-9c28-c690101247b0，vehicleId=CDH8332，原始观测继续保存
2026-08-31 00:51:53.014 [mytransitgps-continuous-collector] WARN  c.m.gtfs.service.RealtimeStaticEnrichmentService - Realtime Static补全存在未匹配项，城市=Kuala Lumpur，feedId=rapid-bus-mrtfeeder，routeUnresolved=28，tripUnmatched=28，原始Realtime实体继续保留
2026-08-31 00:51:53.014 [mytransitgps-continuous-collector] WARN  c.m.persistence.service.JohorRealtimeQcAnnotator - 检测到Static Route未匹配，feedId=rapid-bus-mrtfeeder，snapshotUid=79d6326a-0127-4512-94ce-d3c92ade36d2，vehicleId=VAE7038，原始观测继续保存
2026-08-31 00:51:53.014 [mytransitgps-continuous-collector] WARN  c.m.persistence.service.JohorRealtimeQcAnnotator - 检测到Static Trip未匹配，feedId=rapid-bus-mrtfeeder，snapshotUid=79d6326a-0127-4512-94ce-d3c92ade36d2，vehicleId=VAE7038，原始观测继续保存
2026-08-31 00:51:53.014 [mytransitgps-continuous-collector] WARN  c.m.persistence.service.JohorRealtimeQcAnnotator - 检测到Static Route未匹配，feedId=rapid-bus-mrtfeeder，snapshotUid=79d6326a-0127-4512-94ce-d3c92ade36d2，vehicleId=VAE7593，原始观测继续保存
2026-08-31 00:51:53.014 [mytransitgps-continuous-collector] WARN  c.m.persistence.service.JohorRealtimeQcAnnotator - 检测到Static Trip未匹配，feedId=rapid-bus-mrtfeeder，snapshotUid=79d6326a-0127-4512-94ce-d3c92ade36d2，vehicleId=VAE7593，原始观测继续保存
2026-08-31 00:51:53.014 [mytransitgps-continuous-collector] WARN  c.m.persistence.service.JohorRealtimeQcAnnotator - 检测到Static Route未匹配，feedId=rapid-bus-mrtfeeder，snapshotUid=79d6326a-0127-4512-94ce-d3c92ade36d2，vehicleId=VAF5439，原始观测继续保存
2026-08-31 00:51:53.014 [mytransitgps-continuous-collector] WARN  c.m.persistence.service.JohorRealtimeQcAnnotator - 检测到Static Trip未匹配，feedId=rapid-bus-mrtfeeder，snapshotUid=79d6326a-0127-4512-94ce-d3c92ade36d2，vehicleId=VAF5439，原始观测继续保存
2026-08-31 00:51:53.015 [mytransitgps-continuous-collector] WARN  c.m.persistence.service.JohorRealtimeQcAnnotator - 检测到Static Route未匹配，feedId=rapid-bus-mrtfeeder，snapshotUid=79d6326a-0127-4512-94ce-d3c92ade36d2，vehicleId=VAF5480，原始观测继续保存
2026-08-31 00:51:53.015 [mytransitgps-continuous-collector] WARN  c.m.persistence.service.JohorRealtimeQcAnnotator - 检测到Static Trip未匹配，feedId=rapid-bus-mrtfeeder，snapshotUid=79d6326a-0127-4512-94ce-d3c92ade36d2，vehicleId=VAF5480，原始观测继续保存
2026-08-31 00:51:53.015 [mytransitgps-continuous-collector] WARN  c.m.persistence.service.JohorRealtimeQcAnnotator - 检测到Static Route未匹配，feedId=rapid-bus-mrtfeeder，snapshotUid=79d6326a-0127-4512-94ce-d3c92ade36d2，vehicleId=VAG4725，原始观测继续保存
2026-08-31 00:51:53.015 [mytransitgps-continuous-collector] WARN  c.m.persistence.service.JohorRealtimeQcAnnotator - 检测到Static Trip未匹配，feedId=rapid-bus-mrtfeeder，snapshotUid=79d6326a-0127-4512-94ce-d3c92ade36d2，vehicleId=VAG4725，原始观测继续保存
2026-08-31 00:51:53.015 [mytransitgps-continuous-collector] WARN  c.m.persistence.service.JohorRealtimeQcAnnotator - 检测到Static Route未匹配，feedId=rapid-bus-mrtfeeder，snapshotUid=79d6326a-0127-4512-94ce-d3c92ade36d2，vehicleId=VAG4871，原始观测继续保存
2026-08-31 00:51:53.015 [mytransitgps-continuous-collector] WARN  c.m.persistence.service.JohorRealtimeQcAnnotator - 检测到Static Trip未匹配，feedId=rapid-bus-mrtfeeder，snapshotUid=79d6326a-0127-4512-94ce-d3c92ade36d2，vehicleId=VAG4871，原始观测继续保存
2026-08-31 00:51:53.015 [mytransitgps-continuous-collector] WARN  c.m.persistence.service.JohorRealtimeQcAnnotator - 检测到Static Route未匹配，feedId=rapid-bus-mrtfeeder，snapshotUid=79d6326a-0127-4512-94ce-d3c92ade36d2，vehicleId=VAG8049，原始观测继续保存
2026-08-31 00:51:53.015 [mytransitgps-continuous-collector] WARN  c.m.persistence.service.JohorRealtimeQcAnnotator - 检测到Static Trip未匹配，feedId=rapid-bus-mrtfeeder，snapshotUid=79d6326a-0127-4512-94ce-d3c92ade36d2，vehicleId=VAG8049，原始观测继续保存
2026-08-31 00:51:53.015 [mytransitgps-continuous-collector] WARN  c.m.persistence.service.JohorRealtimeQcAnnotator - 检测到Static Route未匹配，feedId=rapid-bus-mrtfeeder，snapshotUid=79d6326a-0127-4512-94ce-d3c92ade36d2，vehicleId=VAG8054，原始观测继续保存
2026-08-31 00:51:53.015 [mytransitgps-continuous-collector] WARN  c.m.persistence.service.JohorRealtimeQcAnnotator - 检测到Static Trip未匹配，feedId=rapid-bus-mrtfeeder，snapshotUid=79d6326a-0127-4512-94ce-d3c92ade36d2，vehicleId=VAG8054，原始观测继续保存
2026-08-31 00:51:53.016 [mytransitgps-continuous-collector] WARN  c.m.persistence.service.JohorRealtimeQcAnnotator - 检测到Static Route未匹配，feedId=rapid-bus-mrtfeeder，snapshotUid=79d6326a-0127-4512-94ce-d3c92ade36d2，vehicleId=VAG8541，原始观测继续保存
2026-08-31 00:51:53.016 [mytransitgps-continuous-collector] WARN  c.m.persistence.service.JohorRealtimeQcAnnotator - 检测到Static Trip未匹配，feedId=rapid-bus-mrtfeeder，snapshotUid=79d6326a-0127-4512-94ce-d3c92ade36d2，vehicleId=VAG8541，原始观测继续保存
2026-08-31 00:51:53.016 [mytransitgps-continuous-collector] WARN  c.m.persistence.service.JohorRealtimeQcAnnotator - 检测到Static Route未匹配，feedId=rapid-bus-mrtfeeder，snapshotUid=79d6326a-0127-4512-94ce-d3c92ade36d2，vehicleId=VAK1014，原始观测继续保存
2026-08-31 00:51:53.016 [mytransitgps-continuous-collector] WARN  c.m.persistence.service.JohorRealtimeQcAnnotator - 检测到Static Trip未匹配，feedId=rapid-bus-mrtfeeder，snapshotUid=79d6326a-0127-4512-94ce-d3c92ade36d2，vehicleId=VAK1014，原始观测继续保存
2026-08-31 00:51:53.016 [mytransitgps-continuous-collector] WARN  c.m.persistence.service.JohorRealtimeQcAnnotator - 检测到Static Route未匹配，feedId=rapid-bus-mrtfeeder，snapshotUid=79d6326a-0127-4512-94ce-d3c92ade36d2，vehicleId=VAL4552，原始观测继续保存
2026-08-31 00:51:53.016 [mytransitgps-continuous-collector] WARN  c.m.persistence.service.JohorRealtimeQcAnnotator - 检测到Static Trip未匹配，feedId=rapid-bus-mrtfeeder，snapshotUid=79d6326a-0127-4512-94ce-d3c92ade36d2，vehicleId=VAL4552，原始观测继续保存
2026-08-31 00:51:53.016 [mytransitgps-continuous-collector] WARN  c.m.persistence.service.JohorRealtimeQcAnnotator - 检测到Future Timestamp，feedId=rapid-bus-mrtfeeder，snapshotUid=79d6326a-0127-4512-94ce-d3c92ade36d2，vehicleId=VAL4552，vehicleTime=1886017556，原始时间戳继续保存
2026-08-31 00:51:53.016 [mytransitgps-continuous-collector] WARN  c.m.persistence.service.JohorRealtimeQcAnnotator - 检测到Static Route未匹配，feedId=rapid-bus-mrtfeeder，snapshotUid=79d6326a-0127-4512-94ce-d3c92ade36d2，vehicleId=VG6491，原始观测继续保存
2026-08-31 00:51:53.016 [mytransitgps-continuous-collector] WARN  c.m.persistence.service.JohorRealtimeQcAnnotator - 检测到Static Trip未匹配，feedId=rapid-bus-mrtfeeder，snapshotUid=79d6326a-0127-4512-94ce-d3c92ade36d2，vehicleId=VG6491，原始观测继续保存
2026-08-31 00:51:53.017 [mytransitgps-continuous-collector] WARN  c.m.persistence.service.JohorRealtimeQcAnnotator - 检测到Static Route未匹配，feedId=rapid-bus-mrtfeeder，snapshotUid=79d6326a-0127-4512-94ce-d3c92ade36d2，vehicleId=VG8591，原始观测继续保存
2026-08-31 00:51:53.017 [mytransitgps-continuous-collector] WARN  c.m.persistence.service.JohorRealtimeQcAnnotator - 检测到Static Trip未匹配，feedId=rapid-bus-mrtfeeder，snapshotUid=79d6326a-0127-4512-94ce-d3c92ade36d2，vehicleId=VG8591，原始观测继续保存
2026-08-31 00:51:53.017 [mytransitgps-continuous-collector] WARN  c.m.persistence.service.JohorRealtimeQcAnnotator - 检测到Static Route未匹配，feedId=rapid-bus-mrtfeeder，snapshotUid=79d6326a-0127-4512-94ce-d3c92ade36d2，vehicleId=VG8742，原始观测继续保存
2026-08-31 00:51:53.017 [mytransitgps-continuous-collector] WARN  c.m.persistence.service.JohorRealtimeQcAnnotator - 检测到Static Trip未匹配，feedId=rapid-bus-mrtfeeder，snapshotUid=79d6326a-0127-4512-94ce-d3c92ade36d2，vehicleId=VG8742，原始观测继续保存
2026-08-31 00:51:53.017 [mytransitgps-continuous-collector] WARN  c.m.persistence.service.JohorRealtimeQcAnnotator - 检测到Static Route未匹配，feedId=rapid-bus-mrtfeeder，snapshotUid=79d6326a-0127-4512-94ce-d3c92ade36d2，vehicleId=VG8934，原始观测继续保存
2026-08-31 00:51:53.018 [mytransitgps-continuous-collector] WARN  c.m.persistence.service.JohorRealtimeQcAnnotator - 检测到Static Trip未匹配，feedId=rapid-bus-mrtfeeder，snapshotUid=79d6326a-0127-4512-94ce-d3c92ade36d2，vehicleId=VG8934，原始观测继续保存
2026-08-31 00:51:53.018 [mytransitgps-continuous-collector] WARN  c.m.persistence.service.JohorRealtimeQcAnnotator - 检测到Static Route未匹配，feedId=rapid-bus-mrtfeeder，snapshotUid=79d6326a-0127-4512-94ce-d3c92ade36d2，vehicleId=VH1382，原始观测继续保存
2026-08-31 00:51:53.018 [mytransitgps-continuous-collector] WARN  c.m.persistence.service.JohorRealtimeQcAnnotator - 检测到Static Trip未匹配，feedId=rapid-bus-mrtfeeder，snapshotUid=79d6326a-0127-4512-94ce-d3c92ade36d2，vehicleId=VH1382，原始观测继续保存
2026-08-31 00:51:53.018 [mytransitgps-continuous-collector] WARN  c.m.persistence.service.JohorRealtimeQcAnnotator - 检测到Static Route未匹配，feedId=rapid-bus-mrtfeeder，snapshotUid=79d6326a-0127-4512-94ce-d3c92ade36d2，vehicleId=VH2494，原始观测继续保存
2026-08-31 00:51:53.018 [mytransitgps-continuous-collector] WARN  c.m.persistence.service.JohorRealtimeQcAnnotator - 检测到Static Trip未匹配，feedId=rapid-bus-mrtfeeder，snapshotUid=79d6326a-0127-4512-94ce-d3c92ade36d2，vehicleId=VH2494，原始观测继续保存
2026-08-31 00:51:53.018 [mytransitgps-continuous-collector] WARN  c.m.persistence.service.JohorRealtimeQcAnnotator - 检测到Static Route未匹配，feedId=rapid-bus-mrtfeeder，snapshotUid=79d6326a-0127-4512-94ce-d3c92ade36d2，vehicleId=VH4037，原始观测继续保存
2026-08-31 00:51:53.018 [mytransitgps-continuous-collector] WARN  c.m.persistence.service.JohorRealtimeQcAnnotator - 检测到Static Trip未匹配，feedId=rapid-bus-mrtfeeder，snapshotUid=79d6326a-0127-4512-94ce-d3c92ade36d2，vehicleId=VH4037，原始观测继续保存
2026-08-31 00:51:53.018 [mytransitgps-continuous-collector] WARN  c.m.persistence.service.JohorRealtimeQcAnnotator - 检测到Static Route未匹配，feedId=rapid-bus-mrtfeeder，snapshotUid=79d6326a-0127-4512-94ce-d3c92ade36d2，vehicleId=VH4086，原始观测继续保存
2026-08-31 00:51:53.018 [mytransitgps-continuous-collector] WARN  c.m.persistence.service.JohorRealtimeQcAnnotator - 检测到Static Trip未匹配，feedId=rapid-bus-mrtfeeder，snapshotUid=79d6326a-0127-4512-94ce-d3c92ade36d2，vehicleId=VH4086，原始观测继续保存
2026-08-31 00:51:53.019 [mytransitgps-continuous-collector] WARN  c.m.persistence.service.JohorRealtimeQcAnnotator - 检测到Static Route未匹配，feedId=rapid-bus-mrtfeeder，snapshotUid=79d6326a-0127-4512-94ce-d3c92ade36d2，vehicleId=VH4108，原始观测继续保存
2026-08-31 00:51:53.019 [mytransitgps-continuous-collector] WARN  c.m.persistence.service.JohorRealtimeQcAnnotator - 检测到Static Trip未匹配，feedId=rapid-bus-mrtfeeder，snapshotUid=79d6326a-0127-4512-94ce-d3c92ade36d2，vehicleId=VH4108，原始观测继续保存
2026-08-31 00:51:53.019 [mytransitgps-continuous-collector] WARN  c.m.persistence.service.JohorRealtimeQcAnnotator - 检测到Static Route未匹配，feedId=rapid-bus-mrtfeeder，snapshotUid=79d6326a-0127-4512-94ce-d3c92ade36d2，vehicleId=VH4268，原始观测继续保存
2026-08-31 00:51:53.019 [mytransitgps-continuous-collector] WARN  c.m.persistence.service.JohorRealtimeQcAnnotator - 检测到Static Trip未匹配，feedId=rapid-bus-mrtfeeder，snapshotUid=79d6326a-0127-4512-94ce-d3c92ade36d2，vehicleId=VH4268，原始观测继续保存
2026-08-31 00:51:53.019 [mytransitgps-continuous-collector] WARN  c.m.persistence.service.JohorRealtimeQcAnnotator - 检测到Static Route未匹配，feedId=rapid-bus-mrtfeeder，snapshotUid=79d6326a-0127-4512-94ce-d3c92ade36d2，vehicleId=VH4307，原始观测继续保存
2026-08-31 00:51:53.019 [mytransitgps-continuous-collector] WARN  c.m.persistence.service.JohorRealtimeQcAnnotator - 检测到Static Trip未匹配，feedId=rapid-bus-mrtfeeder，snapshotUid=79d6326a-0127-4512-94ce-d3c92ade36d2，vehicleId=VH4307，原始观测继续保存
2026-08-31 00:51:53.019 [mytransitgps-continuous-collector] WARN  c.m.persistence.service.JohorRealtimeQcAnnotator - 检测到Static Route未匹配，feedId=rapid-bus-mrtfeeder，snapshotUid=79d6326a-0127-4512-94ce-d3c92ade36d2，vehicleId=VH4318，原始观测继续保存
2026-08-31 00:51:53.019 [mytransitgps-continuous-collector] WARN  c.m.persistence.service.JohorRealtimeQcAnnotator - 检测到Static Trip未匹配，feedId=rapid-bus-mrtfeeder，snapshotUid=79d6326a-0127-4512-94ce-d3c92ade36d2，vehicleId=VH4318，原始观测继续保存
2026-08-31 00:51:53.019 [mytransitgps-continuous-collector] WARN  c.m.persistence.service.JohorRealtimeQcAnnotator - 检测到Static Route未匹配，feedId=rapid-bus-mrtfeeder，snapshotUid=79d6326a-0127-4512-94ce-d3c92ade36d2，vehicleId=VH4924，原始观测继续保存
2026-08-31 00:51:53.019 [mytransitgps-continuous-collector] WARN  c.m.persistence.service.JohorRealtimeQcAnnotator - 检测到Static Trip未匹配，feedId=rapid-bus-mrtfeeder，snapshotUid=79d6326a-0127-4512-94ce-d3c92ade36d2，vehicleId=VH4924，原始观测继续保存
2026-08-31 00:51:53.019 [mytransitgps-continuous-collector] WARN  c.m.persistence.service.JohorRealtimeQcAnnotator - 检测到Static Route未匹配，feedId=rapid-bus-mrtfeeder，snapshotUid=79d6326a-0127-4512-94ce-d3c92ade36d2，vehicleId=VH4930，原始观测继续保存
2026-08-31 00:51:53.019 [mytransitgps-continuous-collector] WARN  c.m.persistence.service.JohorRealtimeQcAnnotator - 检测到Static Trip未匹配，feedId=rapid-bus-mrtfeeder，snapshotUid=79d6326a-0127-4512-94ce-d3c92ade36d2，vehicleId=VH4930，原始观测继续保存
2026-08-31 00:51:53.019 [mytransitgps-continuous-collector] WARN  c.m.persistence.service.JohorRealtimeQcAnnotator - 检测到Static Route未匹配，feedId=rapid-bus-mrtfeeder，snapshotUid=79d6326a-0127-4512-94ce-d3c92ade36d2，vehicleId=VH4985，原始观测继续保存
2026-08-31 00:51:53.020 [mytransitgps-continuous-collector] WARN  c.m.persistence.service.JohorRealtimeQcAnnotator - 检测到Static Trip未匹配，feedId=rapid-bus-mrtfeeder，snapshotUid=79d6326a-0127-4512-94ce-d3c92ade36d2，vehicleId=VH4985，原始观测继续保存
2026-08-31 00:51:53.020 [mytransitgps-continuous-collector] WARN  c.m.persistence.service.JohorRealtimeQcAnnotator - 检测到Static Route未匹配，feedId=rapid-bus-mrtfeeder，snapshotUid=79d6326a-0127-4512-94ce-d3c92ade36d2，vehicleId=VK2684，原始观测继续保存
2026-08-31 00:51:53.020 [mytransitgps-continuous-collector] WARN  c.m.persistence.service.JohorRealtimeQcAnnotator - 检测到Static Trip未匹配，feedId=rapid-bus-mrtfeeder，snapshotUid=79d6326a-0127-4512-94ce-d3c92ade36d2，vehicleId=VK2684，原始观测继续保存
2026-08-31 00:51:53.020 [mytransitgps-continuous-collector] WARN  c.m.persistence.service.JohorRealtimeQcAnnotator - 检测到Static Route未匹配，feedId=rapid-bus-mrtfeeder，snapshotUid=79d6326a-0127-4512-94ce-d3c92ade36d2，vehicleId=VK6475，原始观测继续保存
2026-08-31 00:51:53.020 [mytransitgps-continuous-collector] WARN  c.m.persistence.service.JohorRealtimeQcAnnotator - 检测到Static Trip未匹配，feedId=rapid-bus-mrtfeeder，snapshotUid=79d6326a-0127-4512-94ce-d3c92ade36d2，vehicleId=VK6475，原始观测继续保存
2026-08-31 00:53:04.983 [mytransitgps-continuous-collector] WARN  c.m.gtfs.service.RealtimeStaticEnrichmentService - Realtime Static补全存在未匹配项，城市=Kuching，feedId=mybas-kuching，routeUnresolved=1，tripUnmatched=1，原始Realtime实体继续保留
2026-08-31 00:53:04.983 [mytransitgps-continuous-collector] WARN  c.m.persistence.service.JohorRealtimeQcAnnotator - 检测到Static Route未匹配，feedId=mybas-kuching，snapshotUid=8348919d-5642-480c-8063-be3f05f6c250，vehicleId=MADANI2160，原始观测继续保存
2026-08-31 00:53:04.983 [mytransitgps-continuous-collector] WARN  c.m.persistence.service.JohorRealtimeQcAnnotator - 检测到Static Trip未匹配，feedId=mybas-kuching，snapshotUid=8348919d-5642-480c-8063-be3f05f6c250，vehicleId=MADANI2160，原始观测继续保存
2026-08-31 00:53:29.022 [mytransitgps-continuous-collector] WARN  c.m.gtfs.service.RealtimeStaticEnrichmentService - Realtime Static补全存在未匹配项，城市=Kuala Lumpur，feedId=rapid-bus-kl，routeUnresolved=0，tripUnmatched=1，原始Realtime实体继续保留
2026-08-31 00:53:29.022 [mytransitgps-continuous-collector] WARN  c.m.persistence.service.JohorRealtimeQcAnnotator - 检测到Static Trip未匹配，feedId=rapid-bus-kl，snapshotUid=c3aadd42-2aa8-48b4-a1fd-2b69715e37a0，vehicleId=CDH8332，原始观测继续保存
2026-08-31 00:53:53.020 [mytransitgps-continuous-collector] WARN  c.m.gtfs.service.RealtimeStaticEnrichmentService - Realtime Static补全存在未匹配项，城市=Kuala Lumpur，feedId=rapid-bus-mrtfeeder，routeUnresolved=26，tripUnmatched=26，原始Realtime实体继续保留
2026-08-31 00:53:53.020 [mytransitgps-continuous-collector] WARN  c.m.persistence.service.JohorRealtimeQcAnnotator - 检测到Static Route未匹配，feedId=rapid-bus-mrtfeeder，snapshotUid=8bfbbe33-085e-499f-981f-098cf278e021，vehicleId=VAE7593，原始观测继续保存
2026-08-31 00:53:53.020 [mytransitgps-continuous-collector] WARN  c.m.persistence.service.JohorRealtimeQcAnnotator - 检测到Static Trip未匹配，feedId=rapid-bus-mrtfeeder，snapshotUid=8bfbbe33-085e-499f-981f-098cf278e021，vehicleId=VAE7593，原始观测继续保存
2026-08-31 00:53:53.020 [mytransitgps-continuous-collector] WARN  c.m.persistence.service.JohorRealtimeQcAnnotator - 检测到Static Route未匹配，feedId=rapid-bus-mrtfeeder，snapshotUid=8bfbbe33-085e-499f-981f-098cf278e021，vehicleId=VAF5439，原始观测继续保存
2026-08-31 00:53:53.020 [mytransitgps-continuous-collector] WARN  c.m.persistence.service.JohorRealtimeQcAnnotator - 检测到Static Trip未匹配，feedId=rapid-bus-mrtfeeder，snapshotUid=8bfbbe33-085e-499f-981f-098cf278e021，vehicleId=VAF5439，原始观测继续保存
2026-08-31 00:53:53.020 [mytransitgps-continuous-collector] WARN  c.m.persistence.service.JohorRealtimeQcAnnotator - 检测到Static Route未匹配，feedId=rapid-bus-mrtfeeder，snapshotUid=8bfbbe33-085e-499f-981f-098cf278e021，vehicleId=VAF5480，原始观测继续保存
2026-08-31 00:53:53.021 [mytransitgps-continuous-collector] WARN  c.m.persistence.service.JohorRealtimeQcAnnotator - 检测到Static Trip未匹配，feedId=rapid-bus-mrtfeeder，snapshotUid=8bfbbe33-085e-499f-981f-098cf278e021，vehicleId=VAF5480，原始观测继续保存
2026-08-31 00:53:53.021 [mytransitgps-continuous-collector] WARN  c.m.persistence.service.JohorRealtimeQcAnnotator - 检测到Static Route未匹配，feedId=rapid-bus-mrtfeeder，snapshotUid=8bfbbe33-085e-499f-981f-098cf278e021，vehicleId=VAG4725，原始观测继续保存
2026-08-31 00:53:53.021 [mytransitgps-continuous-collector] WARN  c.m.persistence.service.JohorRealtimeQcAnnotator - 检测到Static Trip未匹配，feedId=rapid-bus-mrtfeeder，snapshotUid=8bfbbe33-085e-499f-981f-098cf278e021，vehicleId=VAG4725，原始观测继续保存
2026-08-31 00:53:53.021 [mytransitgps-continuous-collector] WARN  c.m.persistence.service.JohorRealtimeQcAnnotator - 检测到Static Route未匹配，feedId=rapid-bus-mrtfeeder，snapshotUid=8bfbbe33-085e-499f-981f-098cf278e021，vehicleId=VAG4871，原始观测继续保存
2026-08-31 00:53:53.021 [mytransitgps-continuous-collector] WARN  c.m.persistence.service.JohorRealtimeQcAnnotator - 检测到Static Trip未匹配，feedId=rapid-bus-mrtfeeder，snapshotUid=8bfbbe33-085e-499f-981f-098cf278e021，vehicleId=VAG4871，原始观测继续保存
2026-08-31 00:53:53.022 [mytransitgps-continuous-collector] WARN  c.m.persistence.service.JohorRealtimeQcAnnotator - 检测到Static Route未匹配，feedId=rapid-bus-mrtfeeder，snapshotUid=8bfbbe33-085e-499f-981f-098cf278e021，vehicleId=VAG8049，原始观测继续保存
2026-08-31 00:53:53.022 [mytransitgps-continuous-collector] WARN  c.m.persistence.service.JohorRealtimeQcAnnotator - 检测到Static Trip未匹配，feedId=rapid-bus-mrtfeeder，snapshotUid=8bfbbe33-085e-499f-981f-098cf278e021，vehicleId=VAG8049，原始观测继续保存
2026-08-31 00:53:53.022 [mytransitgps-continuous-collector] WARN  c.m.persistence.service.JohorRealtimeQcAnnotator - 检测到Static Route未匹配，feedId=rapid-bus-mrtfeeder，snapshotUid=8bfbbe33-085e-499f-981f-098cf278e021，vehicleId=VAG8054，原始观测继续保存
2026-08-31 00:53:53.022 [mytransitgps-continuous-collector] WARN  c.m.persistence.service.JohorRealtimeQcAnnotator - 检测到Static Trip未匹配，feedId=rapid-bus-mrtfeeder，snapshotUid=8bfbbe33-085e-499f-981f-098cf278e021，vehicleId=VAG8054，原始观测继续保存
2026-08-31 00:53:53.022 [mytransitgps-continuous-collector] WARN  c.m.persistence.service.JohorRealtimeQcAnnotator - 检测到Static Route未匹配，feedId=rapid-bus-mrtfeeder，snapshotUid=8bfbbe33-085e-499f-981f-098cf278e021，vehicleId=VAG8541，原始观测继续保存
2026-08-31 00:53:53.022 [mytransitgps-continuous-collector] WARN  c.m.persistence.service.JohorRealtimeQcAnnotator - 检测到Static Trip未匹配，feedId=rapid-bus-mrtfeeder，snapshotUid=8bfbbe33-085e-499f-981f-098cf278e021，vehicleId=VAG8541，原始观测继续保存
2026-08-31 00:53:53.022 [mytransitgps-continuous-collector] WARN  c.m.persistence.service.JohorRealtimeQcAnnotator - 检测到Static Route未匹配，feedId=rapid-bus-mrtfeeder，snapshotUid=8bfbbe33-085e-499f-981f-098cf278e021，vehicleId=VAK1014，原始观测继续保存
2026-08-31 00:53:53.022 [mytransitgps-continuous-collector] WARN  c.m.persistence.service.JohorRealtimeQcAnnotator - 检测到Static Trip未匹配，feedId=rapid-bus-mrtfeeder，snapshotUid=8bfbbe33-085e-499f-981f-098cf278e021，vehicleId=VAK1014，原始观测继续保存
2026-08-31 00:53:53.022 [mytransitgps-continuous-collector] WARN  c.m.persistence.service.JohorRealtimeQcAnnotator - 检测到Static Route未匹配，feedId=rapid-bus-mrtfeeder，snapshotUid=8bfbbe33-085e-499f-981f-098cf278e021，vehicleId=VAL4552，原始观测继续保存
2026-08-31 00:53:53.023 [mytransitgps-continuous-collector] WARN  c.m.persistence.service.JohorRealtimeQcAnnotator - 检测到Static Trip未匹配，feedId=rapid-bus-mrtfeeder，snapshotUid=8bfbbe33-085e-499f-981f-098cf278e021，vehicleId=VAL4552，原始观测继续保存
2026-08-31 00:53:53.023 [mytransitgps-continuous-collector] WARN  c.m.persistence.service.JohorRealtimeQcAnnotator - 检测到Future Timestamp，feedId=rapid-bus-mrtfeeder，snapshotUid=8bfbbe33-085e-499f-981f-098cf278e021，vehicleId=VAL4552，vehicleTime=1886017556，原始时间戳继续保存
2026-08-31 00:53:53.023 [mytransitgps-continuous-collector] WARN  c.m.persistence.service.JohorRealtimeQcAnnotator - 检测到Static Route未匹配，feedId=rapid-bus-mrtfeeder，snapshotUid=8bfbbe33-085e-499f-981f-098cf278e021，vehicleId=VG6491，原始观测继续保存
2026-08-31 00:53:53.023 [mytransitgps-continuous-collector] WARN  c.m.persistence.service.JohorRealtimeQcAnnotator - 检测到Static Trip未匹配，feedId=rapid-bus-mrtfeeder，snapshotUid=8bfbbe33-085e-499f-981f-098cf278e021，vehicleId=VG6491，原始观测继续保存
2026-08-31 00:53:53.023 [mytransitgps-continuous-collector] WARN  c.m.persistence.service.JohorRealtimeQcAnnotator - 检测到Static Route未匹配，feedId=rapid-bus-mrtfeeder，snapshotUid=8bfbbe33-085e-499f-981f-098cf278e021，vehicleId=VG8591，原始观测继续保存
2026-08-31 00:53:53.023 [mytransitgps-continuous-collector] WARN  c.m.persistence.service.JohorRealtimeQcAnnotator - 检测到Static Trip未匹配，feedId=rapid-bus-mrtfeeder，snapshotUid=8bfbbe33-085e-499f-981f-098cf278e021，vehicleId=VG8591，原始观测继续保存
2026-08-31 00:53:53.023 [mytransitgps-continuous-collector] WARN  c.m.persistence.service.JohorRealtimeQcAnnotator - 检测到Static Route未匹配，feedId=rapid-bus-mrtfeeder，snapshotUid=8bfbbe33-085e-499f-981f-098cf278e021，vehicleId=VG8742，原始观测继续保存
2026-08-31 00:53:53.023 [mytransitgps-continuous-collector] WARN  c.m.persistence.service.JohorRealtimeQcAnnotator - 检测到Static Trip未匹配，feedId=rapid-bus-mrtfeeder，snapshotUid=8bfbbe33-085e-499f-981f-098cf278e021，vehicleId=VG8742，原始观测继续保存
2026-08-31 00:53:53.023 [mytransitgps-continuous-collector] WARN  c.m.persistence.service.JohorRealtimeQcAnnotator - 检测到Static Route未匹配，feedId=rapid-bus-mrtfeeder，snapshotUid=8bfbbe33-085e-499f-981f-098cf278e021，vehicleId=VG8934，原始观测继续保存
2026-08-31 00:53:53.023 [mytransitgps-continuous-collector] WARN  c.m.persistence.service.JohorRealtimeQcAnnotator - 检测到Static Trip未匹配，feedId=rapid-bus-mrtfeeder，snapshotUid=8bfbbe33-085e-499f-981f-098cf278e021，vehicleId=VG8934，原始观测继续保存
2026-08-31 00:53:53.023 [mytransitgps-continuous-collector] WARN  c.m.persistence.service.JohorRealtimeQcAnnotator - 检测到Static Route未匹配，feedId=rapid-bus-mrtfeeder，snapshotUid=8bfbbe33-085e-499f-981f-098cf278e021，vehicleId=VH1382，原始观测继续保存
2026-08-31 00:53:53.024 [mytransitgps-continuous-collector] WARN  c.m.persistence.service.JohorRealtimeQcAnnotator - 检测到Static Trip未匹配，feedId=rapid-bus-mrtfeeder，snapshotUid=8bfbbe33-085e-499f-981f-098cf278e021，vehicleId=VH1382，原始观测继续保存
2026-08-31 00:53:53.024 [mytransitgps-continuous-collector] WARN  c.m.persistence.service.JohorRealtimeQcAnnotator - 检测到Static Route未匹配，feedId=rapid-bus-mrtfeeder，snapshotUid=8bfbbe33-085e-499f-981f-098cf278e021，vehicleId=VH2494，原始观测继续保存
2026-08-31 00:53:53.024 [mytransitgps-continuous-collector] WARN  c.m.persistence.service.JohorRealtimeQcAnnotator - 检测到Static Trip未匹配，feedId=rapid-bus-mrtfeeder，snapshotUid=8bfbbe33-085e-499f-981f-098cf278e021，vehicleId=VH2494，原始观测继续保存
2026-08-31 00:53:53.024 [mytransitgps-continuous-collector] WARN  c.m.persistence.service.JohorRealtimeQcAnnotator - 检测到Static Route未匹配，feedId=rapid-bus-mrtfeeder，snapshotUid=8bfbbe33-085e-499f-981f-098cf278e021，vehicleId=VH4037，原始观测继续保存
2026-08-31 00:53:53.024 [mytransitgps-continuous-collector] WARN  c.m.persistence.service.JohorRealtimeQcAnnotator - 检测到Static Trip未匹配，feedId=rapid-bus-mrtfeeder，snapshotUid=8bfbbe33-085e-499f-981f-098cf278e021，vehicleId=VH4037，原始观测继续保存
2026-08-31 00:53:53.024 [mytransitgps-continuous-collector] WARN  c.m.persistence.service.JohorRealtimeQcAnnotator - 检测到Static Route未匹配，feedId=rapid-bus-mrtfeeder，snapshotUid=8bfbbe33-085e-499f-981f-098cf278e021，vehicleId=VH4108，原始观测继续保存
2026-08-31 00:53:53.024 [mytransitgps-continuous-collector] WARN  c.m.persistence.service.JohorRealtimeQcAnnotator - 检测到Static Trip未匹配，feedId=rapid-bus-mrtfeeder，snapshotUid=8bfbbe33-085e-499f-981f-098cf278e021，vehicleId=VH4108，原始观测继续保存
2026-08-31 00:53:53.024 [mytransitgps-continuous-collector] WARN  c.m.persistence.service.JohorRealtimeQcAnnotator - 检测到Static Route未匹配，feedId=rapid-bus-mrtfeeder，snapshotUid=8bfbbe33-085e-499f-981f-098cf278e021，vehicleId=VH4268，原始观测继续保存
2026-08-31 00:53:53.024 [mytransitgps-continuous-collector] WARN  c.m.persistence.service.JohorRealtimeQcAnnotator - 检测到Static Trip未匹配，feedId=rapid-bus-mrtfeeder，snapshotUid=8bfbbe33-085e-499f-981f-098cf278e021，vehicleId=VH4268，原始观测继续保存
2026-08-31 00:53:53.025 [mytransitgps-continuous-collector] WARN  c.m.persistence.service.JohorRealtimeQcAnnotator - 检测到Static Route未匹配，feedId=rapid-bus-mrtfeeder，snapshotUid=8bfbbe33-085e-499f-981f-098cf278e021，vehicleId=VH4307，原始观测继续保存
2026-08-31 00:53:53.025 [mytransitgps-continuous-collector] WARN  c.m.persistence.service.JohorRealtimeQcAnnotator - 检测到Static Trip未匹配，feedId=rapid-bus-mrtfeeder，snapshotUid=8bfbbe33-085e-499f-981f-098cf278e021，vehicleId=VH4307，原始观测继续保存
2026-08-31 00:53:53.025 [mytransitgps-continuous-collector] WARN  c.m.persistence.service.JohorRealtimeQcAnnotator - 检测到Static Route未匹配，feedId=rapid-bus-mrtfeeder，snapshotUid=8bfbbe33-085e-499f-981f-098cf278e021，vehicleId=VH4924，原始观测继续保存
2026-08-31 00:53:53.025 [mytransitgps-continuous-collector] WARN  c.m.persistence.service.JohorRealtimeQcAnnotator - 检测到Static Trip未匹配，feedId=rapid-bus-mrtfeeder，snapshotUid=8bfbbe33-085e-499f-981f-098cf278e021，vehicleId=VH4924，原始观测继续保存
2026-08-31 00:53:53.025 [mytransitgps-continuous-collector] WARN  c.m.persistence.service.JohorRealtimeQcAnnotator - 检测到Static Route未匹配，feedId=rapid-bus-mrtfeeder，snapshotUid=8bfbbe33-085e-499f-981f-098cf278e021，vehicleId=VH4930，原始观测继续保存
2026-08-31 00:53:53.025 [mytransitgps-continuous-collector] WARN  c.m.persistence.service.JohorRealtimeQcAnnotator - 检测到Static Trip未匹配，feedId=rapid-bus-mrtfeeder，snapshotUid=8bfbbe33-085e-499f-981f-098cf278e021，vehicleId=VH4930，原始观测继续保存
2026-08-31 00:53:53.025 [mytransitgps-continuous-collector] WARN  c.m.persistence.service.JohorRealtimeQcAnnotator - 检测到Static Route未匹配，feedId=rapid-bus-mrtfeeder，snapshotUid=8bfbbe33-085e-499f-981f-098cf278e021，vehicleId=VH4985，原始观测继续保存
2026-08-31 00:53:53.025 [mytransitgps-continuous-collector] WARN  c.m.persistence.service.JohorRealtimeQcAnnotator - 检测到Static Trip未匹配，feedId=rapid-bus-mrtfeeder，snapshotUid=8bfbbe33-085e-499f-981f-098cf278e021，vehicleId=VH4985，原始观测继续保存
2026-08-31 00:53:53.025 [mytransitgps-continuous-collector] WARN  c.m.persistence.service.JohorRealtimeQcAnnotator - 检测到Static Route未匹配，feedId=rapid-bus-mrtfeeder，snapshotUid=8bfbbe33-085e-499f-981f-098cf278e021，vehicleId=VK2684，原始观测继续保存
2026-08-31 00:53:53.025 [mytransitgps-continuous-collector] WARN  c.m.persistence.service.JohorRealtimeQcAnnotator - 检测到Static Trip未匹配，feedId=rapid-bus-mrtfeeder，snapshotUid=8bfbbe33-085e-499f-981f-098cf278e021，vehicleId=VK2684，原始观测继续保存
2026-08-31 00:53:53.026 [mytransitgps-continuous-collector] WARN  c.m.persistence.service.JohorRealtimeQcAnnotator - 检测到Static Route未匹配，feedId=rapid-bus-mrtfeeder，snapshotUid=8bfbbe33-085e-499f-981f-098cf278e021，vehicleId=VK6475，原始观测继续保存
2026-08-31 00:53:53.026 [mytransitgps-continuous-collector] WARN  c.m.persistence.service.JohorRealtimeQcAnnotator - 检测到Static Trip未匹配，feedId=rapid-bus-mrtfeeder，snapshotUid=8bfbbe33-085e-499f-981f-098cf278e021，vehicleId=VK6475，原始观测继续保存
2026-08-31 00:53:53.026 [mytransitgps-continuous-collector] WARN  c.m.persistence.service.JohorRealtimeQcAnnotator - 检测到Static Route未匹配，feedId=rapid-bus-mrtfeeder，snapshotUid=8bfbbe33-085e-499f-981f-098cf278e021，vehicleId=VM1879，原始观测继续保存
2026-08-31 00:53:53.026 [mytransitgps-continuous-collector] WARN  c.m.persistence.service.JohorRealtimeQcAnnotator - 检测到Static Trip未匹配，feedId=rapid-bus-mrtfeeder，snapshotUid=8bfbbe33-085e-499f-981f-098cf278e021，vehicleId=VM1879，原始观测继续保存
2026-08-31 00:55:04.994 [mytransitgps-continuous-collector] WARN  c.m.gtfs.service.RealtimeStaticEnrichmentService - Realtime Static补全存在未匹配项，城市=Kuching，feedId=mybas-kuching，routeUnresolved=1，tripUnmatched=1，原始Realtime实体继续保留
2026-08-31 00:55:04.994 [mytransitgps-continuous-collector] WARN  c.m.persistence.service.JohorRealtimeQcAnnotator - 检测到Static Route未匹配，feedId=mybas-kuching，snapshotUid=3b1c09ba-dc29-471d-85a1-21222c30beb7，vehicleId=MADANI2160，原始观测继续保存
2026-08-31 00:55:04.995 [mytransitgps-continuous-collector] WARN  c.m.persistence.service.JohorRealtimeQcAnnotator - 检测到Static Trip未匹配，feedId=mybas-kuching，snapshotUid=3b1c09ba-dc29-471d-85a1-21222c30beb7，vehicleId=MADANI2160，原始观测继续保存
2026-08-31 00:55:29.007 [mytransitgps-continuous-collector] WARN  c.m.gtfs.service.RealtimeStaticEnrichmentService - Realtime Static补全存在未匹配项，城市=Kuala Lumpur，feedId=rapid-bus-kl，routeUnresolved=0，tripUnmatched=1，原始Realtime实体继续保留
2026-08-31 00:55:29.007 [mytransitgps-continuous-collector] WARN  c.m.persistence.service.JohorRealtimeQcAnnotator - 检测到Static Trip未匹配，feedId=rapid-bus-kl，snapshotUid=ade699c4-d2c2-4a44-b805-a9448ebca247，vehicleId=CDH8332，原始观测继续保存
2026-08-31 00:55:53.015 [mytransitgps-continuous-collector] WARN  c.m.gtfs.service.RealtimeStaticEnrichmentService - Realtime Static补全存在未匹配项，城市=Kuala Lumpur，feedId=rapid-bus-mrtfeeder，routeUnresolved=26，tripUnmatched=26，原始Realtime实体继续保留
2026-08-31 00:55:53.015 [mytransitgps-continuous-collector] WARN  c.m.persistence.service.JohorRealtimeQcAnnotator - 检测到Static Route未匹配，feedId=rapid-bus-mrtfeeder，snapshotUid=2c27fab9-7426-4378-aa45-47d51092a83a，vehicleId=VAE7593，原始观测继续保存
2026-08-31 00:55:53.015 [mytransitgps-continuous-collector] WARN  c.m.persistence.service.JohorRealtimeQcAnnotator - 检测到Static Trip未匹配，feedId=rapid-bus-mrtfeeder，snapshotUid=2c27fab9-7426-4378-aa45-47d51092a83a，vehicleId=VAE7593，原始观测继续保存
2026-08-31 00:55:53.016 [mytransitgps-continuous-collector] WARN  c.m.persistence.service.JohorRealtimeQcAnnotator - 检测到Static Route未匹配，feedId=rapid-bus-mrtfeeder，snapshotUid=2c27fab9-7426-4378-aa45-47d51092a83a，vehicleId=VAF5439，原始观测继续保存
2026-08-31 00:55:53.016 [mytransitgps-continuous-collector] WARN  c.m.persistence.service.JohorRealtimeQcAnnotator - 检测到Static Trip未匹配，feedId=rapid-bus-mrtfeeder，snapshotUid=2c27fab9-7426-4378-aa45-47d51092a83a，vehicleId=VAF5439，原始观测继续保存
2026-08-31 00:55:53.016 [mytransitgps-continuous-collector] WARN  c.m.persistence.service.JohorRealtimeQcAnnotator - 检测到Static Route未匹配，feedId=rapid-bus-mrtfeeder，snapshotUid=2c27fab9-7426-4378-aa45-47d51092a83a，vehicleId=VAF5480，原始观测继续保存
2026-08-31 00:55:53.016 [mytransitgps-continuous-collector] WARN  c.m.persistence.service.JohorRealtimeQcAnnotator - 检测到Static Trip未匹配，feedId=rapid-bus-mrtfeeder，snapshotUid=2c27fab9-7426-4378-aa45-47d51092a83a，vehicleId=VAF5480，原始观测继续保存
2026-08-31 00:55:53.016 [mytransitgps-continuous-collector] WARN  c.m.persistence.service.JohorRealtimeQcAnnotator - 检测到Static Route未匹配，feedId=rapid-bus-mrtfeeder，snapshotUid=2c27fab9-7426-4378-aa45-47d51092a83a，vehicleId=VAG4725，原始观测继续保存
2026-08-31 00:55:53.017 [mytransitgps-continuous-collector] WARN  c.m.persistence.service.JohorRealtimeQcAnnotator - 检测到Static Trip未匹配，feedId=rapid-bus-mrtfeeder，snapshotUid=2c27fab9-7426-4378-aa45-47d51092a83a，vehicleId=VAG4725，原始观测继续保存
2026-08-31 00:55:53.017 [mytransitgps-continuous-collector] WARN  c.m.persistence.service.JohorRealtimeQcAnnotator - 检测到Static Route未匹配，feedId=rapid-bus-mrtfeeder，snapshotUid=2c27fab9-7426-4378-aa45-47d51092a83a，vehicleId=VAG4871，原始观测继续保存
2026-08-31 00:55:53.017 [mytransitgps-continuous-collector] WARN  c.m.persistence.service.JohorRealtimeQcAnnotator - 检测到Static Trip未匹配，feedId=rapid-bus-mrtfeeder，snapshotUid=2c27fab9-7426-4378-aa45-47d51092a83a，vehicleId=VAG4871，原始观测继续保存
2026-08-31 00:55:53.017 [mytransitgps-continuous-collector] WARN  c.m.persistence.service.JohorRealtimeQcAnnotator - 检测到Static Route未匹配，feedId=rapid-bus-mrtfeeder，snapshotUid=2c27fab9-7426-4378-aa45-47d51092a83a，vehicleId=VAG8049，原始观测继续保存
2026-08-31 00:55:53.017 [mytransitgps-continuous-collector] WARN  c.m.persistence.service.JohorRealtimeQcAnnotator - 检测到Static Trip未匹配，feedId=rapid-bus-mrtfeeder，snapshotUid=2c27fab9-7426-4378-aa45-47d51092a83a，vehicleId=VAG8049，原始观测继续保存
2026-08-31 00:55:53.017 [mytransitgps-continuous-collector] WARN  c.m.persistence.service.JohorRealtimeQcAnnotator - 检测到Static Route未匹配，feedId=rapid-bus-mrtfeeder，snapshotUid=2c27fab9-7426-4378-aa45-47d51092a83a，vehicleId=VAG8054，原始观测继续保存
2026-08-31 00:55:53.017 [mytransitgps-continuous-collector] WARN  c.m.persistence.service.JohorRealtimeQcAnnotator - 检测到Static Trip未匹配，feedId=rapid-bus-mrtfeeder，snapshotUid=2c27fab9-7426-4378-aa45-47d51092a83a，vehicleId=VAG8054，原始观测继续保存
2026-08-31 00:55:53.017 [mytransitgps-continuous-collector] WARN  c.m.persistence.service.JohorRealtimeQcAnnotator - 检测到Static Route未匹配，feedId=rapid-bus-mrtfeeder，snapshotUid=2c27fab9-7426-4378-aa45-47d51092a83a，vehicleId=VAG8541，原始观测继续保存
2026-08-31 00:55:53.017 [mytransitgps-continuous-collector] WARN  c.m.persistence.service.JohorRealtimeQcAnnotator - 检测到Static Trip未匹配，feedId=rapid-bus-mrtfeeder，snapshotUid=2c27fab9-7426-4378-aa45-47d51092a83a，vehicleId=VAG8541，原始观测继续保存
2026-08-31 00:55:53.017 [mytransitgps-continuous-collector] WARN  c.m.persistence.service.JohorRealtimeQcAnnotator - 检测到Static Route未匹配，feedId=rapid-bus-mrtfeeder，snapshotUid=2c27fab9-7426-4378-aa45-47d51092a83a，vehicleId=VAK1014，原始观测继续保存
2026-08-31 00:55:53.018 [mytransitgps-continuous-collector] WARN  c.m.persistence.service.JohorRealtimeQcAnnotator - 检测到Static Trip未匹配，feedId=rapid-bus-mrtfeeder，snapshotUid=2c27fab9-7426-4378-aa45-47d51092a83a，vehicleId=VAK1014，原始观测继续保存
2026-08-31 00:55:53.018 [mytransitgps-continuous-collector] WARN  c.m.persistence.service.JohorRealtimeQcAnnotator - 检测到Static Route未匹配，feedId=rapid-bus-mrtfeeder，snapshotUid=2c27fab9-7426-4378-aa45-47d51092a83a，vehicleId=VAL4552，原始观测继续保存
2026-08-31 00:55:53.018 [mytransitgps-continuous-collector] WARN  c.m.persistence.service.JohorRealtimeQcAnnotator - 检测到Static Trip未匹配，feedId=rapid-bus-mrtfeeder，snapshotUid=2c27fab9-7426-4378-aa45-47d51092a83a，vehicleId=VAL4552，原始观测继续保存
2026-08-31 00:55:53.018 [mytransitgps-continuous-collector] WARN  c.m.persistence.service.JohorRealtimeQcAnnotator - 检测到Future Timestamp，feedId=rapid-bus-mrtfeeder，snapshotUid=2c27fab9-7426-4378-aa45-47d51092a83a，vehicleId=VAL4552，vehicleTime=1886017556，原始时间戳继续保存
2026-08-31 00:55:53.018 [mytransitgps-continuous-collector] WARN  c.m.persistence.service.JohorRealtimeQcAnnotator - 检测到Static Route未匹配，feedId=rapid-bus-mrtfeeder，snapshotUid=2c27fab9-7426-4378-aa45-47d51092a83a，vehicleId=VG6491，原始观测继续保存
2026-08-31 00:55:53.018 [mytransitgps-continuous-collector] WARN  c.m.persistence.service.JohorRealtimeQcAnnotator - 检测到Static Trip未匹配，feedId=rapid-bus-mrtfeeder，snapshotUid=2c27fab9-7426-4378-aa45-47d51092a83a，vehicleId=VG6491，原始观测继续保存
2026-08-31 00:55:53.018 [mytransitgps-continuous-collector] WARN  c.m.persistence.service.JohorRealtimeQcAnnotator - 检测到Static Route未匹配，feedId=rapid-bus-mrtfeeder，snapshotUid=2c27fab9-7426-4378-aa45-47d51092a83a，vehicleId=VG8591，原始观测继续保存
2026-08-31 00:55:53.018 [mytransitgps-continuous-collector] WARN  c.m.persistence.service.JohorRealtimeQcAnnotator - 检测到Static Trip未匹配，feedId=rapid-bus-mrtfeeder，snapshotUid=2c27fab9-7426-4378-aa45-47d51092a83a，vehicleId=VG8591，原始观测继续保存
2026-08-31 00:55:53.018 [mytransitgps-continuous-collector] WARN  c.m.persistence.service.JohorRealtimeQcAnnotator - 检测到Static Route未匹配，feedId=rapid-bus-mrtfeeder，snapshotUid=2c27fab9-7426-4378-aa45-47d51092a83a，vehicleId=VG8742，原始观测继续保存
2026-08-31 00:55:53.018 [mytransitgps-continuous-collector] WARN  c.m.persistence.service.JohorRealtimeQcAnnotator - 检测到Static Trip未匹配，feedId=rapid-bus-mrtfeeder，snapshotUid=2c27fab9-7426-4378-aa45-47d51092a83a，vehicleId=VG8742，原始观测继续保存
2026-08-31 00:55:53.019 [mytransitgps-continuous-collector] WARN  c.m.persistence.service.JohorRealtimeQcAnnotator - 检测到Static Route未匹配，feedId=rapid-bus-mrtfeeder，snapshotUid=2c27fab9-7426-4378-aa45-47d51092a83a，vehicleId=VH1382，原始观测继续保存
2026-08-31 00:55:53.019 [mytransitgps-continuous-collector] WARN  c.m.persistence.service.JohorRealtimeQcAnnotator - 检测到Static Trip未匹配，feedId=rapid-bus-mrtfeeder，snapshotUid=2c27fab9-7426-4378-aa45-47d51092a83a，vehicleId=VH1382，原始观测继续保存
2026-08-31 00:55:53.019 [mytransitgps-continuous-collector] WARN  c.m.persistence.service.JohorRealtimeQcAnnotator - 检测到Static Route未匹配，feedId=rapid-bus-mrtfeeder，snapshotUid=2c27fab9-7426-4378-aa45-47d51092a83a，vehicleId=VH2049，原始观测继续保存
2026-08-31 00:55:53.019 [mytransitgps-continuous-collector] WARN  c.m.persistence.service.JohorRealtimeQcAnnotator - 检测到Static Trip未匹配，feedId=rapid-bus-mrtfeeder，snapshotUid=2c27fab9-7426-4378-aa45-47d51092a83a，vehicleId=VH2049，原始观测继续保存
2026-08-31 00:55:53.019 [mytransitgps-continuous-collector] WARN  c.m.persistence.service.JohorRealtimeQcAnnotator - 检测到Static Route未匹配，feedId=rapid-bus-mrtfeeder，snapshotUid=2c27fab9-7426-4378-aa45-47d51092a83a，vehicleId=VH2494，原始观测继续保存
2026-08-31 00:55:53.019 [mytransitgps-continuous-collector] WARN  c.m.persistence.service.JohorRealtimeQcAnnotator - 检测到Static Trip未匹配，feedId=rapid-bus-mrtfeeder，snapshotUid=2c27fab9-7426-4378-aa45-47d51092a83a，vehicleId=VH2494，原始观测继续保存
2026-08-31 00:55:53.019 [mytransitgps-continuous-collector] WARN  c.m.persistence.service.JohorRealtimeQcAnnotator - 检测到Static Route未匹配，feedId=rapid-bus-mrtfeeder，snapshotUid=2c27fab9-7426-4378-aa45-47d51092a83a，vehicleId=VH4037，原始观测继续保存
2026-08-31 00:55:53.019 [mytransitgps-continuous-collector] WARN  c.m.persistence.service.JohorRealtimeQcAnnotator - 检测到Static Trip未匹配，feedId=rapid-bus-mrtfeeder，snapshotUid=2c27fab9-7426-4378-aa45-47d51092a83a，vehicleId=VH4037，原始观测继续保存
2026-08-31 00:55:53.019 [mytransitgps-continuous-collector] WARN  c.m.persistence.service.JohorRealtimeQcAnnotator - 检测到Static Route未匹配，feedId=rapid-bus-mrtfeeder，snapshotUid=2c27fab9-7426-4378-aa45-47d51092a83a，vehicleId=VH4108，原始观测继续保存
2026-08-31 00:55:53.019 [mytransitgps-continuous-collector] WARN  c.m.persistence.service.JohorRealtimeQcAnnotator - 检测到Static Trip未匹配，feedId=rapid-bus-mrtfeeder，snapshotUid=2c27fab9-7426-4378-aa45-47d51092a83a，vehicleId=VH4108，原始观测继续保存
2026-08-31 00:55:53.020 [mytransitgps-continuous-collector] WARN  c.m.persistence.service.JohorRealtimeQcAnnotator - 检测到Static Route未匹配，feedId=rapid-bus-mrtfeeder，snapshotUid=2c27fab9-7426-4378-aa45-47d51092a83a，vehicleId=VH4268，原始观测继续保存
2026-08-31 00:55:53.020 [mytransitgps-continuous-collector] WARN  c.m.persistence.service.JohorRealtimeQcAnnotator - 检测到Static Trip未匹配，feedId=rapid-bus-mrtfeeder，snapshotUid=2c27fab9-7426-4378-aa45-47d51092a83a，vehicleId=VH4268，原始观测继续保存
2026-08-31 00:55:53.020 [mytransitgps-continuous-collector] WARN  c.m.persistence.service.JohorRealtimeQcAnnotator - 检测到Static Route未匹配，feedId=rapid-bus-mrtfeeder，snapshotUid=2c27fab9-7426-4378-aa45-47d51092a83a，vehicleId=VH4307，原始观测继续保存
2026-08-31 00:55:53.020 [mytransitgps-continuous-collector] WARN  c.m.persistence.service.JohorRealtimeQcAnnotator - 检测到Static Trip未匹配，feedId=rapid-bus-mrtfeeder，snapshotUid=2c27fab9-7426-4378-aa45-47d51092a83a，vehicleId=VH4307，原始观测继续保存
2026-08-31 00:55:53.020 [mytransitgps-continuous-collector] WARN  c.m.persistence.service.JohorRealtimeQcAnnotator - 检测到Static Route未匹配，feedId=rapid-bus-mrtfeeder，snapshotUid=2c27fab9-7426-4378-aa45-47d51092a83a，vehicleId=VH4930，原始观测继续保存
2026-08-31 00:55:53.020 [mytransitgps-continuous-collector] WARN  c.m.persistence.service.JohorRealtimeQcAnnotator - 检测到Static Trip未匹配，feedId=rapid-bus-mrtfeeder，snapshotUid=2c27fab9-7426-4378-aa45-47d51092a83a，vehicleId=VH4930，原始观测继续保存
2026-08-31 00:55:53.020 [mytransitgps-continuous-collector] WARN  c.m.persistence.service.JohorRealtimeQcAnnotator - 检测到Static Route未匹配，feedId=rapid-bus-mrtfeeder，snapshotUid=2c27fab9-7426-4378-aa45-47d51092a83a，vehicleId=VH4985，原始观测继续保存
2026-08-31 00:55:53.020 [mytransitgps-continuous-collector] WARN  c.m.persistence.service.JohorRealtimeQcAnnotator - 检测到Static Trip未匹配，feedId=rapid-bus-mrtfeeder，snapshotUid=2c27fab9-7426-4378-aa45-47d51092a83a，vehicleId=VH4985，原始观测继续保存
2026-08-31 00:55:53.020 [mytransitgps-continuous-collector] WARN  c.m.persistence.service.JohorRealtimeQcAnnotator - 检测到Static Route未匹配，feedId=rapid-bus-mrtfeeder，snapshotUid=2c27fab9-7426-4378-aa45-47d51092a83a，vehicleId=VK2684，原始观测继续保存
2026-08-31 00:55:53.020 [mytransitgps-continuous-collector] WARN  c.m.persistence.service.JohorRealtimeQcAnnotator - 检测到Static Trip未匹配，feedId=rapid-bus-mrtfeeder，snapshotUid=2c27fab9-7426-4378-aa45-47d51092a83a，vehicleId=VK2684，原始观测继续保存
2026-08-31 00:55:53.021 [mytransitgps-continuous-collector] WARN  c.m.persistence.service.JohorRealtimeQcAnnotator - 检测到Static Route未匹配，feedId=rapid-bus-mrtfeeder，snapshotUid=2c27fab9-7426-4378-aa45-47d51092a83a，vehicleId=VK6475，原始观测继续保存
2026-08-31 00:55:53.021 [mytransitgps-continuous-collector] WARN  c.m.persistence.service.JohorRealtimeQcAnnotator - 检测到Static Trip未匹配，feedId=rapid-bus-mrtfeeder，snapshotUid=2c27fab9-7426-4378-aa45-47d51092a83a，vehicleId=VK6475，原始观测继续保存
2026-08-31 00:55:53.021 [mytransitgps-continuous-collector] WARN  c.m.persistence.service.JohorRealtimeQcAnnotator - 检测到Static Route未匹配，feedId=rapid-bus-mrtfeeder，snapshotUid=2c27fab9-7426-4378-aa45-47d51092a83a，vehicleId=VM1879，原始观测继续保存
2026-08-31 00:55:53.021 [mytransitgps-continuous-collector] WARN  c.m.persistence.service.JohorRealtimeQcAnnotator - 检测到Static Trip未匹配，feedId=rapid-bus-mrtfeeder，snapshotUid=2c27fab9-7426-4378-aa45-47d51092a83a，vehicleId=VM1879，原始观测继续保存
2026-08-31 00:55:53.021 [mytransitgps-continuous-collector] WARN  c.m.persistence.service.JohorRealtimeQcAnnotator - 检测到Static Route未匹配，feedId=rapid-bus-mrtfeeder，snapshotUid=2c27fab9-7426-4378-aa45-47d51092a83a，vehicleId=VX2890，原始观测继续保存
2026-08-31 00:55:53.021 [mytransitgps-continuous-collector] WARN  c.m.persistence.service.JohorRealtimeQcAnnotator - 检测到Static Trip未匹配，feedId=rapid-bus-mrtfeeder，snapshotUid=2c27fab9-7426-4378-aa45-47d51092a83a，vehicleId=VX2890，原始观测继续保存
2026-08-31 00:57:04.989 [mytransitgps-continuous-collector] WARN  c.m.gtfs.service.RealtimeStaticEnrichmentService - Realtime Static补全存在未匹配项，城市=Kuching，feedId=mybas-kuching，routeUnresolved=1，tripUnmatched=1，原始Realtime实体继续保留
2026-08-31 00:57:04.989 [mytransitgps-continuous-collector] WARN  c.m.persistence.service.JohorRealtimeQcAnnotator - 检测到Static Route未匹配，feedId=mybas-kuching，snapshotUid=e1dc45d2-235b-4e35-86ff-b021bddfe5c6，vehicleId=MADANI2160，原始观测继续保存
2026-08-31 00:57:04.989 [mytransitgps-continuous-collector] WARN  c.m.persistence.service.JohorRealtimeQcAnnotator - 检测到Static Trip未匹配，feedId=mybas-kuching，snapshotUid=e1dc45d2-235b-4e35-86ff-b021bddfe5c6，vehicleId=MADANI2160，原始观测继续保存
2026-08-31 00:57:29.012 [mytransitgps-continuous-collector] WARN  c.m.gtfs.service.RealtimeStaticEnrichmentService - Realtime Static补全存在未匹配项，城市=Kuala Lumpur，feedId=rapid-bus-kl，routeUnresolved=0，tripUnmatched=1，原始Realtime实体继续保留
2026-08-31 00:57:29.012 [mytransitgps-continuous-collector] WARN  c.m.persistence.service.JohorRealtimeQcAnnotator - 检测到Static Trip未匹配，feedId=rapid-bus-kl，snapshotUid=001f1f83-e867-4f06-ad14-adcc75f8a41b，vehicleId=CDH8332，原始观测继续保存
2026-08-31 00:57:53.032 [mytransitgps-continuous-collector] WARN  c.m.gtfs.service.RealtimeStaticEnrichmentService - Realtime Static补全存在未匹配项，城市=Kuala Lumpur，feedId=rapid-bus-mrtfeeder，routeUnresolved=35，tripUnmatched=35，原始Realtime实体继续保留
2026-08-31 00:57:53.032 [mytransitgps-continuous-collector] WARN  c.m.persistence.service.JohorRealtimeQcAnnotator - 检测到Static Route未匹配，feedId=rapid-bus-mrtfeeder，snapshotUid=c6ac8b31-e683-43dc-9554-d02b10daac22，vehicleId=VAE7593，原始观测继续保存
2026-08-31 00:57:53.033 [mytransitgps-continuous-collector] WARN  c.m.persistence.service.JohorRealtimeQcAnnotator - 检测到Static Trip未匹配，feedId=rapid-bus-mrtfeeder，snapshotUid=c6ac8b31-e683-43dc-9554-d02b10daac22，vehicleId=VAE7593，原始观测继续保存
2026-08-31 00:57:53.033 [mytransitgps-continuous-collector] WARN  c.m.persistence.service.JohorRealtimeQcAnnotator - 检测到Static Route未匹配，feedId=rapid-bus-mrtfeeder，snapshotUid=c6ac8b31-e683-43dc-9554-d02b10daac22，vehicleId=VAF5439，原始观测继续保存
2026-08-31 00:57:53.033 [mytransitgps-continuous-collector] WARN  c.m.persistence.service.JohorRealtimeQcAnnotator - 检测到Static Trip未匹配，feedId=rapid-bus-mrtfeeder，snapshotUid=c6ac8b31-e683-43dc-9554-d02b10daac22，vehicleId=VAF5439，原始观测继续保存
2026-08-31 00:57:53.033 [mytransitgps-continuous-collector] WARN  c.m.persistence.service.JohorRealtimeQcAnnotator - 检测到Static Route未匹配，feedId=rapid-bus-mrtfeeder，snapshotUid=c6ac8b31-e683-43dc-9554-d02b10daac22，vehicleId=VAF5480，原始观测继续保存
2026-08-31 00:57:53.033 [mytransitgps-continuous-collector] WARN  c.m.persistence.service.JohorRealtimeQcAnnotator - 检测到Static Trip未匹配，feedId=rapid-bus-mrtfeeder，snapshotUid=c6ac8b31-e683-43dc-9554-d02b10daac22，vehicleId=VAF5480，原始观测继续保存
2026-08-31 00:57:53.033 [mytransitgps-continuous-collector] WARN  c.m.persistence.service.JohorRealtimeQcAnnotator - 检测到Static Route未匹配，feedId=rapid-bus-mrtfeeder，snapshotUid=c6ac8b31-e683-43dc-9554-d02b10daac22，vehicleId=VAF6417，原始观测继续保存
2026-08-31 00:57:53.033 [mytransitgps-continuous-collector] WARN  c.m.persistence.service.JohorRealtimeQcAnnotator - 检测到Static Trip未匹配，feedId=rapid-bus-mrtfeeder，snapshotUid=c6ac8b31-e683-43dc-9554-d02b10daac22，vehicleId=VAF6417，原始观测继续保存
2026-08-31 00:57:53.034 [mytransitgps-continuous-collector] WARN  c.m.persistence.service.JohorRealtimeQcAnnotator - 检测到Static Route未匹配，feedId=rapid-bus-mrtfeeder，snapshotUid=c6ac8b31-e683-43dc-9554-d02b10daac22，vehicleId=VAG4725，原始观测继续保存
2026-08-31 00:57:53.034 [mytransitgps-continuous-collector] WARN  c.m.persistence.service.JohorRealtimeQcAnnotator - 检测到Static Trip未匹配，feedId=rapid-bus-mrtfeeder，snapshotUid=c6ac8b31-e683-43dc-9554-d02b10daac22，vehicleId=VAG4725，原始观测继续保存
2026-08-31 00:57:53.034 [mytransitgps-continuous-collector] WARN  c.m.persistence.service.JohorRealtimeQcAnnotator - 检测到Static Route未匹配，feedId=rapid-bus-mrtfeeder，snapshotUid=c6ac8b31-e683-43dc-9554-d02b10daac22，vehicleId=VAG4750，原始观测继续保存
2026-08-31 00:57:53.034 [mytransitgps-continuous-collector] WARN  c.m.persistence.service.JohorRealtimeQcAnnotator - 检测到Static Trip未匹配，feedId=rapid-bus-mrtfeeder，snapshotUid=c6ac8b31-e683-43dc-9554-d02b10daac22，vehicleId=VAG4750，原始观测继续保存
2026-08-31 00:57:53.034 [mytransitgps-continuous-collector] WARN  c.m.persistence.service.JohorRealtimeQcAnnotator - 检测到Static Route未匹配，feedId=rapid-bus-mrtfeeder，snapshotUid=c6ac8b31-e683-43dc-9554-d02b10daac22，vehicleId=VAG4871，原始观测继续保存
2026-08-31 00:57:53.034 [mytransitgps-continuous-collector] WARN  c.m.persistence.service.JohorRealtimeQcAnnotator - 检测到Static Trip未匹配，feedId=rapid-bus-mrtfeeder，snapshotUid=c6ac8b31-e683-43dc-9554-d02b10daac22，vehicleId=VAG4871，原始观测继续保存
2026-08-31 00:57:53.034 [mytransitgps-continuous-collector] WARN  c.m.persistence.service.JohorRealtimeQcAnnotator - 检测到Static Route未匹配，feedId=rapid-bus-mrtfeeder，snapshotUid=c6ac8b31-e683-43dc-9554-d02b10daac22，vehicleId=VAG8049，原始观测继续保存
2026-08-31 00:57:53.034 [mytransitgps-continuous-collector] WARN  c.m.persistence.service.JohorRealtimeQcAnnotator - 检测到Static Trip未匹配，feedId=rapid-bus-mrtfeeder，snapshotUid=c6ac8b31-e683-43dc-9554-d02b10daac22，vehicleId=VAG8049，原始观测继续保存
2026-08-31 00:57:53.034 [mytransitgps-continuous-collector] WARN  c.m.persistence.service.JohorRealtimeQcAnnotator - 检测到Static Route未匹配，feedId=rapid-bus-mrtfeeder，snapshotUid=c6ac8b31-e683-43dc-9554-d02b10daac22，vehicleId=VAG8054，原始观测继续保存
2026-08-31 00:57:53.034 [mytransitgps-continuous-collector] WARN  c.m.persistence.service.JohorRealtimeQcAnnotator - 检测到Static Trip未匹配，feedId=rapid-bus-mrtfeeder，snapshotUid=c6ac8b31-e683-43dc-9554-d02b10daac22，vehicleId=VAG8054，原始观测继续保存
2026-08-31 00:57:53.035 [mytransitgps-continuous-collector] WARN  c.m.persistence.service.JohorRealtimeQcAnnotator - 检测到Static Route未匹配，feedId=rapid-bus-mrtfeeder，snapshotUid=c6ac8b31-e683-43dc-9554-d02b10daac22，vehicleId=VAG8541，原始观测继续保存
2026-08-31 00:57:53.035 [mytransitgps-continuous-collector] WARN  c.m.persistence.service.JohorRealtimeQcAnnotator - 检测到Static Trip未匹配，feedId=rapid-bus-mrtfeeder，snapshotUid=c6ac8b31-e683-43dc-9554-d02b10daac22，vehicleId=VAG8541，原始观测继续保存
2026-08-31 00:57:53.035 [mytransitgps-continuous-collector] WARN  c.m.persistence.service.JohorRealtimeQcAnnotator - 检测到Static Route未匹配，feedId=rapid-bus-mrtfeeder，snapshotUid=c6ac8b31-e683-43dc-9554-d02b10daac22，vehicleId=VAH9045，原始观测继续保存
2026-08-31 00:57:53.035 [mytransitgps-continuous-collector] WARN  c.m.persistence.service.JohorRealtimeQcAnnotator - 检测到Static Trip未匹配，feedId=rapid-bus-mrtfeeder，snapshotUid=c6ac8b31-e683-43dc-9554-d02b10daac22，vehicleId=VAH9045，原始观测继续保存
2026-08-31 00:57:53.035 [mytransitgps-continuous-collector] WARN  c.m.persistence.service.JohorRealtimeQcAnnotator - 检测到Static Route未匹配，feedId=rapid-bus-mrtfeeder，snapshotUid=c6ac8b31-e683-43dc-9554-d02b10daac22，vehicleId=VAJ2857，原始观测继续保存
2026-08-31 00:57:53.035 [mytransitgps-continuous-collector] WARN  c.m.persistence.service.JohorRealtimeQcAnnotator - 检测到Static Trip未匹配，feedId=rapid-bus-mrtfeeder，snapshotUid=c6ac8b31-e683-43dc-9554-d02b10daac22，vehicleId=VAJ2857，原始观测继续保存
2026-08-31 00:57:53.036 [mytransitgps-continuous-collector] WARN  c.m.persistence.service.JohorRealtimeQcAnnotator - 检测到Static Route未匹配，feedId=rapid-bus-mrtfeeder，snapshotUid=c6ac8b31-e683-43dc-9554-d02b10daac22，vehicleId=VAL4552，原始观测继续保存
2026-08-31 00:57:53.036 [mytransitgps-continuous-collector] WARN  c.m.persistence.service.JohorRealtimeQcAnnotator - 检测到Static Trip未匹配，feedId=rapid-bus-mrtfeeder，snapshotUid=c6ac8b31-e683-43dc-9554-d02b10daac22，vehicleId=VAL4552，原始观测继续保存
2026-08-31 00:57:53.036 [mytransitgps-continuous-collector] WARN  c.m.persistence.service.JohorRealtimeQcAnnotator - 检测到Future Timestamp，feedId=rapid-bus-mrtfeeder，snapshotUid=c6ac8b31-e683-43dc-9554-d02b10daac22，vehicleId=VAL4552，vehicleTime=1886017556，原始时间戳继续保存
2026-08-31 00:57:53.036 [mytransitgps-continuous-collector] WARN  c.m.persistence.service.JohorRealtimeQcAnnotator - 检测到Static Route未匹配，feedId=rapid-bus-mrtfeeder，snapshotUid=c6ac8b31-e683-43dc-9554-d02b10daac22，vehicleId=VG8591，原始观测继续保存
2026-08-31 00:57:53.036 [mytransitgps-continuous-collector] WARN  c.m.persistence.service.JohorRealtimeQcAnnotator - 检测到Static Trip未匹配，feedId=rapid-bus-mrtfeeder，snapshotUid=c6ac8b31-e683-43dc-9554-d02b10daac22，vehicleId=VG8591，原始观测继续保存
2026-08-31 00:57:53.036 [mytransitgps-continuous-collector] WARN  c.m.persistence.service.JohorRealtimeQcAnnotator - 检测到Static Route未匹配，feedId=rapid-bus-mrtfeeder，snapshotUid=c6ac8b31-e683-43dc-9554-d02b10daac22，vehicleId=VG8630，原始观测继续保存
2026-08-31 00:57:53.036 [mytransitgps-continuous-collector] WARN  c.m.persistence.service.JohorRealtimeQcAnnotator - 检测到Static Trip未匹配，feedId=rapid-bus-mrtfeeder，snapshotUid=c6ac8b31-e683-43dc-9554-d02b10daac22，vehicleId=VG8630，原始观测继续保存
2026-08-31 00:57:53.036 [mytransitgps-continuous-collector] WARN  c.m.persistence.service.JohorRealtimeQcAnnotator - 检测到Static Route未匹配，feedId=rapid-bus-mrtfeeder，snapshotUid=c6ac8b31-e683-43dc-9554-d02b10daac22，vehicleId=VG8742，原始观测继续保存
2026-08-31 00:57:53.036 [mytransitgps-continuous-collector] WARN  c.m.persistence.service.JohorRealtimeQcAnnotator - 检测到Static Trip未匹配，feedId=rapid-bus-mrtfeeder，snapshotUid=c6ac8b31-e683-43dc-9554-d02b10daac22，vehicleId=VG8742，原始观测继续保存
2026-08-31 00:57:53.036 [mytransitgps-continuous-collector] WARN  c.m.persistence.service.JohorRealtimeQcAnnotator - 检测到Static Route未匹配，feedId=rapid-bus-mrtfeeder，snapshotUid=c6ac8b31-e683-43dc-9554-d02b10daac22，vehicleId=VH2049，原始观测继续保存
2026-08-31 00:57:53.036 [mytransitgps-continuous-collector] WARN  c.m.persistence.service.JohorRealtimeQcAnnotator - 检测到Static Trip未匹配，feedId=rapid-bus-mrtfeeder，snapshotUid=c6ac8b31-e683-43dc-9554-d02b10daac22，vehicleId=VH2049，原始观测继续保存
2026-08-31 00:57:53.037 [mytransitgps-continuous-collector] WARN  c.m.persistence.service.JohorRealtimeQcAnnotator - 检测到Static Route未匹配，feedId=rapid-bus-mrtfeeder，snapshotUid=c6ac8b31-e683-43dc-9554-d02b10daac22，vehicleId=VH2059，原始观测继续保存
2026-08-31 00:57:53.037 [mytransitgps-continuous-collector] WARN  c.m.persistence.service.JohorRealtimeQcAnnotator - 检测到Static Trip未匹配，feedId=rapid-bus-mrtfeeder，snapshotUid=c6ac8b31-e683-43dc-9554-d02b10daac22，vehicleId=VH2059，原始观测继续保存
2026-08-31 00:57:53.037 [mytransitgps-continuous-collector] WARN  c.m.persistence.service.JohorRealtimeQcAnnotator - 检测到Static Route未匹配，feedId=rapid-bus-mrtfeeder，snapshotUid=c6ac8b31-e683-43dc-9554-d02b10daac22，vehicleId=VH2494，原始观测继续保存
2026-08-31 00:57:53.037 [mytransitgps-continuous-collector] WARN  c.m.persistence.service.JohorRealtimeQcAnnotator - 检测到Static Trip未匹配，feedId=rapid-bus-mrtfeeder，snapshotUid=c6ac8b31-e683-43dc-9554-d02b10daac22，vehicleId=VH2494，原始观测继续保存
2026-08-31 00:57:53.037 [mytransitgps-continuous-collector] WARN  c.m.persistence.service.JohorRealtimeQcAnnotator - 检测到Static Route未匹配，feedId=rapid-bus-mrtfeeder，snapshotUid=c6ac8b31-e683-43dc-9554-d02b10daac22，vehicleId=VH3593，原始观测继续保存
2026-08-31 00:57:53.037 [mytransitgps-continuous-collector] WARN  c.m.persistence.service.JohorRealtimeQcAnnotator - 检测到Static Trip未匹配，feedId=rapid-bus-mrtfeeder，snapshotUid=c6ac8b31-e683-43dc-9554-d02b10daac22，vehicleId=VH3593，原始观测继续保存
2026-08-31 00:57:53.037 [mytransitgps-continuous-collector] WARN  c.m.persistence.service.JohorRealtimeQcAnnotator - 检测到Static Route未匹配，feedId=rapid-bus-mrtfeeder，snapshotUid=c6ac8b31-e683-43dc-9554-d02b10daac22，vehicleId=VH3982，原始观测继续保存
2026-08-31 00:57:53.037 [mytransitgps-continuous-collector] WARN  c.m.persistence.service.JohorRealtimeQcAnnotator - 检测到Static Trip未匹配，feedId=rapid-bus-mrtfeeder，snapshotUid=c6ac8b31-e683-43dc-9554-d02b10daac22，vehicleId=VH3982，原始观测继续保存
2026-08-31 00:57:53.037 [mytransitgps-continuous-collector] WARN  c.m.persistence.service.JohorRealtimeQcAnnotator - 检测到Static Route未匹配，feedId=rapid-bus-mrtfeeder，snapshotUid=c6ac8b31-e683-43dc-9554-d02b10daac22，vehicleId=VH4037，原始观测继续保存
2026-08-31 00:57:53.037 [mytransitgps-continuous-collector] WARN  c.m.persistence.service.JohorRealtimeQcAnnotator - 检测到Static Trip未匹配，feedId=rapid-bus-mrtfeeder，snapshotUid=c6ac8b31-e683-43dc-9554-d02b10daac22，vehicleId=VH4037，原始观测继续保存
2026-08-31 00:57:53.037 [mytransitgps-continuous-collector] WARN  c.m.persistence.service.JohorRealtimeQcAnnotator - 检测到Static Route未匹配，feedId=rapid-bus-mrtfeeder，snapshotUid=c6ac8b31-e683-43dc-9554-d02b10daac22，vehicleId=VH4069，原始观测继续保存
2026-08-31 00:57:53.037 [mytransitgps-continuous-collector] WARN  c.m.persistence.service.JohorRealtimeQcAnnotator - 检测到Static Trip未匹配，feedId=rapid-bus-mrtfeeder，snapshotUid=c6ac8b31-e683-43dc-9554-d02b10daac22，vehicleId=VH4069，原始观测继续保存
2026-08-31 00:57:53.038 [mytransitgps-continuous-collector] WARN  c.m.persistence.service.JohorRealtimeQcAnnotator - 检测到Static Route未匹配，feedId=rapid-bus-mrtfeeder，snapshotUid=c6ac8b31-e683-43dc-9554-d02b10daac22，vehicleId=VH4108，原始观测继续保存
2026-08-31 00:57:53.038 [mytransitgps-continuous-collector] WARN  c.m.persistence.service.JohorRealtimeQcAnnotator - 检测到Static Trip未匹配，feedId=rapid-bus-mrtfeeder，snapshotUid=c6ac8b31-e683-43dc-9554-d02b10daac22，vehicleId=VH4108，原始观测继续保存
2026-08-31 00:57:53.038 [mytransitgps-continuous-collector] WARN  c.m.persistence.service.JohorRealtimeQcAnnotator - 检测到Static Route未匹配，feedId=rapid-bus-mrtfeeder，snapshotUid=c6ac8b31-e683-43dc-9554-d02b10daac22，vehicleId=VH4268，原始观测继续保存
2026-08-31 00:57:53.038 [mytransitgps-continuous-collector] WARN  c.m.persistence.service.JohorRealtimeQcAnnotator - 检测到Static Trip未匹配，feedId=rapid-bus-mrtfeeder，snapshotUid=c6ac8b31-e683-43dc-9554-d02b10daac22，vehicleId=VH4268，原始观测继续保存
2026-08-31 00:57:53.038 [mytransitgps-continuous-collector] WARN  c.m.persistence.service.JohorRealtimeQcAnnotator - 检测到Static Route未匹配，feedId=rapid-bus-mrtfeeder，snapshotUid=c6ac8b31-e683-43dc-9554-d02b10daac22，vehicleId=VH4307，原始观测继续保存
2026-08-31 00:57:53.038 [mytransitgps-continuous-collector] WARN  c.m.persistence.service.JohorRealtimeQcAnnotator - 检测到Static Trip未匹配，feedId=rapid-bus-mrtfeeder，snapshotUid=c6ac8b31-e683-43dc-9554-d02b10daac22，vehicleId=VH4307，原始观测继续保存
2026-08-31 00:57:53.038 [mytransitgps-continuous-collector] WARN  c.m.persistence.service.JohorRealtimeQcAnnotator - 检测到Static Route未匹配，feedId=rapid-bus-mrtfeeder，snapshotUid=c6ac8b31-e683-43dc-9554-d02b10daac22，vehicleId=VH4930，原始观测继续保存
2026-08-31 00:57:53.038 [mytransitgps-continuous-collector] WARN  c.m.persistence.service.JohorRealtimeQcAnnotator - 检测到Static Trip未匹配，feedId=rapid-bus-mrtfeeder，snapshotUid=c6ac8b31-e683-43dc-9554-d02b10daac22，vehicleId=VH4930，原始观测继续保存
2026-08-31 00:57:53.038 [mytransitgps-continuous-collector] WARN  c.m.persistence.service.JohorRealtimeQcAnnotator - 检测到Static Route未匹配，feedId=rapid-bus-mrtfeeder，snapshotUid=c6ac8b31-e683-43dc-9554-d02b10daac22，vehicleId=VH4985，原始观测继续保存
2026-08-31 00:57:53.038 [mytransitgps-continuous-collector] WARN  c.m.persistence.service.JohorRealtimeQcAnnotator - 检测到Static Trip未匹配，feedId=rapid-bus-mrtfeeder，snapshotUid=c6ac8b31-e683-43dc-9554-d02b10daac22，vehicleId=VH4985，原始观测继续保存
2026-08-31 00:57:53.039 [mytransitgps-continuous-collector] WARN  c.m.persistence.service.JohorRealtimeQcAnnotator - 检测到Static Route未匹配，feedId=rapid-bus-mrtfeeder，snapshotUid=c6ac8b31-e683-43dc-9554-d02b10daac22，vehicleId=VK2655，原始观测继续保存
2026-08-31 00:57:53.039 [mytransitgps-continuous-collector] WARN  c.m.persistence.service.JohorRealtimeQcAnnotator - 检测到Static Trip未匹配，feedId=rapid-bus-mrtfeeder，snapshotUid=c6ac8b31-e683-43dc-9554-d02b10daac22，vehicleId=VK2655，原始观测继续保存
2026-08-31 00:57:53.039 [mytransitgps-continuous-collector] WARN  c.m.persistence.service.JohorRealtimeQcAnnotator - 检测到Static Route未匹配，feedId=rapid-bus-mrtfeeder，snapshotUid=c6ac8b31-e683-43dc-9554-d02b10daac22，vehicleId=VK2684，原始观测继续保存
2026-08-31 00:57:53.039 [mytransitgps-continuous-collector] WARN  c.m.persistence.service.JohorRealtimeQcAnnotator - 检测到Static Trip未匹配，feedId=rapid-bus-mrtfeeder，snapshotUid=c6ac8b31-e683-43dc-9554-d02b10daac22，vehicleId=VK2684，原始观测继续保存
2026-08-31 00:57:53.039 [mytransitgps-continuous-collector] WARN  c.m.persistence.service.JohorRealtimeQcAnnotator - 检测到Static Route未匹配，feedId=rapid-bus-mrtfeeder，snapshotUid=c6ac8b31-e683-43dc-9554-d02b10daac22，vehicleId=VK6475，原始观测继续保存
2026-08-31 00:57:53.039 [mytransitgps-continuous-collector] WARN  c.m.persistence.service.JohorRealtimeQcAnnotator - 检测到Static Trip未匹配，feedId=rapid-bus-mrtfeeder，snapshotUid=c6ac8b31-e683-43dc-9554-d02b10daac22，vehicleId=VK6475，原始观测继续保存
2026-08-31 00:57:53.039 [mytransitgps-continuous-collector] WARN  c.m.persistence.service.JohorRealtimeQcAnnotator - 检测到Static Route未匹配，feedId=rapid-bus-mrtfeeder，snapshotUid=c6ac8b31-e683-43dc-9554-d02b10daac22，vehicleId=VM1879，原始观测继续保存
2026-08-31 00:57:53.039 [mytransitgps-continuous-collector] WARN  c.m.persistence.service.JohorRealtimeQcAnnotator - 检测到Static Trip未匹配，feedId=rapid-bus-mrtfeeder，snapshotUid=c6ac8b31-e683-43dc-9554-d02b10daac22，vehicleId=VM1879，原始观测继续保存
2026-08-31 00:57:53.039 [mytransitgps-continuous-collector] WARN  c.m.persistence.service.JohorRealtimeQcAnnotator - 检测到Static Route未匹配，feedId=rapid-bus-mrtfeeder，snapshotUid=c6ac8b31-e683-43dc-9554-d02b10daac22，vehicleId=VM2846，原始观测继续保存
2026-08-31 00:57:53.040 [mytransitgps-continuous-collector] WARN  c.m.persistence.service.JohorRealtimeQcAnnotator - 检测到Static Trip未匹配，feedId=rapid-bus-mrtfeeder，snapshotUid=c6ac8b31-e683-43dc-9554-d02b10daac22，vehicleId=VM2846，原始观测继续保存
2026-08-31 00:57:53.040 [mytransitgps-continuous-collector] WARN  c.m.persistence.service.JohorRealtimeQcAnnotator - 检测到Static Route未匹配，feedId=rapid-bus-mrtfeeder，snapshotUid=c6ac8b31-e683-43dc-9554-d02b10daac22，vehicleId=VX2890，原始观测继续保存
2026-08-31 00:57:53.040 [mytransitgps-continuous-collector] WARN  c.m.persistence.service.JohorRealtimeQcAnnotator - 检测到Static Trip未匹配，feedId=rapid-bus-mrtfeeder，snapshotUid=c6ac8b31-e683-43dc-9554-d02b10daac22，vehicleId=VX2890，原始观测继续保存
2026-08-31 00:57:53.040 [mytransitgps-continuous-collector] WARN  c.m.persistence.service.JohorRealtimeQcAnnotator - 检测到Static Route未匹配，feedId=rapid-bus-mrtfeeder，snapshotUid=c6ac8b31-e683-43dc-9554-d02b10daac22，vehicleId=VX3035，原始观测继续保存
2026-08-31 00:57:53.040 [mytransitgps-continuous-collector] WARN  c.m.persistence.service.JohorRealtimeQcAnnotator - 检测到Static Trip未匹配，feedId=rapid-bus-mrtfeeder，snapshotUid=c6ac8b31-e683-43dc-9554-d02b10daac22，vehicleId=VX3035，原始观测继续保存
2026-08-31 00:59:04.998 [mytransitgps-continuous-collector] WARN  c.m.gtfs.service.RealtimeStaticEnrichmentService - Realtime Static补全存在未匹配项，城市=Kuching，feedId=mybas-kuching，routeUnresolved=1，tripUnmatched=1，原始Realtime实体继续保留
2026-08-31 00:59:04.999 [mytransitgps-continuous-collector] WARN  c.m.persistence.service.JohorRealtimeQcAnnotator - 检测到Static Route未匹配，feedId=mybas-kuching，snapshotUid=65d0af00-2f28-4329-a56a-74fb0a08cc0e，vehicleId=MADANI2160，原始观测继续保存
2026-08-31 00:59:04.999 [mytransitgps-continuous-collector] WARN  c.m.persistence.service.JohorRealtimeQcAnnotator - 检测到Static Trip未匹配，feedId=mybas-kuching，snapshotUid=65d0af00-2f28-4329-a56a-74fb0a08cc0e，vehicleId=MADANI2160，原始观测继续保存
2026-08-31 00:59:29.018 [mytransitgps-continuous-collector] WARN  c.m.gtfs.service.RealtimeStaticEnrichmentService - Realtime Static补全存在未匹配项，城市=Kuala Lumpur，feedId=rapid-bus-kl，routeUnresolved=0，tripUnmatched=1，原始Realtime实体继续保留
2026-08-31 00:59:29.018 [mytransitgps-continuous-collector] WARN  c.m.persistence.service.JohorRealtimeQcAnnotator - 检测到Static Trip未匹配，feedId=rapid-bus-kl，snapshotUid=468bbb92-21aa-4856-8239-a625e5715f0a，vehicleId=CDH8332，原始观测继续保存
2026-08-31 00:59:53.016 [mytransitgps-continuous-collector] WARN  c.m.gtfs.service.RealtimeStaticEnrichmentService - Realtime Static补全存在未匹配项，城市=Kuala Lumpur，feedId=rapid-bus-mrtfeeder，routeUnresolved=40，tripUnmatched=40，原始Realtime实体继续保留
2026-08-31 00:59:53.016 [mytransitgps-continuous-collector] WARN  c.m.persistence.service.JohorRealtimeQcAnnotator - 检测到Static Route未匹配，feedId=rapid-bus-mrtfeeder，snapshotUid=13c93148-8b94-42be-91ab-1307b2bf1698，vehicleId=VAC5746，原始观测继续保存
2026-08-31 00:59:53.016 [mytransitgps-continuous-collector] WARN  c.m.persistence.service.JohorRealtimeQcAnnotator - 检测到Static Trip未匹配，feedId=rapid-bus-mrtfeeder，snapshotUid=13c93148-8b94-42be-91ab-1307b2bf1698，vehicleId=VAC5746，原始观测继续保存
2026-08-31 00:59:53.016 [mytransitgps-continuous-collector] WARN  c.m.persistence.service.JohorRealtimeQcAnnotator - 检测到Static Route未匹配，feedId=rapid-bus-mrtfeeder，snapshotUid=13c93148-8b94-42be-91ab-1307b2bf1698，vehicleId=VAE7593，原始观测继续保存
2026-08-31 00:59:53.017 [mytransitgps-continuous-collector] WARN  c.m.persistence.service.JohorRealtimeQcAnnotator - 检测到Static Trip未匹配，feedId=rapid-bus-mrtfeeder，snapshotUid=13c93148-8b94-42be-91ab-1307b2bf1698，vehicleId=VAE7593，原始观测继续保存
2026-08-31 00:59:53.017 [mytransitgps-continuous-collector] WARN  c.m.persistence.service.JohorRealtimeQcAnnotator - 检测到Static Route未匹配，feedId=rapid-bus-mrtfeeder，snapshotUid=13c93148-8b94-42be-91ab-1307b2bf1698，vehicleId=VAF5439，原始观测继续保存
2026-08-31 00:59:53.017 [mytransitgps-continuous-collector] WARN  c.m.persistence.service.JohorRealtimeQcAnnotator - 检测到Static Trip未匹配，feedId=rapid-bus-mrtfeeder，snapshotUid=13c93148-8b94-42be-91ab-1307b2bf1698，vehicleId=VAF5439，原始观测继续保存
2026-08-31 00:59:53.017 [mytransitgps-continuous-collector] WARN  c.m.persistence.service.JohorRealtimeQcAnnotator - 检测到Static Route未匹配，feedId=rapid-bus-mrtfeeder，snapshotUid=13c93148-8b94-42be-91ab-1307b2bf1698，vehicleId=VAF5480，原始观测继续保存
2026-08-31 00:59:53.017 [mytransitgps-continuous-collector] WARN  c.m.persistence.service.JohorRealtimeQcAnnotator - 检测到Static Trip未匹配，feedId=rapid-bus-mrtfeeder，snapshotUid=13c93148-8b94-42be-91ab-1307b2bf1698，vehicleId=VAF5480，原始观测继续保存
2026-08-31 00:59:53.017 [mytransitgps-continuous-collector] WARN  c.m.persistence.service.JohorRealtimeQcAnnotator - 检测到Static Route未匹配，feedId=rapid-bus-mrtfeeder，snapshotUid=13c93148-8b94-42be-91ab-1307b2bf1698，vehicleId=VAF6417，原始观测继续保存
2026-08-31 00:59:53.017 [mytransitgps-continuous-collector] WARN  c.m.persistence.service.JohorRealtimeQcAnnotator - 检测到Static Trip未匹配，feedId=rapid-bus-mrtfeeder，snapshotUid=13c93148-8b94-42be-91ab-1307b2bf1698，vehicleId=VAF6417，原始观测继续保存
2026-08-31 00:59:53.017 [mytransitgps-continuous-collector] WARN  c.m.persistence.service.JohorRealtimeQcAnnotator - 检测到Static Route未匹配，feedId=rapid-bus-mrtfeeder，snapshotUid=13c93148-8b94-42be-91ab-1307b2bf1698，vehicleId=VAG4711，原始观测继续保存
2026-08-31 00:59:53.017 [mytransitgps-continuous-collector] WARN  c.m.persistence.service.JohorRealtimeQcAnnotator - 检测到Static Trip未匹配，feedId=rapid-bus-mrtfeeder，snapshotUid=13c93148-8b94-42be-91ab-1307b2bf1698，vehicleId=VAG4711，原始观测继续保存
2026-08-31 00:59:53.018 [mytransitgps-continuous-collector] WARN  c.m.persistence.service.JohorRealtimeQcAnnotator - 检测到Static Route未匹配，feedId=rapid-bus-mrtfeeder，snapshotUid=13c93148-8b94-42be-91ab-1307b2bf1698，vehicleId=VAG4725，原始观测继续保存
2026-08-31 00:59:53.018 [mytransitgps-continuous-collector] WARN  c.m.persistence.service.JohorRealtimeQcAnnotator - 检测到Static Trip未匹配，feedId=rapid-bus-mrtfeeder，snapshotUid=13c93148-8b94-42be-91ab-1307b2bf1698，vehicleId=VAG4725，原始观测继续保存
2026-08-31 00:59:53.018 [mytransitgps-continuous-collector] WARN  c.m.persistence.service.JohorRealtimeQcAnnotator - 检测到Static Route未匹配，feedId=rapid-bus-mrtfeeder，snapshotUid=13c93148-8b94-42be-91ab-1307b2bf1698，vehicleId=VAG4750，原始观测继续保存
2026-08-31 00:59:53.018 [mytransitgps-continuous-collector] WARN  c.m.persistence.service.JohorRealtimeQcAnnotator - 检测到Static Trip未匹配，feedId=rapid-bus-mrtfeeder，snapshotUid=13c93148-8b94-42be-91ab-1307b2bf1698，vehicleId=VAG4750，原始观测继续保存
2026-08-31 00:59:53.018 [mytransitgps-continuous-collector] WARN  c.m.persistence.service.JohorRealtimeQcAnnotator - 检测到Static Route未匹配，feedId=rapid-bus-mrtfeeder，snapshotUid=13c93148-8b94-42be-91ab-1307b2bf1698，vehicleId=VAG4871，原始观测继续保存
2026-08-31 00:59:53.018 [mytransitgps-continuous-collector] WARN  c.m.persistence.service.JohorRealtimeQcAnnotator - 检测到Static Trip未匹配，feedId=rapid-bus-mrtfeeder，snapshotUid=13c93148-8b94-42be-91ab-1307b2bf1698，vehicleId=VAG4871，原始观测继续保存
2026-08-31 00:59:53.018 [mytransitgps-continuous-collector] WARN  c.m.persistence.service.JohorRealtimeQcAnnotator - 检测到Static Route未匹配，feedId=rapid-bus-mrtfeeder，snapshotUid=13c93148-8b94-42be-91ab-1307b2bf1698，vehicleId=VAG8049，原始观测继续保存
2026-08-31 00:59:53.018 [mytransitgps-continuous-collector] WARN  c.m.persistence.service.JohorRealtimeQcAnnotator - 检测到Static Trip未匹配，feedId=rapid-bus-mrtfeeder，snapshotUid=13c93148-8b94-42be-91ab-1307b2bf1698，vehicleId=VAG8049，原始观测继续保存
2026-08-31 00:59:53.019 [mytransitgps-continuous-collector] WARN  c.m.persistence.service.JohorRealtimeQcAnnotator - 检测到Static Route未匹配，feedId=rapid-bus-mrtfeeder，snapshotUid=13c93148-8b94-42be-91ab-1307b2bf1698，vehicleId=VAG8054，原始观测继续保存
2026-08-31 00:59:53.019 [mytransitgps-continuous-collector] WARN  c.m.persistence.service.JohorRealtimeQcAnnotator - 检测到Static Trip未匹配，feedId=rapid-bus-mrtfeeder，snapshotUid=13c93148-8b94-42be-91ab-1307b2bf1698，vehicleId=VAG8054，原始观测继续保存
2026-08-31 00:59:53.019 [mytransitgps-continuous-collector] WARN  c.m.persistence.service.JohorRealtimeQcAnnotator - 检测到Static Route未匹配，feedId=rapid-bus-mrtfeeder，snapshotUid=13c93148-8b94-42be-91ab-1307b2bf1698，vehicleId=VAH9045，原始观测继续保存
2026-08-31 00:59:53.019 [mytransitgps-continuous-collector] WARN  c.m.persistence.service.JohorRealtimeQcAnnotator - 检测到Static Trip未匹配，feedId=rapid-bus-mrtfeeder，snapshotUid=13c93148-8b94-42be-91ab-1307b2bf1698，vehicleId=VAH9045，原始观测继续保存
2026-08-31 00:59:53.019 [mytransitgps-continuous-collector] WARN  c.m.persistence.service.JohorRealtimeQcAnnotator - 检测到Static Route未匹配，feedId=rapid-bus-mrtfeeder，snapshotUid=13c93148-8b94-42be-91ab-1307b2bf1698，vehicleId=VAJ2850，原始观测继续保存
2026-08-31 00:59:53.019 [mytransitgps-continuous-collector] WARN  c.m.persistence.service.JohorRealtimeQcAnnotator - 检测到Static Trip未匹配，feedId=rapid-bus-mrtfeeder，snapshotUid=13c93148-8b94-42be-91ab-1307b2bf1698，vehicleId=VAJ2850，原始观测继续保存
2026-08-31 00:59:53.019 [mytransitgps-continuous-collector] WARN  c.m.persistence.service.JohorRealtimeQcAnnotator - 检测到Static Route未匹配，feedId=rapid-bus-mrtfeeder，snapshotUid=13c93148-8b94-42be-91ab-1307b2bf1698，vehicleId=VAJ2857，原始观测继续保存
2026-08-31 00:59:53.019 [mytransitgps-continuous-collector] WARN  c.m.persistence.service.JohorRealtimeQcAnnotator - 检测到Static Trip未匹配，feedId=rapid-bus-mrtfeeder，snapshotUid=13c93148-8b94-42be-91ab-1307b2bf1698，vehicleId=VAJ2857，原始观测继续保存
2026-08-31 00:59:53.019 [mytransitgps-continuous-collector] WARN  c.m.persistence.service.JohorRealtimeQcAnnotator - 检测到Static Route未匹配，feedId=rapid-bus-mrtfeeder，snapshotUid=13c93148-8b94-42be-91ab-1307b2bf1698，vehicleId=VAJ2875，原始观测继续保存
2026-08-31 00:59:53.019 [mytransitgps-continuous-collector] WARN  c.m.persistence.service.JohorRealtimeQcAnnotator - 检测到Static Trip未匹配，feedId=rapid-bus-mrtfeeder，snapshotUid=13c93148-8b94-42be-91ab-1307b2bf1698，vehicleId=VAJ2875，原始观测继续保存
2026-08-31 00:59:53.020 [mytransitgps-continuous-collector] WARN  c.m.persistence.service.JohorRealtimeQcAnnotator - 检测到Static Route未匹配，feedId=rapid-bus-mrtfeeder，snapshotUid=13c93148-8b94-42be-91ab-1307b2bf1698，vehicleId=VAL4552，原始观测继续保存
2026-08-31 00:59:53.020 [mytransitgps-continuous-collector] WARN  c.m.persistence.service.JohorRealtimeQcAnnotator - 检测到Static Trip未匹配，feedId=rapid-bus-mrtfeeder，snapshotUid=13c93148-8b94-42be-91ab-1307b2bf1698，vehicleId=VAL4552，原始观测继续保存
2026-08-31 00:59:53.020 [mytransitgps-continuous-collector] WARN  c.m.persistence.service.JohorRealtimeQcAnnotator - 检测到Future Timestamp，feedId=rapid-bus-mrtfeeder，snapshotUid=13c93148-8b94-42be-91ab-1307b2bf1698，vehicleId=VAL4552，vehicleTime=1886017556，原始时间戳继续保存
2026-08-31 00:59:53.020 [mytransitgps-continuous-collector] WARN  c.m.persistence.service.JohorRealtimeQcAnnotator - 检测到Static Route未匹配，feedId=rapid-bus-mrtfeeder，snapshotUid=13c93148-8b94-42be-91ab-1307b2bf1698，vehicleId=VG8591，原始观测继续保存
2026-08-31 00:59:53.020 [mytransitgps-continuous-collector] WARN  c.m.persistence.service.JohorRealtimeQcAnnotator - 检测到Static Trip未匹配，feedId=rapid-bus-mrtfeeder，snapshotUid=13c93148-8b94-42be-91ab-1307b2bf1698，vehicleId=VG8591，原始观测继续保存
2026-08-31 00:59:53.020 [mytransitgps-continuous-collector] WARN  c.m.persistence.service.JohorRealtimeQcAnnotator - 检测到Static Route未匹配，feedId=rapid-bus-mrtfeeder，snapshotUid=13c93148-8b94-42be-91ab-1307b2bf1698，vehicleId=VG8630，原始观测继续保存
2026-08-31 00:59:53.020 [mytransitgps-continuous-collector] WARN  c.m.persistence.service.JohorRealtimeQcAnnotator - 检测到Static Trip未匹配，feedId=rapid-bus-mrtfeeder，snapshotUid=13c93148-8b94-42be-91ab-1307b2bf1698，vehicleId=VG8630，原始观测继续保存
2026-08-31 00:59:53.020 [mytransitgps-continuous-collector] WARN  c.m.persistence.service.JohorRealtimeQcAnnotator - 检测到Static Route未匹配，feedId=rapid-bus-mrtfeeder，snapshotUid=13c93148-8b94-42be-91ab-1307b2bf1698，vehicleId=VG8742，原始观测继续保存
2026-08-31 00:59:53.020 [mytransitgps-continuous-collector] WARN  c.m.persistence.service.JohorRealtimeQcAnnotator - 检测到Static Trip未匹配，feedId=rapid-bus-mrtfeeder，snapshotUid=13c93148-8b94-42be-91ab-1307b2bf1698，vehicleId=VG8742，原始观测继续保存
2026-08-31 00:59:53.020 [mytransitgps-continuous-collector] WARN  c.m.persistence.service.JohorRealtimeQcAnnotator - 检测到Static Route未匹配，feedId=rapid-bus-mrtfeeder，snapshotUid=13c93148-8b94-42be-91ab-1307b2bf1698，vehicleId=VH2049，原始观测继续保存
2026-08-31 00:59:53.020 [mytransitgps-continuous-collector] WARN  c.m.persistence.service.JohorRealtimeQcAnnotator - 检测到Static Trip未匹配，feedId=rapid-bus-mrtfeeder，snapshotUid=13c93148-8b94-42be-91ab-1307b2bf1698，vehicleId=VH2049，原始观测继续保存
2026-08-31 00:59:53.021 [mytransitgps-continuous-collector] WARN  c.m.persistence.service.JohorRealtimeQcAnnotator - 检测到Static Route未匹配，feedId=rapid-bus-mrtfeeder，snapshotUid=13c93148-8b94-42be-91ab-1307b2bf1698，vehicleId=VH2059，原始观测继续保存
2026-08-31 00:59:53.021 [mytransitgps-continuous-collector] WARN  c.m.persistence.service.JohorRealtimeQcAnnotator - 检测到Static Trip未匹配，feedId=rapid-bus-mrtfeeder，snapshotUid=13c93148-8b94-42be-91ab-1307b2bf1698，vehicleId=VH2059，原始观测继续保存
2026-08-31 00:59:53.021 [mytransitgps-continuous-collector] WARN  c.m.persistence.service.JohorRealtimeQcAnnotator - 检测到Static Route未匹配，feedId=rapid-bus-mrtfeeder，snapshotUid=13c93148-8b94-42be-91ab-1307b2bf1698，vehicleId=VH2494，原始观测继续保存
2026-08-31 00:59:53.021 [mytransitgps-continuous-collector] WARN  c.m.persistence.service.JohorRealtimeQcAnnotator - 检测到Static Trip未匹配，feedId=rapid-bus-mrtfeeder，snapshotUid=13c93148-8b94-42be-91ab-1307b2bf1698，vehicleId=VH2494，原始观测继续保存
2026-08-31 00:59:53.021 [mytransitgps-continuous-collector] WARN  c.m.persistence.service.JohorRealtimeQcAnnotator - 检测到Static Route未匹配，feedId=rapid-bus-mrtfeeder，snapshotUid=13c93148-8b94-42be-91ab-1307b2bf1698，vehicleId=VH2549，原始观测继续保存
2026-08-31 00:59:53.021 [mytransitgps-continuous-collector] WARN  c.m.persistence.service.JohorRealtimeQcAnnotator - 检测到Static Trip未匹配，feedId=rapid-bus-mrtfeeder，snapshotUid=13c93148-8b94-42be-91ab-1307b2bf1698，vehicleId=VH2549，原始观测继续保存
2026-08-31 00:59:53.021 [mytransitgps-continuous-collector] WARN  c.m.persistence.service.JohorRealtimeQcAnnotator - 检测到Static Route未匹配，feedId=rapid-bus-mrtfeeder，snapshotUid=13c93148-8b94-42be-91ab-1307b2bf1698，vehicleId=VH3593，原始观测继续保存
2026-08-31 00:59:53.021 [mytransitgps-continuous-collector] WARN  c.m.persistence.service.JohorRealtimeQcAnnotator - 检测到Static Trip未匹配，feedId=rapid-bus-mrtfeeder，snapshotUid=13c93148-8b94-42be-91ab-1307b2bf1698，vehicleId=VH3593，原始观测继续保存
2026-08-31 00:59:53.021 [mytransitgps-continuous-collector] WARN  c.m.persistence.service.JohorRealtimeQcAnnotator - 检测到Static Route未匹配，feedId=rapid-bus-mrtfeeder，snapshotUid=13c93148-8b94-42be-91ab-1307b2bf1698，vehicleId=VH3982，原始观测继续保存
2026-08-31 00:59:53.021 [mytransitgps-continuous-collector] WARN  c.m.persistence.service.JohorRealtimeQcAnnotator - 检测到Static Trip未匹配，feedId=rapid-bus-mrtfeeder，snapshotUid=13c93148-8b94-42be-91ab-1307b2bf1698，vehicleId=VH3982，原始观测继续保存
2026-08-31 00:59:53.022 [mytransitgps-continuous-collector] WARN  c.m.persistence.service.JohorRealtimeQcAnnotator - 检测到Static Route未匹配，feedId=rapid-bus-mrtfeeder，snapshotUid=13c93148-8b94-42be-91ab-1307b2bf1698，vehicleId=VH4037，原始观测继续保存
2026-08-31 00:59:53.022 [mytransitgps-continuous-collector] WARN  c.m.persistence.service.JohorRealtimeQcAnnotator - 检测到Static Trip未匹配，feedId=rapid-bus-mrtfeeder，snapshotUid=13c93148-8b94-42be-91ab-1307b2bf1698，vehicleId=VH4037，原始观测继续保存
2026-08-31 00:59:53.022 [mytransitgps-continuous-collector] WARN  c.m.persistence.service.JohorRealtimeQcAnnotator - 检测到Static Route未匹配，feedId=rapid-bus-mrtfeeder，snapshotUid=13c93148-8b94-42be-91ab-1307b2bf1698，vehicleId=VH4069，原始观测继续保存
2026-08-31 00:59:53.022 [mytransitgps-continuous-collector] WARN  c.m.persistence.service.JohorRealtimeQcAnnotator - 检测到Static Trip未匹配，feedId=rapid-bus-mrtfeeder，snapshotUid=13c93148-8b94-42be-91ab-1307b2bf1698，vehicleId=VH4069，原始观测继续保存
2026-08-31 00:59:53.022 [mytransitgps-continuous-collector] WARN  c.m.persistence.service.JohorRealtimeQcAnnotator - 检测到Static Route未匹配，feedId=rapid-bus-mrtfeeder，snapshotUid=13c93148-8b94-42be-91ab-1307b2bf1698，vehicleId=VH4108，原始观测继续保存
2026-08-31 00:59:53.022 [mytransitgps-continuous-collector] WARN  c.m.persistence.service.JohorRealtimeQcAnnotator - 检测到Static Trip未匹配，feedId=rapid-bus-mrtfeeder，snapshotUid=13c93148-8b94-42be-91ab-1307b2bf1698，vehicleId=VH4108，原始观测继续保存
2026-08-31 00:59:53.022 [mytransitgps-continuous-collector] WARN  c.m.persistence.service.JohorRealtimeQcAnnotator - 检测到Static Route未匹配，feedId=rapid-bus-mrtfeeder，snapshotUid=13c93148-8b94-42be-91ab-1307b2bf1698，vehicleId=VH4268，原始观测继续保存
2026-08-31 00:59:53.022 [mytransitgps-continuous-collector] WARN  c.m.persistence.service.JohorRealtimeQcAnnotator - 检测到Static Trip未匹配，feedId=rapid-bus-mrtfeeder，snapshotUid=13c93148-8b94-42be-91ab-1307b2bf1698，vehicleId=VH4268，原始观测继续保存
2026-08-31 00:59:53.022 [mytransitgps-continuous-collector] WARN  c.m.persistence.service.JohorRealtimeQcAnnotator - 检测到Static Route未匹配，feedId=rapid-bus-mrtfeeder，snapshotUid=13c93148-8b94-42be-91ab-1307b2bf1698，vehicleId=VH4307，原始观测继续保存
2026-08-31 00:59:53.022 [mytransitgps-continuous-collector] WARN  c.m.persistence.service.JohorRealtimeQcAnnotator - 检测到Static Trip未匹配，feedId=rapid-bus-mrtfeeder，snapshotUid=13c93148-8b94-42be-91ab-1307b2bf1698，vehicleId=VH4307，原始观测继续保存
2026-08-31 00:59:53.022 [mytransitgps-continuous-collector] WARN  c.m.persistence.service.JohorRealtimeQcAnnotator - 检测到Static Route未匹配，feedId=rapid-bus-mrtfeeder，snapshotUid=13c93148-8b94-42be-91ab-1307b2bf1698，vehicleId=VH4577，原始观测继续保存
2026-08-31 00:59:53.023 [mytransitgps-continuous-collector] WARN  c.m.persistence.service.JohorRealtimeQcAnnotator - 检测到Static Trip未匹配，feedId=rapid-bus-mrtfeeder，snapshotUid=13c93148-8b94-42be-91ab-1307b2bf1698，vehicleId=VH4577，原始观测继续保存
2026-08-31 00:59:53.023 [mytransitgps-continuous-collector] WARN  c.m.persistence.service.JohorRealtimeQcAnnotator - 检测到车辆位置异常，feedId=rapid-bus-mrtfeeder，snapshotUid=13c93148-8b94-42be-91ab-1307b2bf1698，vehicleId=VH4577，status=ZERO_ZERO_POSITION，原始经纬度继续保存
2026-08-31 00:59:53.023 [mytransitgps-continuous-collector] WARN  c.m.persistence.service.JohorRealtimeQcAnnotator - 检测到Static Route未匹配，feedId=rapid-bus-mrtfeeder，snapshotUid=13c93148-8b94-42be-91ab-1307b2bf1698，vehicleId=VH4930，原始观测继续保存
2026-08-31 00:59:53.023 [mytransitgps-continuous-collector] WARN  c.m.persistence.service.JohorRealtimeQcAnnotator - 检测到Static Trip未匹配，feedId=rapid-bus-mrtfeeder，snapshotUid=13c93148-8b94-42be-91ab-1307b2bf1698，vehicleId=VH4930，原始观测继续保存
2026-08-31 00:59:53.023 [mytransitgps-continuous-collector] WARN  c.m.persistence.service.JohorRealtimeQcAnnotator - 检测到Static Route未匹配，feedId=rapid-bus-mrtfeeder，snapshotUid=13c93148-8b94-42be-91ab-1307b2bf1698，vehicleId=VH4985，原始观测继续保存
2026-08-31 00:59:53.023 [mytransitgps-continuous-collector] WARN  c.m.persistence.service.JohorRealtimeQcAnnotator - 检测到Static Trip未匹配，feedId=rapid-bus-mrtfeeder，snapshotUid=13c93148-8b94-42be-91ab-1307b2bf1698，vehicleId=VH4985，原始观测继续保存
2026-08-31 00:59:53.023 [mytransitgps-continuous-collector] WARN  c.m.persistence.service.JohorRealtimeQcAnnotator - 检测到Static Route未匹配，feedId=rapid-bus-mrtfeeder，snapshotUid=13c93148-8b94-42be-91ab-1307b2bf1698，vehicleId=VK2655，原始观测继续保存
2026-08-31 00:59:53.023 [mytransitgps-continuous-collector] WARN  c.m.persistence.service.JohorRealtimeQcAnnotator - 检测到Static Trip未匹配，feedId=rapid-bus-mrtfeeder，snapshotUid=13c93148-8b94-42be-91ab-1307b2bf1698，vehicleId=VK2655，原始观测继续保存
2026-08-31 00:59:53.023 [mytransitgps-continuous-collector] WARN  c.m.persistence.service.JohorRealtimeQcAnnotator - 检测到Static Route未匹配，feedId=rapid-bus-mrtfeeder，snapshotUid=13c93148-8b94-42be-91ab-1307b2bf1698，vehicleId=VK2684，原始观测继续保存
2026-08-31 00:59:53.023 [mytransitgps-continuous-collector] WARN  c.m.persistence.service.JohorRealtimeQcAnnotator - 检测到Static Trip未匹配，feedId=rapid-bus-mrtfeeder，snapshotUid=13c93148-8b94-42be-91ab-1307b2bf1698，vehicleId=VK2684，原始观测继续保存
2026-08-31 00:59:53.024 [mytransitgps-continuous-collector] WARN  c.m.persistence.service.JohorRealtimeQcAnnotator - 检测到Static Route未匹配，feedId=rapid-bus-mrtfeeder，snapshotUid=13c93148-8b94-42be-91ab-1307b2bf1698，vehicleId=VK6475，原始观测继续保存
2026-08-31 00:59:53.024 [mytransitgps-continuous-collector] WARN  c.m.persistence.service.JohorRealtimeQcAnnotator - 检测到Static Trip未匹配，feedId=rapid-bus-mrtfeeder，snapshotUid=13c93148-8b94-42be-91ab-1307b2bf1698，vehicleId=VK6475，原始观测继续保存
2026-08-31 00:59:53.024 [mytransitgps-continuous-collector] WARN  c.m.persistence.service.JohorRealtimeQcAnnotator - 检测到Static Route未匹配，feedId=rapid-bus-mrtfeeder，snapshotUid=13c93148-8b94-42be-91ab-1307b2bf1698，vehicleId=VM1879，原始观测继续保存
2026-08-31 00:59:53.024 [mytransitgps-continuous-collector] WARN  c.m.persistence.service.JohorRealtimeQcAnnotator - 检测到Static Trip未匹配，feedId=rapid-bus-mrtfeeder，snapshotUid=13c93148-8b94-42be-91ab-1307b2bf1698，vehicleId=VM1879，原始观测继续保存
2026-08-31 00:59:53.024 [mytransitgps-continuous-collector] WARN  c.m.persistence.service.JohorRealtimeQcAnnotator - 检测到Static Route未匹配，feedId=rapid-bus-mrtfeeder，snapshotUid=13c93148-8b94-42be-91ab-1307b2bf1698，vehicleId=VM2846，原始观测继续保存
2026-08-31 00:59:53.024 [mytransitgps-continuous-collector] WARN  c.m.persistence.service.JohorRealtimeQcAnnotator - 检测到Static Trip未匹配，feedId=rapid-bus-mrtfeeder，snapshotUid=13c93148-8b94-42be-91ab-1307b2bf1698，vehicleId=VM2846，原始观测继续保存
2026-08-31 00:59:53.024 [mytransitgps-continuous-collector] WARN  c.m.persistence.service.JohorRealtimeQcAnnotator - 检测到Static Route未匹配，feedId=rapid-bus-mrtfeeder，snapshotUid=13c93148-8b94-42be-91ab-1307b2bf1698，vehicleId=VX2890，原始观测继续保存
2026-08-31 00:59:53.024 [mytransitgps-continuous-collector] WARN  c.m.persistence.service.JohorRealtimeQcAnnotator - 检测到Static Trip未匹配，feedId=rapid-bus-mrtfeeder，snapshotUid=13c93148-8b94-42be-91ab-1307b2bf1698，vehicleId=VX2890，原始观测继续保存
2026-08-31 00:59:53.024 [mytransitgps-continuous-collector] WARN  c.m.persistence.service.JohorRealtimeQcAnnotator - 检测到Static Route未匹配，feedId=rapid-bus-mrtfeeder，snapshotUid=13c93148-8b94-42be-91ab-1307b2bf1698，vehicleId=VX3035，原始观测继续保存
2026-08-31 00:59:53.024 [mytransitgps-continuous-collector] WARN  c.m.persistence.service.JohorRealtimeQcAnnotator - 检测到Static Trip未匹配，feedId=rapid-bus-mrtfeeder，snapshotUid=13c93148-8b94-42be-91ab-1307b2bf1698，vehicleId=VX3035，原始观测继续保存
2026-08-31 01:01:04.985 [mytransitgps-continuous-collector] WARN  c.m.gtfs.service.RealtimeStaticEnrichmentService - Realtime Static补全存在未匹配项，城市=Kuching，feedId=mybas-kuching，routeUnresolved=1，tripUnmatched=1，原始Realtime实体继续保留
2026-08-31 01:01:04.985 [mytransitgps-continuous-collector] WARN  c.m.persistence.service.JohorRealtimeQcAnnotator - 检测到Static Route未匹配，feedId=mybas-kuching，snapshotUid=e6e08aaf-c706-42c0-8f33-705a58130683，vehicleId=MADANI2160，原始观测继续保存
2026-08-31 01:01:04.985 [mytransitgps-continuous-collector] WARN  c.m.persistence.service.JohorRealtimeQcAnnotator - 检测到Static Trip未匹配，feedId=mybas-kuching，snapshotUid=e6e08aaf-c706-42c0-8f33-705a58130683，vehicleId=MADANI2160，原始观测继续保存
2026-08-31 01:01:29.015 [mytransitgps-continuous-collector] WARN  c.m.gtfs.service.RealtimeStaticEnrichmentService - Realtime Static补全存在未匹配项，城市=Kuala Lumpur，feedId=rapid-bus-kl，routeUnresolved=0，tripUnmatched=1，原始Realtime实体继续保留
2026-08-31 01:01:29.015 [mytransitgps-continuous-collector] WARN  c.m.persistence.service.JohorRealtimeQcAnnotator - 检测到Static Trip未匹配，feedId=rapid-bus-kl，snapshotUid=f823821a-a7a4-4e09-9438-57e0ece21775，vehicleId=CDH8332，原始观测继续保存
2026-08-31 01:01:53.019 [mytransitgps-continuous-collector] WARN  c.m.gtfs.service.RealtimeStaticEnrichmentService - Realtime Static补全存在未匹配项，城市=Kuala Lumpur，feedId=rapid-bus-mrtfeeder，routeUnresolved=45，tripUnmatched=45，原始Realtime实体继续保留
2026-08-31 01:01:53.019 [mytransitgps-continuous-collector] WARN  c.m.persistence.service.JohorRealtimeQcAnnotator - 检测到Static Route未匹配，feedId=rapid-bus-mrtfeeder，snapshotUid=71f846db-92fa-4fe7-b8f1-37bacfdbbabd，vehicleId=VAC5746，原始观测继续保存
2026-08-31 01:01:53.019 [mytransitgps-continuous-collector] WARN  c.m.persistence.service.JohorRealtimeQcAnnotator - 检测到Static Trip未匹配，feedId=rapid-bus-mrtfeeder，snapshotUid=71f846db-92fa-4fe7-b8f1-37bacfdbbabd，vehicleId=VAC5746，原始观测继续保存
2026-08-31 01:01:53.019 [mytransitgps-continuous-collector] WARN  c.m.persistence.service.JohorRealtimeQcAnnotator - 检测到Static Route未匹配，feedId=rapid-bus-mrtfeeder，snapshotUid=71f846db-92fa-4fe7-b8f1-37bacfdbbabd，vehicleId=VAE7593，原始观测继续保存
2026-08-31 01:01:53.019 [mytransitgps-continuous-collector] WARN  c.m.persistence.service.JohorRealtimeQcAnnotator - 检测到Static Trip未匹配，feedId=rapid-bus-mrtfeeder，snapshotUid=71f846db-92fa-4fe7-b8f1-37bacfdbbabd，vehicleId=VAE7593，原始观测继续保存
2026-08-31 01:01:53.020 [mytransitgps-continuous-collector] WARN  c.m.persistence.service.JohorRealtimeQcAnnotator - 检测到Static Route未匹配，feedId=rapid-bus-mrtfeeder，snapshotUid=71f846db-92fa-4fe7-b8f1-37bacfdbbabd，vehicleId=VAF5439，原始观测继续保存
2026-08-31 01:01:53.020 [mytransitgps-continuous-collector] WARN  c.m.persistence.service.JohorRealtimeQcAnnotator - 检测到Static Trip未匹配，feedId=rapid-bus-mrtfeeder，snapshotUid=71f846db-92fa-4fe7-b8f1-37bacfdbbabd，vehicleId=VAF5439，原始观测继续保存
2026-08-31 01:01:53.020 [mytransitgps-continuous-collector] WARN  c.m.persistence.service.JohorRealtimeQcAnnotator - 检测到Static Route未匹配，feedId=rapid-bus-mrtfeeder，snapshotUid=71f846db-92fa-4fe7-b8f1-37bacfdbbabd，vehicleId=VAF5480，原始观测继续保存
2026-08-31 01:01:53.020 [mytransitgps-continuous-collector] WARN  c.m.persistence.service.JohorRealtimeQcAnnotator - 检测到Static Trip未匹配，feedId=rapid-bus-mrtfeeder，snapshotUid=71f846db-92fa-4fe7-b8f1-37bacfdbbabd，vehicleId=VAF5480，原始观测继续保存
2026-08-31 01:01:53.020 [mytransitgps-continuous-collector] WARN  c.m.persistence.service.JohorRealtimeQcAnnotator - 检测到Static Route未匹配，feedId=rapid-bus-mrtfeeder，snapshotUid=71f846db-92fa-4fe7-b8f1-37bacfdbbabd，vehicleId=VAF6417，原始观测继续保存
2026-08-31 01:01:53.020 [mytransitgps-continuous-collector] WARN  c.m.persistence.service.JohorRealtimeQcAnnotator - 检测到Static Trip未匹配，feedId=rapid-bus-mrtfeeder，snapshotUid=71f846db-92fa-4fe7-b8f1-37bacfdbbabd，vehicleId=VAF6417，原始观测继续保存
2026-08-31 01:01:53.020 [mytransitgps-continuous-collector] WARN  c.m.persistence.service.JohorRealtimeQcAnnotator - 检测到Static Route未匹配，feedId=rapid-bus-mrtfeeder，snapshotUid=71f846db-92fa-4fe7-b8f1-37bacfdbbabd，vehicleId=VAG4711，原始观测继续保存
2026-08-31 01:01:53.021 [mytransitgps-continuous-collector] WARN  c.m.persistence.service.JohorRealtimeQcAnnotator - 检测到Static Trip未匹配，feedId=rapid-bus-mrtfeeder，snapshotUid=71f846db-92fa-4fe7-b8f1-37bacfdbbabd，vehicleId=VAG4711，原始观测继续保存
2026-08-31 01:01:53.021 [mytransitgps-continuous-collector] WARN  c.m.persistence.service.JohorRealtimeQcAnnotator - 检测到Static Route未匹配，feedId=rapid-bus-mrtfeeder，snapshotUid=71f846db-92fa-4fe7-b8f1-37bacfdbbabd，vehicleId=VAG4725，原始观测继续保存
2026-08-31 01:01:53.021 [mytransitgps-continuous-collector] WARN  c.m.persistence.service.JohorRealtimeQcAnnotator - 检测到Static Trip未匹配，feedId=rapid-bus-mrtfeeder，snapshotUid=71f846db-92fa-4fe7-b8f1-37bacfdbbabd，vehicleId=VAG4725，原始观测继续保存
2026-08-31 01:01:53.021 [mytransitgps-continuous-collector] WARN  c.m.persistence.service.JohorRealtimeQcAnnotator - 检测到Static Route未匹配，feedId=rapid-bus-mrtfeeder，snapshotUid=71f846db-92fa-4fe7-b8f1-37bacfdbbabd，vehicleId=VAG4750，原始观测继续保存
2026-08-31 01:01:53.021 [mytransitgps-continuous-collector] WARN  c.m.persistence.service.JohorRealtimeQcAnnotator - 检测到Static Trip未匹配，feedId=rapid-bus-mrtfeeder，snapshotUid=71f846db-92fa-4fe7-b8f1-37bacfdbbabd，vehicleId=VAG4750，原始观测继续保存
2026-08-31 01:01:53.021 [mytransitgps-continuous-collector] WARN  c.m.persistence.service.JohorRealtimeQcAnnotator - 检测到Static Route未匹配，feedId=rapid-bus-mrtfeeder，snapshotUid=71f846db-92fa-4fe7-b8f1-37bacfdbbabd，vehicleId=VAG4871，原始观测继续保存
2026-08-31 01:01:53.021 [mytransitgps-continuous-collector] WARN  c.m.persistence.service.JohorRealtimeQcAnnotator - 检测到Static Trip未匹配，feedId=rapid-bus-mrtfeeder，snapshotUid=71f846db-92fa-4fe7-b8f1-37bacfdbbabd，vehicleId=VAG4871，原始观测继续保存
2026-08-31 01:01:53.021 [mytransitgps-continuous-collector] WARN  c.m.persistence.service.JohorRealtimeQcAnnotator - 检测到Static Route未匹配，feedId=rapid-bus-mrtfeeder，snapshotUid=71f846db-92fa-4fe7-b8f1-37bacfdbbabd，vehicleId=VAG8049，原始观测继续保存
2026-08-31 01:01:53.021 [mytransitgps-continuous-collector] WARN  c.m.persistence.service.JohorRealtimeQcAnnotator - 检测到Static Trip未匹配，feedId=rapid-bus-mrtfeeder，snapshotUid=71f846db-92fa-4fe7-b8f1-37bacfdbbabd，vehicleId=VAG8049，原始观测继续保存
2026-08-31 01:01:53.022 [mytransitgps-continuous-collector] WARN  c.m.persistence.service.JohorRealtimeQcAnnotator - 检测到Static Route未匹配，feedId=rapid-bus-mrtfeeder，snapshotUid=71f846db-92fa-4fe7-b8f1-37bacfdbbabd，vehicleId=VAG8054，原始观测继续保存
2026-08-31 01:01:53.022 [mytransitgps-continuous-collector] WARN  c.m.persistence.service.JohorRealtimeQcAnnotator - 检测到Static Trip未匹配，feedId=rapid-bus-mrtfeeder，snapshotUid=71f846db-92fa-4fe7-b8f1-37bacfdbbabd，vehicleId=VAG8054，原始观测继续保存
2026-08-31 01:01:53.022 [mytransitgps-continuous-collector] WARN  c.m.persistence.service.JohorRealtimeQcAnnotator - 检测到Static Route未匹配，feedId=rapid-bus-mrtfeeder，snapshotUid=71f846db-92fa-4fe7-b8f1-37bacfdbbabd，vehicleId=VAH9043，原始观测继续保存
2026-08-31 01:01:53.022 [mytransitgps-continuous-collector] WARN  c.m.persistence.service.JohorRealtimeQcAnnotator - 检测到Static Trip未匹配，feedId=rapid-bus-mrtfeeder，snapshotUid=71f846db-92fa-4fe7-b8f1-37bacfdbbabd，vehicleId=VAH9043，原始观测继续保存
2026-08-31 01:01:53.022 [mytransitgps-continuous-collector] WARN  c.m.persistence.service.JohorRealtimeQcAnnotator - 检测到Static Route未匹配，feedId=rapid-bus-mrtfeeder，snapshotUid=71f846db-92fa-4fe7-b8f1-37bacfdbbabd，vehicleId=VAH9045，原始观测继续保存
2026-08-31 01:01:53.022 [mytransitgps-continuous-collector] WARN  c.m.persistence.service.JohorRealtimeQcAnnotator - 检测到Static Trip未匹配，feedId=rapid-bus-mrtfeeder，snapshotUid=71f846db-92fa-4fe7-b8f1-37bacfdbbabd，vehicleId=VAH9045，原始观测继续保存
2026-08-31 01:01:53.022 [mytransitgps-continuous-collector] WARN  c.m.persistence.service.JohorRealtimeQcAnnotator - 检测到Static Route未匹配，feedId=rapid-bus-mrtfeeder，snapshotUid=71f846db-92fa-4fe7-b8f1-37bacfdbbabd，vehicleId=VAJ2850，原始观测继续保存
2026-08-31 01:01:53.022 [mytransitgps-continuous-collector] WARN  c.m.persistence.service.JohorRealtimeQcAnnotator - 检测到Static Trip未匹配，feedId=rapid-bus-mrtfeeder，snapshotUid=71f846db-92fa-4fe7-b8f1-37bacfdbbabd，vehicleId=VAJ2850，原始观测继续保存
2026-08-31 01:01:53.022 [mytransitgps-continuous-collector] WARN  c.m.persistence.service.JohorRealtimeQcAnnotator - 检测到Static Route未匹配，feedId=rapid-bus-mrtfeeder，snapshotUid=71f846db-92fa-4fe7-b8f1-37bacfdbbabd，vehicleId=VAJ2857，原始观测继续保存
2026-08-31 01:01:53.023 [mytransitgps-continuous-collector] WARN  c.m.persistence.service.JohorRealtimeQcAnnotator - 检测到Static Trip未匹配，feedId=rapid-bus-mrtfeeder，snapshotUid=71f846db-92fa-4fe7-b8f1-37bacfdbbabd，vehicleId=VAJ2857，原始观测继续保存
2026-08-31 01:01:53.023 [mytransitgps-continuous-collector] WARN  c.m.persistence.service.JohorRealtimeQcAnnotator - 检测到Static Route未匹配，feedId=rapid-bus-mrtfeeder，snapshotUid=71f846db-92fa-4fe7-b8f1-37bacfdbbabd，vehicleId=VAJ2875，原始观测继续保存
2026-08-31 01:01:53.023 [mytransitgps-continuous-collector] WARN  c.m.persistence.service.JohorRealtimeQcAnnotator - 检测到Static Trip未匹配，feedId=rapid-bus-mrtfeeder，snapshotUid=71f846db-92fa-4fe7-b8f1-37bacfdbbabd，vehicleId=VAJ2875，原始观测继续保存
2026-08-31 01:01:53.023 [mytransitgps-continuous-collector] WARN  c.m.persistence.service.JohorRealtimeQcAnnotator - 检测到Static Route未匹配，feedId=rapid-bus-mrtfeeder，snapshotUid=71f846db-92fa-4fe7-b8f1-37bacfdbbabd，vehicleId=VAL4552，原始观测继续保存
2026-08-31 01:01:53.023 [mytransitgps-continuous-collector] WARN  c.m.persistence.service.JohorRealtimeQcAnnotator - 检测到Static Trip未匹配，feedId=rapid-bus-mrtfeeder，snapshotUid=71f846db-92fa-4fe7-b8f1-37bacfdbbabd，vehicleId=VAL4552，原始观测继续保存
2026-08-31 01:01:53.023 [mytransitgps-continuous-collector] WARN  c.m.persistence.service.JohorRealtimeQcAnnotator - 检测到Future Timestamp，feedId=rapid-bus-mrtfeeder，snapshotUid=71f846db-92fa-4fe7-b8f1-37bacfdbbabd，vehicleId=VAL4552，vehicleTime=1886017556，原始时间戳继续保存
2026-08-31 01:01:53.023 [mytransitgps-continuous-collector] WARN  c.m.persistence.service.JohorRealtimeQcAnnotator - 检测到Static Route未匹配，feedId=rapid-bus-mrtfeeder，snapshotUid=71f846db-92fa-4fe7-b8f1-37bacfdbbabd，vehicleId=VG6514，原始观测继续保存
2026-08-31 01:01:53.023 [mytransitgps-continuous-collector] WARN  c.m.persistence.service.JohorRealtimeQcAnnotator - 检测到Static Trip未匹配，feedId=rapid-bus-mrtfeeder，snapshotUid=71f846db-92fa-4fe7-b8f1-37bacfdbbabd，vehicleId=VG6514，原始观测继续保存
2026-08-31 01:01:53.023 [mytransitgps-continuous-collector] WARN  c.m.persistence.service.JohorRealtimeQcAnnotator - 检测到Static Route未匹配，feedId=rapid-bus-mrtfeeder，snapshotUid=71f846db-92fa-4fe7-b8f1-37bacfdbbabd，vehicleId=VG8591，原始观测继续保存
2026-08-31 01:01:53.023 [mytransitgps-continuous-collector] WARN  c.m.persistence.service.JohorRealtimeQcAnnotator - 检测到Static Trip未匹配，feedId=rapid-bus-mrtfeeder，snapshotUid=71f846db-92fa-4fe7-b8f1-37bacfdbbabd，vehicleId=VG8591，原始观测继续保存
2026-08-31 01:01:53.023 [mytransitgps-continuous-collector] WARN  c.m.persistence.service.JohorRealtimeQcAnnotator - 检测到Static Route未匹配，feedId=rapid-bus-mrtfeeder，snapshotUid=71f846db-92fa-4fe7-b8f1-37bacfdbbabd，vehicleId=VG8630，原始观测继续保存
2026-08-31 01:01:53.023 [mytransitgps-continuous-collector] WARN  c.m.persistence.service.JohorRealtimeQcAnnotator - 检测到Static Trip未匹配，feedId=rapid-bus-mrtfeeder，snapshotUid=71f846db-92fa-4fe7-b8f1-37bacfdbbabd，vehicleId=VG8630，原始观测继续保存
2026-08-31 01:01:53.024 [mytransitgps-continuous-collector] WARN  c.m.persistence.service.JohorRealtimeQcAnnotator - 检测到Static Route未匹配，feedId=rapid-bus-mrtfeeder，snapshotUid=71f846db-92fa-4fe7-b8f1-37bacfdbbabd，vehicleId=VG8742，原始观测继续保存
2026-08-31 01:01:53.024 [mytransitgps-continuous-collector] WARN  c.m.persistence.service.JohorRealtimeQcAnnotator - 检测到Static Trip未匹配，feedId=rapid-bus-mrtfeeder，snapshotUid=71f846db-92fa-4fe7-b8f1-37bacfdbbabd，vehicleId=VG8742，原始观测继续保存
2026-08-31 01:01:53.024 [mytransitgps-continuous-collector] WARN  c.m.persistence.service.JohorRealtimeQcAnnotator - 检测到Static Route未匹配，feedId=rapid-bus-mrtfeeder，snapshotUid=71f846db-92fa-4fe7-b8f1-37bacfdbbabd，vehicleId=VH1373，原始观测继续保存
2026-08-31 01:01:53.024 [mytransitgps-continuous-collector] WARN  c.m.persistence.service.JohorRealtimeQcAnnotator - 检测到Static Trip未匹配，feedId=rapid-bus-mrtfeeder，snapshotUid=71f846db-92fa-4fe7-b8f1-37bacfdbbabd，vehicleId=VH1373，原始观测继续保存
2026-08-31 01:01:53.024 [mytransitgps-continuous-collector] WARN  c.m.persistence.service.JohorRealtimeQcAnnotator - 检测到Static Route未匹配，feedId=rapid-bus-mrtfeeder，snapshotUid=71f846db-92fa-4fe7-b8f1-37bacfdbbabd，vehicleId=VH1579，原始观测继续保存
2026-08-31 01:01:53.024 [mytransitgps-continuous-collector] WARN  c.m.persistence.service.JohorRealtimeQcAnnotator - 检测到Static Trip未匹配，feedId=rapid-bus-mrtfeeder，snapshotUid=71f846db-92fa-4fe7-b8f1-37bacfdbbabd，vehicleId=VH1579，原始观测继续保存
2026-08-31 01:01:53.024 [mytransitgps-continuous-collector] WARN  c.m.persistence.service.JohorRealtimeQcAnnotator - 检测到Static Route未匹配，feedId=rapid-bus-mrtfeeder，snapshotUid=71f846db-92fa-4fe7-b8f1-37bacfdbbabd，vehicleId=VH2049，原始观测继续保存
2026-08-31 01:01:53.024 [mytransitgps-continuous-collector] WARN  c.m.persistence.service.JohorRealtimeQcAnnotator - 检测到Static Trip未匹配，feedId=rapid-bus-mrtfeeder，snapshotUid=71f846db-92fa-4fe7-b8f1-37bacfdbbabd，vehicleId=VH2049，原始观测继续保存
2026-08-31 01:01:53.024 [mytransitgps-continuous-collector] WARN  c.m.persistence.service.JohorRealtimeQcAnnotator - 检测到Static Route未匹配，feedId=rapid-bus-mrtfeeder，snapshotUid=71f846db-92fa-4fe7-b8f1-37bacfdbbabd，vehicleId=VH2057，原始观测继续保存
2026-08-31 01:01:53.024 [mytransitgps-continuous-collector] WARN  c.m.persistence.service.JohorRealtimeQcAnnotator - 检测到Static Trip未匹配，feedId=rapid-bus-mrtfeeder，snapshotUid=71f846db-92fa-4fe7-b8f1-37bacfdbbabd，vehicleId=VH2057，原始观测继续保存
2026-08-31 01:01:53.024 [mytransitgps-continuous-collector] WARN  c.m.persistence.service.JohorRealtimeQcAnnotator - 检测到Static Route未匹配，feedId=rapid-bus-mrtfeeder，snapshotUid=71f846db-92fa-4fe7-b8f1-37bacfdbbabd，vehicleId=VH2059，原始观测继续保存
2026-08-31 01:01:53.025 [mytransitgps-continuous-collector] WARN  c.m.persistence.service.JohorRealtimeQcAnnotator - 检测到Static Trip未匹配，feedId=rapid-bus-mrtfeeder，snapshotUid=71f846db-92fa-4fe7-b8f1-37bacfdbbabd，vehicleId=VH2059，原始观测继续保存
2026-08-31 01:01:53.025 [mytransitgps-continuous-collector] WARN  c.m.persistence.service.JohorRealtimeQcAnnotator - 检测到Static Route未匹配，feedId=rapid-bus-mrtfeeder，snapshotUid=71f846db-92fa-4fe7-b8f1-37bacfdbbabd，vehicleId=VH2494，原始观测继续保存
2026-08-31 01:01:53.025 [mytransitgps-continuous-collector] WARN  c.m.persistence.service.JohorRealtimeQcAnnotator - 检测到Static Trip未匹配，feedId=rapid-bus-mrtfeeder，snapshotUid=71f846db-92fa-4fe7-b8f1-37bacfdbbabd，vehicleId=VH2494，原始观测继续保存
2026-08-31 01:01:53.025 [mytransitgps-continuous-collector] WARN  c.m.persistence.service.JohorRealtimeQcAnnotator - 检测到Static Route未匹配，feedId=rapid-bus-mrtfeeder，snapshotUid=71f846db-92fa-4fe7-b8f1-37bacfdbbabd，vehicleId=VH2549，原始观测继续保存
2026-08-31 01:01:53.025 [mytransitgps-continuous-collector] WARN  c.m.persistence.service.JohorRealtimeQcAnnotator - 检测到Static Trip未匹配，feedId=rapid-bus-mrtfeeder，snapshotUid=71f846db-92fa-4fe7-b8f1-37bacfdbbabd，vehicleId=VH2549，原始观测继续保存
2026-08-31 01:01:53.025 [mytransitgps-continuous-collector] WARN  c.m.persistence.service.JohorRealtimeQcAnnotator - 检测到Static Route未匹配，feedId=rapid-bus-mrtfeeder，snapshotUid=71f846db-92fa-4fe7-b8f1-37bacfdbbabd，vehicleId=VH3593，原始观测继续保存
2026-08-31 01:01:53.025 [mytransitgps-continuous-collector] WARN  c.m.persistence.service.JohorRealtimeQcAnnotator - 检测到Static Trip未匹配，feedId=rapid-bus-mrtfeeder，snapshotUid=71f846db-92fa-4fe7-b8f1-37bacfdbbabd，vehicleId=VH3593，原始观测继续保存
2026-08-31 01:01:53.025 [mytransitgps-continuous-collector] WARN  c.m.persistence.service.JohorRealtimeQcAnnotator - 检测到Static Route未匹配，feedId=rapid-bus-mrtfeeder，snapshotUid=71f846db-92fa-4fe7-b8f1-37bacfdbbabd，vehicleId=VH3982，原始观测继续保存
2026-08-31 01:01:53.025 [mytransitgps-continuous-collector] WARN  c.m.persistence.service.JohorRealtimeQcAnnotator - 检测到Static Trip未匹配，feedId=rapid-bus-mrtfeeder，snapshotUid=71f846db-92fa-4fe7-b8f1-37bacfdbbabd，vehicleId=VH3982，原始观测继续保存
2026-08-31 01:01:53.025 [mytransitgps-continuous-collector] WARN  c.m.persistence.service.JohorRealtimeQcAnnotator - 检测到Static Route未匹配，feedId=rapid-bus-mrtfeeder，snapshotUid=71f846db-92fa-4fe7-b8f1-37bacfdbbabd，vehicleId=VH4037，原始观测继续保存
2026-08-31 01:01:53.025 [mytransitgps-continuous-collector] WARN  c.m.persistence.service.JohorRealtimeQcAnnotator - 检测到Static Trip未匹配，feedId=rapid-bus-mrtfeeder，snapshotUid=71f846db-92fa-4fe7-b8f1-37bacfdbbabd，vehicleId=VH4037，原始观测继续保存
2026-08-31 01:01:53.026 [mytransitgps-continuous-collector] WARN  c.m.persistence.service.JohorRealtimeQcAnnotator - 检测到Static Route未匹配，feedId=rapid-bus-mrtfeeder，snapshotUid=71f846db-92fa-4fe7-b8f1-37bacfdbbabd，vehicleId=VH4069，原始观测继续保存
2026-08-31 01:01:53.026 [mytransitgps-continuous-collector] WARN  c.m.persistence.service.JohorRealtimeQcAnnotator - 检测到Static Trip未匹配，feedId=rapid-bus-mrtfeeder，snapshotUid=71f846db-92fa-4fe7-b8f1-37bacfdbbabd，vehicleId=VH4069，原始观测继续保存
2026-08-31 01:01:53.026 [mytransitgps-continuous-collector] WARN  c.m.persistence.service.JohorRealtimeQcAnnotator - 检测到车辆位置异常，feedId=rapid-bus-mrtfeeder，snapshotUid=71f846db-92fa-4fe7-b8f1-37bacfdbbabd，vehicleId=VH4069，status=ZERO_ZERO_POSITION，原始经纬度继续保存
2026-08-31 01:01:53.026 [mytransitgps-continuous-collector] WARN  c.m.persistence.service.JohorRealtimeQcAnnotator - 检测到Static Route未匹配，feedId=rapid-bus-mrtfeeder，snapshotUid=71f846db-92fa-4fe7-b8f1-37bacfdbbabd，vehicleId=VH4108，原始观测继续保存
2026-08-31 01:01:53.026 [mytransitgps-continuous-collector] WARN  c.m.persistence.service.JohorRealtimeQcAnnotator - 检测到Static Trip未匹配，feedId=rapid-bus-mrtfeeder，snapshotUid=71f846db-92fa-4fe7-b8f1-37bacfdbbabd，vehicleId=VH4108，原始观测继续保存
2026-08-31 01:01:53.026 [mytransitgps-continuous-collector] WARN  c.m.persistence.service.JohorRealtimeQcAnnotator - 检测到Static Route未匹配，feedId=rapid-bus-mrtfeeder，snapshotUid=71f846db-92fa-4fe7-b8f1-37bacfdbbabd，vehicleId=VH4268，原始观测继续保存
2026-08-31 01:01:53.026 [mytransitgps-continuous-collector] WARN  c.m.persistence.service.JohorRealtimeQcAnnotator - 检测到Static Trip未匹配，feedId=rapid-bus-mrtfeeder，snapshotUid=71f846db-92fa-4fe7-b8f1-37bacfdbbabd，vehicleId=VH4268，原始观测继续保存
2026-08-31 01:01:53.026 [mytransitgps-continuous-collector] WARN  c.m.persistence.service.JohorRealtimeQcAnnotator - 检测到Static Route未匹配，feedId=rapid-bus-mrtfeeder，snapshotUid=71f846db-92fa-4fe7-b8f1-37bacfdbbabd，vehicleId=VH4307，原始观测继续保存
2026-08-31 01:01:53.026 [mytransitgps-continuous-collector] WARN  c.m.persistence.service.JohorRealtimeQcAnnotator - 检测到Static Trip未匹配，feedId=rapid-bus-mrtfeeder，snapshotUid=71f846db-92fa-4fe7-b8f1-37bacfdbbabd，vehicleId=VH4307，原始观测继续保存
2026-08-31 01:01:53.026 [mytransitgps-continuous-collector] WARN  c.m.persistence.service.JohorRealtimeQcAnnotator - 检测到Static Route未匹配，feedId=rapid-bus-mrtfeeder，snapshotUid=71f846db-92fa-4fe7-b8f1-37bacfdbbabd，vehicleId=VH4683，原始观测继续保存
2026-08-31 01:01:53.026 [mytransitgps-continuous-collector] WARN  c.m.persistence.service.JohorRealtimeQcAnnotator - 检测到Static Trip未匹配，feedId=rapid-bus-mrtfeeder，snapshotUid=71f846db-92fa-4fe7-b8f1-37bacfdbbabd，vehicleId=VH4683，原始观测继续保存
2026-08-31 01:01:53.027 [mytransitgps-continuous-collector] WARN  c.m.persistence.service.JohorRealtimeQcAnnotator - 检测到Static Route未匹配，feedId=rapid-bus-mrtfeeder，snapshotUid=71f846db-92fa-4fe7-b8f1-37bacfdbbabd，vehicleId=VH4930，原始观测继续保存
2026-08-31 01:01:53.027 [mytransitgps-continuous-collector] WARN  c.m.persistence.service.JohorRealtimeQcAnnotator - 检测到Static Trip未匹配，feedId=rapid-bus-mrtfeeder，snapshotUid=71f846db-92fa-4fe7-b8f1-37bacfdbbabd，vehicleId=VH4930，原始观测继续保存
2026-08-31 01:01:53.027 [mytransitgps-continuous-collector] WARN  c.m.persistence.service.JohorRealtimeQcAnnotator - 检测到Static Route未匹配，feedId=rapid-bus-mrtfeeder，snapshotUid=71f846db-92fa-4fe7-b8f1-37bacfdbbabd，vehicleId=VH4985，原始观测继续保存
2026-08-31 01:01:53.027 [mytransitgps-continuous-collector] WARN  c.m.persistence.service.JohorRealtimeQcAnnotator - 检测到Static Trip未匹配，feedId=rapid-bus-mrtfeeder，snapshotUid=71f846db-92fa-4fe7-b8f1-37bacfdbbabd，vehicleId=VH4985，原始观测继续保存
2026-08-31 01:01:53.027 [mytransitgps-continuous-collector] WARN  c.m.persistence.service.JohorRealtimeQcAnnotator - 检测到Static Route未匹配，feedId=rapid-bus-mrtfeeder，snapshotUid=71f846db-92fa-4fe7-b8f1-37bacfdbbabd，vehicleId=VK2655，原始观测继续保存
2026-08-31 01:01:53.027 [mytransitgps-continuous-collector] WARN  c.m.persistence.service.JohorRealtimeQcAnnotator - 检测到Static Trip未匹配，feedId=rapid-bus-mrtfeeder，snapshotUid=71f846db-92fa-4fe7-b8f1-37bacfdbbabd，vehicleId=VK2655，原始观测继续保存
2026-08-31 01:01:53.027 [mytransitgps-continuous-collector] WARN  c.m.persistence.service.JohorRealtimeQcAnnotator - 检测到Static Route未匹配，feedId=rapid-bus-mrtfeeder，snapshotUid=71f846db-92fa-4fe7-b8f1-37bacfdbbabd，vehicleId=VK2684，原始观测继续保存
2026-08-31 01:01:53.027 [mytransitgps-continuous-collector] WARN  c.m.persistence.service.JohorRealtimeQcAnnotator - 检测到Static Trip未匹配，feedId=rapid-bus-mrtfeeder，snapshotUid=71f846db-92fa-4fe7-b8f1-37bacfdbbabd，vehicleId=VK2684，原始观测继续保存
2026-08-31 01:01:53.027 [mytransitgps-continuous-collector] WARN  c.m.persistence.service.JohorRealtimeQcAnnotator - 检测到Static Route未匹配，feedId=rapid-bus-mrtfeeder，snapshotUid=71f846db-92fa-4fe7-b8f1-37bacfdbbabd，vehicleId=VK6475，原始观测继续保存
2026-08-31 01:01:53.027 [mytransitgps-continuous-collector] WARN  c.m.persistence.service.JohorRealtimeQcAnnotator - 检测到Static Trip未匹配，feedId=rapid-bus-mrtfeeder，snapshotUid=71f846db-92fa-4fe7-b8f1-37bacfdbbabd，vehicleId=VK6475，原始观测继续保存
2026-08-31 01:01:53.028 [mytransitgps-continuous-collector] WARN  c.m.persistence.service.JohorRealtimeQcAnnotator - 检测到Static Route未匹配，feedId=rapid-bus-mrtfeeder，snapshotUid=71f846db-92fa-4fe7-b8f1-37bacfdbbabd，vehicleId=VM1879，原始观测继续保存
2026-08-31 01:01:53.028 [mytransitgps-continuous-collector] WARN  c.m.persistence.service.JohorRealtimeQcAnnotator - 检测到Static Trip未匹配，feedId=rapid-bus-mrtfeeder，snapshotUid=71f846db-92fa-4fe7-b8f1-37bacfdbbabd，vehicleId=VM1879，原始观测继续保存
2026-08-31 01:01:53.028 [mytransitgps-continuous-collector] WARN  c.m.persistence.service.JohorRealtimeQcAnnotator - 检测到Static Route未匹配，feedId=rapid-bus-mrtfeeder，snapshotUid=71f846db-92fa-4fe7-b8f1-37bacfdbbabd，vehicleId=VM2846，原始观测继续保存
2026-08-31 01:01:53.028 [mytransitgps-continuous-collector] WARN  c.m.persistence.service.JohorRealtimeQcAnnotator - 检测到Static Trip未匹配，feedId=rapid-bus-mrtfeeder，snapshotUid=71f846db-92fa-4fe7-b8f1-37bacfdbbabd，vehicleId=VM2846，原始观测继续保存
2026-08-31 01:01:53.028 [mytransitgps-continuous-collector] WARN  c.m.persistence.service.JohorRealtimeQcAnnotator - 检测到Static Route未匹配，feedId=rapid-bus-mrtfeeder，snapshotUid=71f846db-92fa-4fe7-b8f1-37bacfdbbabd，vehicleId=VX2890，原始观测继续保存
2026-08-31 01:01:53.028 [mytransitgps-continuous-collector] WARN  c.m.persistence.service.JohorRealtimeQcAnnotator - 检测到Static Trip未匹配，feedId=rapid-bus-mrtfeeder，snapshotUid=71f846db-92fa-4fe7-b8f1-37bacfdbbabd，vehicleId=VX2890，原始观测继续保存
2026-08-31 01:01:53.028 [mytransitgps-continuous-collector] WARN  c.m.persistence.service.JohorRealtimeQcAnnotator - 检测到Static Route未匹配，feedId=rapid-bus-mrtfeeder，snapshotUid=71f846db-92fa-4fe7-b8f1-37bacfdbbabd，vehicleId=VX3035，原始观测继续保存
2026-08-31 01:01:53.028 [mytransitgps-continuous-collector] WARN  c.m.persistence.service.JohorRealtimeQcAnnotator - 检测到Static Trip未匹配，feedId=rapid-bus-mrtfeeder，snapshotUid=71f846db-92fa-4fe7-b8f1-37bacfdbbabd，vehicleId=VX3035，原始观测继续保存
2026-08-31 01:08:34.174 [mytransitgps-continuous-collector] WARN  c.m.gtfs.service.RealtimeStaticEnrichmentService - Realtime Static补全存在未匹配项，城市=Kuching，feedId=mybas-kuching，routeUnresolved=1，tripUnmatched=1，原始Realtime实体继续保留
2026-08-31 01:08:34.174 [mytransitgps-continuous-collector] WARN  c.m.persistence.service.JohorRealtimeQcAnnotator - 检测到Static Route未匹配，feedId=mybas-kuching，snapshotUid=edf43549-e16c-46c0-89f1-37bae8001dde，vehicleId=MADANI2160，原始观测继续保存
2026-08-31 01:08:34.174 [mytransitgps-continuous-collector] WARN  c.m.persistence.service.JohorRealtimeQcAnnotator - 检测到Static Trip未匹配，feedId=mybas-kuching，snapshotUid=edf43549-e16c-46c0-89f1-37bae8001dde，vehicleId=MADANI2160，原始观测继续保存
2026-08-31 01:11:38.409 [main] WARN  o.mybatis.spring.mapper.ClassPathMapperScanner - No MyBatis mapper was found in '[com.mytransitgps]' package. Please check your configuration.
2026-08-31 01:11:39.163 [main] WARN  o.mybatis.spring.mapper.ClassPathMapperScanner - No MyBatis mapper was found in '[com.mytransitgps]' package. Please check your configuration.
2026-08-31 01:36:53.387 [main] WARN  c.m.modules.ciq.client.LtaTrafficSpeedClient - LTA AccountKey未配置；CIQ客户端将拒绝发送HTTP请求
2026-08-31 01:36:58.943 [main] WARN  o.mybatis.spring.mapper.ClassPathMapperScanner - No MyBatis mapper was found in '[com.mytransitgps]' package. Please check your configuration.
2026-08-31 01:36:59.560 [main] WARN  o.mybatis.spring.mapper.ClassPathMapperScanner - No MyBatis mapper was found in '[com.mytransitgps]' package. Please check your configuration.
2026-08-31 01:38:10.195 [main] WARN  c.m.modules.ciq.client.LtaTrafficSpeedClient - LTA AccountKey未配置；CIQ客户端将拒绝发送HTTP请求
2026-08-31 01:38:15.170 [main] WARN  o.mybatis.spring.mapper.ClassPathMapperScanner - No MyBatis mapper was found in '[com.mytransitgps]' package. Please check your configuration.
2026-08-31 01:38:15.760 [main] WARN  o.mybatis.spring.mapper.ClassPathMapperScanner - No MyBatis mapper was found in '[com.mytransitgps]' package. Please check your configuration.
2026-08-31 12:17:57.709 [mytransitgps-continuous-collector] WARN  c.m.gtfs.service.RealtimeStaticEnrichmentService - Realtime Static补全存在未匹配项，城市=Kuching，feedId=mybas-kuching，routeUnresolved=1，tripUnmatched=1，原始Realtime实体继续保留
2026-08-31 12:17:57.710 [mytransitgps-continuous-collector] WARN  c.m.persistence.service.JohorRealtimeQcAnnotator - 检测到Static Route未匹配，feedId=mybas-kuching，snapshotUid=70cb4670-2f32-4239-a1e9-e6a725b85aa3，vehicleId=MADANI1135，原始观测继续保存
2026-08-31 12:17:57.710 [mytransitgps-continuous-collector] WARN  c.m.persistence.service.JohorRealtimeQcAnnotator - 检测到Static Trip未匹配，feedId=mybas-kuching，snapshotUid=70cb4670-2f32-4239-a1e9-e6a725b85aa3，vehicleId=MADANI1135，原始观测继续保存
2026-08-31 12:19:43.673 [main] WARN  o.mybatis.spring.mapper.ClassPathMapperScanner - No MyBatis mapper was found in '[com.mytransitgps]' package. Please check your configuration.
2026-08-31 12:19:44.749 [main] WARN  o.mybatis.spring.mapper.ClassPathMapperScanner - No MyBatis mapper was found in '[com.mytransitgps]' package. Please check your configuration.
2026-08-31 16:06:45.110 [main] WARN  o.mybatis.spring.mapper.ClassPathMapperScanner - No MyBatis mapper was found in '[com.mytransitgps]' package. Please check your configuration.
2026-08-31 16:06:45.825 [main] WARN  o.mybatis.spring.mapper.ClassPathMapperScanner - No MyBatis mapper was found in '[com.mytransitgps]' package. Please check your configuration.
